Date;Time;CO(GT);PT08.S1(CO);NMHC(GT);C6H6(GT);PT08.S2(NMHC);NOx(GT);PT08.S3(NOx);NO2(GT);PT08.S4(NO2);PT08.S5(O3);T;RH;AH
10/03/2004;18.00.00;6,2;2040,0;-200,0;18,6;1178,89;404,0;1562,99;174,0;1891,62;1336,14;15,73;49,51;0,6693
10/03/2004;19.00.00;3,6;1749,29;485,0;18,7;1169,09;560,0;1555,82;256,0;2223,92;1826,78;13,43;47,52;0,4923
10/03/2004;20.00.00;-200,0;1633,76;-200,0;22,0;1324,5;336,0;1660,52;-200,0;2664,13;2260,74;13,79;55,38;0,6466
10/03/2004;21.00.00;3,3;1660,3;275,0;14,5;1011,77;582,0;1568,43;104,0;1619,6;937,42;14,25;65,62;0,7432
10/03/2004;22.00.00;1,3;1193,93;313,0;4,7;604,88;149,0;1925,71;42,0;1286,46;605,89;9,44;70,22;0,7162
10/03/2004;23.00.00;0,7;1012,57;57,0;6,0;671,7;142,0;1981,35;91,0;1469,79;872,42;8,24;67,35;0,5322
11/03/2004;00.00.00;0,7;898,73;89,0;2,8;549,16;123,0;2105,7;36,0;1303,92;503,01;11,0;71,71;0,742
11/03/2004;01.00.00;-200,0;1133,3;-200,0;-200,0;950,48;181,0;1970,08;50,0;1273,62;699,29;8,58;79,42;0,6579
11/03/2004;02.00.00;-200,0;1300,62;88,0;5,4;649,88;-200,0;1799,56;94,0;1418,13;806,59;5,61;68,16;0,4514
11/03/2004;03.00.00;1,6;1181,75;77,0;11,2;904,35;248,0;1942,14;105,0;1521,91;887,05;7,46;74,67;0,5005
11/03/2004;04.00.00;2,2;1384,27;341,0;9,2;804,65;447,0;1681,28;-200,0;1336,23;561,45;5,62;82,35;0,6128
11/03/2004;05.00.00;1,2;1076,77;258,0;10,6;867,88;334,0;1789,51;96,0;1491,77;900,59;6,11;78,75;0,6408
11/03/2004;06.00.00;-200,0;1173,02;262,0;7,8;743,43;341,0;1872,67;177,0;1887,37;1417,96;8,32;72,86;0,5691
11/03/2004;07.00.00;-200,0;2040,0;318,0;24,6;1421,47;558,0;1363,55;-200,0;2454,75;2333,56;5,05;59,75;0,3301
11/03/2004;08.00.00;7,4;2040,0;454,0;24,8;1427,43;-200,0;1632,97;-200,0;1836,37;1340,42;6,63;62,69;0,5143
11/03/2004;09.00.00;6,3;2040,0;555,0;29,3;1584,03;562,0;1378,45;340,0;2514,53;2273,18;10,25;55,33;0,4458
11/03/2004;10.00.00;-200,0;1535,98;567,0;17,6;1142,56;469,0;1592,51;162,0;1876,98;1213,86;10,64;55,28;0,6018
11/03/2004;11.00.00;2,5;1444,77;166,0;13,4;968,09;407,0;1661,15;197,0;1944,34;1424,51;14,5;45,23;0,5173
11/03/2004;12.00.00;2,2;1338,34;186,0;7,4;711,69;268,0;1849,39;83,0;1388,04;917,59;13,09;40,42;0,4058
11/03/2004;13.00.00;3,3;1601,55;137,0;8,8;791,42;277,0;1802,99;97,0;1378,3;891,53;12,88;32,37;0,3766
11/03/2004;14.00.00;2,2;1337,29;95,0;7,3;709,71;125,0;2012,39;109,0;1633,75;1020,68;19,14;47,0;0,72
11/03/2004;15.00.00;2,2;-200,0;109,0;6,3;-200,0;-200,0;-200,0;125,0;-200,0;-200,0;-200,0;-200,0;-200,0
11/03/2004;16.00.00;2,0;1271,15;179,0;10,1;828,98;-200,0;2015,14;129,0;1546,8;1044,5;16,34;41,68;0,5971
11/03/2004;17.00.00;-200,0;1810,99;219,0;-200,0;1047,97;740,0;1386,87;137,0;1559,91;1093,62;12,86;42,68;0,3581
11/03/2004;18.00.00;-200,0;2009,53;370,0;22,9;1345,13;337,0;1717,07;-200,0;1981,76;1462,75;13,82;40,22;0,5617
11/03/2004;19.00.00;-200,0;2040,0;562,0;22,9;1337,93;476,0;1572,25;-200,0;2549,19;2259,02;14,1;42,99;0,5236
11/03/2004;20.00.00;3,1;1576,09;553,0;23,2;1340,59;571,0;1577,91;238,0;2080,7;1752,3;10,37;48,6;0,4026
11/03/2004;21.00.00;2,5;1463,22;620,0;13,6;956,7;169,0;1957,04;118,0;1678,67;1014,11;12,13;54,67;0,5361
11/03/2004;22.00.00;1,1;-200,0;160,0;7,4;-200,0;121,0;-200,0;95,0;-200,0;-200,0;-200,0;-200,0;-200,0
11/03/2004;23.00.00;1,3;1145,29;65,0;5,5;610,03;155,0;1939,21;71,0;1445,89;720,54;8,29;63,3;0,5632
12/03/2004;00.00.00;1,3;1052,72;124,0;7,8;713,96;94,0;2013,18;37,0;1186,82;569,96;6,81;79,53;0,6779
12/03/2004;01.00.00;-200,0;919,09;-200,0;3,6;590,25;272,0;1931,85;76,0;1455,71;724,94;10,92;78,79;0,7504
12/03/2004;02.00.00;1,4;1128,27;83,0;5,8;671,43;78,0;2054,89;-200,0;1304,61;528,96;6,69;79,49;0,6185
12/03/2004;03.00.00;1,1;1018,81;162,0;8,6;746,94;161,0;2011,47;-200,0;1335,41;698,95;4,43;75,47;0,5153
12/03/2004;04.00.00;2,3;1315,26;252,0;4,6;613,64;178,0;1928,8;-200,0;1464,94;764,45;8,36;83,02;0,7373
12/03/2004;05.00.00;2,6;1511,68;129,0;16,3;1088,42;-200,0;1818,34;103,0;1467,94;1017,22;4,78;72,56;0,5423
12/03/2004;06.00.00;2,2;1382,71;238,0;13,4;958,88;192,0;1812,69;-200,0;1662,19;1012,29;8,43;70,64;0,5644
12/03/2004;07.00.00;4,4;1958,55;375,0;25,6;1458,12;381,0;1608,91;183,0;1893,93;1432,98;5,13;67,92;0,4598
12/03/2004;08.00.00;5,9;2040,0;294,0;37,1;1909,13;940,0;1150,55;145,0;1705,5;1204,65;7,6;66,23;0,5029
12/03/2004;09.00.00;4,4;1972,31;244,0;28,5;1565,01;605,0;1490,55;261,0;2223,72;1816,55;11,94;61,25;0,6475
12/03/2004;10.00.00;6,3;2040,0;182,0;7,8;721,88;317,0;1614,56;140,0;1729,7;1192,13;14,32;51,03;0,6624
12/03/2004;11.00.00;2,1;1295,41;367,0;13,4;961,09;-200,0;1324,59;292,0;2376,45;2047,23;14,39;46,4;0,4903
12/03/2004;12.00.00;3,8;1830,54;148,0;11,3;874,01;275,0;1765,43;102,0;1536,09;1001,47;14,85;48,54;0,672
12/03/2004;13.00.00;1,9;-200,0;124,0;6,2;-200,0;310,0;-200,0;96,0;-200,0;-200,0;-200,0;-200,0;-200,0
12/03/2004;14.00.00;1,4;1083,5;165,0;4,3;609,49;299,0;1900,27;-200,0;1549,72;999,8;13,42;38,71;0,435
12/03/2004;15.00.00;-200,0;1184,7;234,0;9,8;812,39;201,0;1986,98;-200,0;1640,88;1113,2;15,11;32,13;0,4767
12/03/2004;16.00.00;1,4;1133,0;103,0;6,0;665,4;-200,0;1928,61;-200,0;1411,48;682,47;15,46;39,64;0,5388
12/03/2004;17.00.00;3,9;1860,04;116,0;31,1;1673,15;414,0;1731,7;188,0;1937,44;1544,21;17,99;45,59;0,7167
12/03/2004;18.00.00;-200,0;1461,03;660,0;22,9;1341,83;426,0;1687,7;310,0;2484,24;2025,66;15,77;54,36;0,6712
12/03/2004;19.00.00;7,6;2040,0;517,0;39,7;1991,26;772,0;1198,66;276,0;2185,91;1950,88;10,52;43,08;0,366
12/03/2004;20.00.00;2,9;-200,0;227,0;20,0;-200,0;508,0;-200,0;229,0;-200,0;-200,0;-200,0;-200,0;-200,0
12/03/2004;21.00.00;-200,0;1715,18;180,0;16,5;1082,02;507,0;1501,4;117,0;1477,16;1077,56;10,78;56,12;0,5243
12/03/2004;22.00.00;1,7;1235,97;79,0;7,2;740,15;107,0;2008,81;72,0;1349,83;778,1;8,9;69,5;0,5839
12/03/2004;23.00.00;1,4;1190,59;107,0;7,5;729,41;158,0;1992,16;56,0;1334,16;741,4;10,27;66,89;0,6874
13/03/2004;00.00.00;-200,0;972,9;106,0;2,0;546,63;-200,0;2007,02;44,0;1286,17;608,95;10,25;66,04;0,5777
13/03/2004;01.00.00;1,4;1222,71;105,0;7,0;742,53;102,0;1979,21;76,0;1440,49;816,6;9,26;76,23;0,6964
13/03/2004;02.00.00;1,4;1138,17;99,0;7,3;707,33;180,0;1950,09;49,0;1272,87;650,31;5,21;73,21;0,5068
13/03/2004;03.00.00;-200,0;940,88;123,0;6,0;665,73;183,0;2048,35;95,0;1391,68;947,96;6,1;69,72;0,5094
13/03/2004;04.00.00;1,2;1021,5;89,0;6,1;648,29;232,0;1957,27;123,0;1609,89;1055,02;7,56;70,77;0,5425
13/03/2004;05.00.00;1,5;1229,03;114,0;7,2;716,42;260,0;1868,01;101,0;1517,59;971,43;9,34;82,11;0,7107
13/03/2004;06.00.00;1,7;1240,39;172,0;11,1;876,1;264,0;1892,57;63,0;1294,57;817,81;7,23;72,5;0,5162
13/03/2004;07.00.00;-200,0;2040,0;225,0;22,8;1345,43;301,0;1668,55;193,0;1982,07;1416,38;8,85;67,39;0,6124
13/03/2004;08.00.00;3,9;1797,08;343,0;15,8;1045,19;413,0;1650,53;-200,0;1782,88;1298,6;8,22;61,26;0,48
13/03/2004;09.00.00;3,0;-200,0;180,0;10,2;-200,0;489,0;-200,0;-200,0;-200,0;-200,0;-200,0;-200,0;-200,0
13/03/2004;10.00.00;2,5;1409,67;365,0;37,7;1947,32;-200,0;1510,62;181,0;1969,51;1435,67;14,64;54,59;0,6733
13/03/2004;11.00.00;1,9;1269,37;-200,0;13,5;970,0;354,0;1824,18;-200,0;1880,93;1298,31;16,94;50,31;0,6719
13/03/2004;12.00.00;1,7;1229,24;-200,0;-200,0;746,32;333,0;1786,43;57,0;1372,9;709,12;15,11;45,69;0,5779
13/03/2004;13.00.00;1,2;1148,32;99,0;12,3;924,98;311,0;1835,17;89,0;1465,81;877,49;18,06;46,6;0,6976
13/03/2004;14.00.00;1,3;1087,55;111,0;10,3;819,49;162,0;1991,22;153,0;1708,97;1133,55;17,28;40,58;0,6471
13/03/2004;15.00.00;-200,0;1296,16;260,0;-200,0;733,21;-200,0;1816,56;55,0;1306,69;682,26;15,43;34,96;0,4416
13/03/2004;16.00.00;1,9;1281,84;111,0;6,7;688,74;192,0;1773,96;84,0;1368,37;771,84;17,28;37,4;0,5361
13/03/2004;17.00.00;2,3;1424,54;218,0;14,9;1009,38;248,0;1828,44;105,0;1545,0;986,9;19,13;32,36;0,6019
13/03/2004;18.00.00;3,4;1767,19;333,0;25,2;1420,8;521,0;1675,24;-200,0;2162,47;1686,87;15,19;55,25;0,7417
13/03/2004;19.00.00;3,8;1810,88;183,0;-200,0;832,76;639,0;1493,0;140,0;1794,63;1156,27;17,35;53,16;0,8684
13/03/2004;20.00.00;3,0;1562,62;268,0;-200,0;1129,29;316,0;1800,49;106,0;1436,91;962,8;7,78;49,04;0,4625
13/03/2004;21.00.00;2,6;1487,97;158,0;11,4;880,17;247,0;1869,69;148,0;1725,55;1291,19;13,37;56,44;0,6101
13/03/2004;22.00.00;1,7;1209,33;-200,0;6,7;704,13;119,0;2006,74;74,0;1452,37;882,13;10,6;59,32;0,6284
13/03/2004;23.00.00;0,7;925,53;85,0;4,6;642,18;106,0;2009,6;-200,0;1260,43;465,74;8,62;74,56;0,7178
14/03/2004;00.00.00;1,0;1010,44;82,0;5,9;673,99;108,0;2037,58;-200,0;1222,13;574,25;8,55;63,25;0,6182
14/03/2004;01.00.00;0,7;865,93;46,0;3,8;565,0;79,0;2091,9;32,0;1174,68;618,98;3,59;73,79;0,5061
14/03/2004;02.00.00;1,5;1135,57;89,0;4,6;614,38;129,0;2068,26;71,0;1313,96;800,28;6,63;74,47;0,6116
14/03/2004;03.00.00;-200,0;1167,88;62,0;5,7;654,29;64,0;2086,48;63,0;1380,03;697,07;7,61;79,76;0,6279
14/03/2004;04.00.00;1,1;1057,84;63,0;5,2;649,09;189,0;1978,29;50,0;1347,82;698,42;10,03;74,49;0,659
14/03/2004;05.00.00;1,4;1102,65;206,0;3,6;572,11;122,0;1996,9;58,0;1252,7;637,65;6,53;64,42;0,4666
14/03/2004;06.00.00;0,8;926,2;61,0;8,1;741,98;152,0;2000,67;-200,0;1357,54;728,91;6,75;69,1;0,4434
14/03/2004;07.00.00;3,2;1622,58;146,0;11,3;883,05;319,0;1690,66;82,0;1430,74;823,12;8,4;61,76;0,5909
14/03/2004;08.00.00;3,7;1689,48;262,0;11,9;906,35;-200,0;1640,66;233,0;2138,44;1678,18;12,44;62,68;0,672
14/03/2004;09.00.00;4,3;1956,73;190,0;13,1;939,12;352,0;1636,87;221,0;2103,01;1613,07;12,56;64,8;0,7792
14/03/2004;10.00.00;-200,0;1792,27;-200,0;3,2;517,83;-200,0;1849,64;103,0;1488,93;937,66;12,13;44,27;0,414
14/03/2004;11.00.00;1,1;1102,21;77,0;12,3;936,59;-200,0;2048,52;79,0;1423,47;815,25;15,43;44,62;0,6411
14/03/2004;12.00.00;2,1;1342,04;52,0;9,2;811,95;165,0;1969,47;52,0;1263,43;644,13;15,63;42,13;0,5364
14/03/2004;13.00.00;2,4;1458,36;70,0;3,6;575,82;176,0;1949,65;65,0;1369,87;694,22;18,17;40,13;0,5581
14/03/2004;14.00.00;-200,0;925,99;98,0;4,4;620,94;93,0;2133,16;75,0;1397,29;769,46;15,33;43,94;0,6558
14/03/2004;15.00.00;1,3;1129,04;83,0;9,5;833,53;96,0;2087,34;90,0;1442,74;883,13;16,24;38,76;0,5911
14/03/2004;16.00.00;1,3;1111,05;-200,0;4,0;581,44;164,0;1985,07;-200,0;1299,21;605,76;15,95;42,32;0,585
14/03/2004;17.00.00;2,6;1418,68;82,0;10,2;820,83;208,0;1807,97;-200,0;1189,06;608,05;13,3;38,91;0,4511
14/03/2004;18.00.00;1,1;1056,91;-200,0;9,9;838,28;-200,0;1818,95;95,0;1537,25;899,43;16,03;46,05;0,6501
14/03/2004;19.00.00;5,3;2040,0;229,0;15,7;1084,46;120,0;1868,68;178,0;1904,6;1368,27;14,92;52,51;0,6796
14/03/2004;20.00.00;2,3;1389,56;134,0;11,6;881,78;265,0;1853,52;-200,0;1532,07;1042,73;13,2;49,31;0,5264
14/03/2004;21.00.00;2,4;1414,49;136,0;6,8;725,93;270,0;1773,52;117,0;1516,5;981,59;11,43;61,53;0,612
14/03/2004;22.00.00;1,2;1108,98;70,0;5,6;649,88;84,0;2079,29;56,0;1304,63;679,28;7,77;62,55;0,6076
14/03/2004;23.00.00;1,2;1103,33;73,0;3,2;568,62;97,0;2089,59;75,0;1457,99;765,88;8,56;71,85;0,7493
15/03/2004;00.00.00;0,6;874,15;90,0;2,5;527,32;67,0;2096,17;34,0;1293,14;539,02;7,86;69,12;0,6443
15/03/2004;01.00.00;1,2;1123,69;45,0;4,0;592,21;69,0;2105,1;29,0;1272,67;616,18;6,14;74,9;0,5727
15/03/2004;02.00.00;2,1;1263,64;197,0;4,4;587,79;188,0;1907,11;-200,0;1529,02;892,72;6,93;74,59;0,5582
15/03/2004;03.00.00;1,9;1266,98;53,0;4,1;606,28;180,0;1962,6;65,0;1316,47;650,9;7,89;74,92;0,5749
15/03/2004;04.00.00;-200,0;1053,6;77,0;9,7;798,27;-200,0;2065,79;98,0;1625,21;900,58;11,02;76,08;0,7257
15/03/2004;05.00.00;2,1;1309,54;-200,0;8,9;773,66;350,0;1761,77;111,0;1585,37;1013,86;8,1;75,67;0,6018
15/03/2004;06.00.00;1,9;1239,62;-200,0;13,7;1002,77;278,0;1806,05;-200,0;1909,42;1155,09;9,06;63,88;0,6727
15/03/2004;07.00.00;2,6;1486,33;279,0;21,4;1329,19;368,0;1778,55;166,0;1880,0;1247,8;9,43;73,57;0,7568
15/03/2004;08.00.00;-200,0;1508,5;346,0;32,0;1692,72;488,0;1611,4;194,0;1911,07;1470,4;6,95;52,76;0,4447
15/03/2004;09.00.00;-200,0;2040,0;-200,0;28,1;1574,43;-200,0;1500,58;190,0;1985,61;1440,75;12,03;53,98;0,5279
15/03/2004;10.00.00;5,4;2040,0;393,0;12,4;946,74;597,0;1383,87;239,0;2122,68;1605,07;13,49;52,27;0,6555
15/03/2004;11.00.00;-200,0;2040,0;-200,0;15,7;1074,79;293,0;1708,84;178,0;1938,76;1382,06;19,5;50,46;0,835
15/03/2004;12.00.00;1,3;1161,85;-200,0;11,2;868,92;431,0;1737,77;105,0;1550,47;944,9;15,23;52,55;0,5754
15/03/2004;13.00.00;-200,0;1453,47;-200,0;21,3;1296,83;69,0;2084,55;85,0;1400,29;887,22;17,01;32,52;0,4851
15/03/2004;14.00.00;2,5;-200,0;246,0;8,5;-200,0;316,0;-200,0;114,0;-200,0;-200,0;-200,0;-200,0;-200,0
15/03/2004;15.00.00;1,5;1160,76;161,0;9,4;800,38;238,0;1955,54;57,0;1170,23;568,91;14,74;28,77;0,3226
15/03/2004;16.00.00;-200,0;1113,44;206,0;9,2;767,15;235,0;1915,45;-200,0;1981,07;1454,44;19,19;40,17;0,6495
15/03/2004;17.00.00;-200,0;1261,66;467,0;14,3;998,09;-200,0;1932,83;179,0;1877,52;1358,98;17,91;43,17;0,6345
15/03/2004;18.00.00;3,4;1768,24;501,0;20,3;1243,23;281,0;1792,95;214,0;2129,22;1543,05;17,2;52,63;0,7685
15/03/2004;19.00.00;5,0;2040,0;-200,0;19,9;1225,88;894,0;1230,79;336,0;2593,05;2250,7;12,76;49,01;0,5432
15/03/2004;20.00.00;-200,0;2040,0;-200,0;20,9;1268,21;596,0;1400,74;263,0;2240,65;1822,01;16,18;57,96;0,7042
15/03/2004;21.00.00;-200,0;1795,62;145,0;15,5;1045,21;357,0;1641,42;147,0;1787,82;1151,79;9,27;60,32;0,6171
15/03/2004;22.00.00;0,9;-200,0;106,0;6,0;-200,0;164,0;-200,0;43,0;-200,0;-200,0;-200,0;-200,0;-200,0
15/03/2004;23.00.00;1,0;1004,71;131,0;7,0;701,39;-200,0;2013,5;66,0;1435,75;686,94;13,96;59,36;0,6663
16/03/2004;00.00.00;2,0;1284,49;-200,0;6,5;660,77;87,0;2036,93;90,0;1434,73;862,45;6,74;71,28;0,5266
16/03/2004;01.00.00;1,1;1067,37;68,0;4,1;580,33;115,0;2084,26;54,0;1308,2;626,49;6,8;65,3;0,4939
16/03/2004;02.00.00;1,5;1152,81;150,0;4,5;613,79;146,0;1978,16;100,0;1611,97;893,4;7,63;81,04;0,7269
16/03/2004;03.00.00;0,9;976,39;132,0;8,8;791,91;168,0;2002,96;109,0;1562,23;895,41;6,25;74,37;0,5622
16/03/2004;04.00.00;2,8;-200,0;176,0;6,7;-200,0;370,0;-200,0;103,0;-200,0;-200,0;-200,0;-200,0;-200,0
16/03/2004;05.00.00;-200,0;1093,73;76,0;6,4;691,54;144,0;1956,29;112,0;1593,44;996,57;8,07;70,36;0,5978
16/03/2004;06.00.00;-200,0;1121,69;150,0;23,0;1336,07;139,0;1966,94;159,0;1838,23;1331,4;6,6;71,25;0,5494
16/03/2004;07.00.00;5,1;2040,0;-200,0;12,1;918,95;-200,0;1833,9;220,0;2139,0;1585,16;10,71;67,22;0,6758
16/03/2004;08.00.00;9,2;2040,0;299,0;13,4;931,97;884,0;973,15;340,0;2559,16;2330,33;9,13;61,61;0,4508
16/03/2004;09.00.00;4,3;1928,91;600,0;17,8;1138,77;639,0;1458,78;-200,0;2626,64;2283,86;15,36;55,01;0,7082
16/03/2004;10.00.00;3,6;1711,96;357,0;19,5;1171,74;250,0;1868,8;246,0;2171,22;1731,88;11,99;54,48;0,638
16/03/2004;11.00.00;3,6;1732,62;138,0;12,9;933,87;347,0;1667,1;194,0;1972,14;1521,81;14,11;43,55;0,7259
16/03/2004;12.00.00;2,5;1416,75;204,0;21,0;1245,92;232,0;1842,54;143,0;1622,75;1137,71;17,42;38,4;0,5094
16/03/2004;13.00.00;1,8;1230,94;-200,0;6,9;715,11;299,0;1844,99;53,0;1342,73;672,83;14,13;47,8;0,602
16/03/2004;14.00.00;1,6;1239,84;-200,0;9,2;806,21;298,0;1822,4;91,0;1494,24;879,31;17,54;43,43;0,6203
16/03/2004;15.00.00;1,1;1070,98;172,0;12,5;954,34;588,0;1617,13;-200,0;1500,86;665,61;19,87;39,51;0,7799
16/03/2004;16.00.00;2,3;1393,46;82,0;7,4;700,91;148,0;1992,54;117,0;1491,84;996,31;13,87;48,12;0,5079
16/03/2004;17.00.00;2,8;1524,15;609,0;18,3;1174,39;172,0;1933,53;-200,0;1627,06;1184,72;16,96;40,25;0,612
16/03/2004;18.00.00;-200,0;1696,13;1130,0;10,2;830,3;-200,0;1373,21;271,0;2300,5;1835,14;16,31;51,06;0,6384
16/03/2004;19.00.00;3,3;1684,96;745,0;45,7;2214,0;983,0;1161,19;224,0;2060,76;1648,27;16,32;49,05;0,6653
16/03/2004;20.00.00;2,9;1482,0;365,0;28,5;1559,52;314,0;1841,43;-200,0;2497,01;2303,85;11,08;47,39;0,4749
16/03/2004;21.00.00;-200,0;1688,44;183,0;9,4;835,04;190,0;1950,06;230,0;2093,16;1520,17;9,62;66,42;0,6624
16/03/2004;22.00.00;2,2;1341,47;101,0;9,6;859,43;198,0;1935,95;50,0;1339,25;680,54;12,01;66,79;0,658
16/03/2004;23.00.00;1,1;1093,19;-200,0;8,4;774,11;237,0;1890,26;64,0;1286,4;700,13;10,35;65,57;0,663
17/03/2004;00.00.00;1,1;1062,54;123,0;3,0;580,78;77,0;2076,39;49,0;1310,73;570,66;9,41;73,31;0,6641
17/03/2004;01.00.00;1,0;996,46;72,0;4,5;606,55;137,0;2059,42;70,0;1456,29;786,87;8,8;70,52;0,6274
17/03/2004;02.00.00;-200,0;1382,53;108,0;10,8;884,82;71,0;2097,22;89,0;1522,93;879,99;6,25;78,48;0,627
17/03/2004;03.00.00;1,7;1266,54;-200,0;7,6;725,87;169,0;2019,07;55,0;1297,7;743,53;7,91;62,99;0,4534
17/03/2004;04.00.00;2,1;1312,86;138,0;9,8;833,49;201,0;1916,28;68,0;1372,65;764,28;8,2;69,24;0,6202
17/03/2004;05.00.00;2,4;1371,34;172,0;9,7;825,14;451,0;1687,01;81,0;1491,88;820,17;6,68;77,43;0,5592
17/03/2004;06.00.00;2,3;1410,11;364,0;16,7;1107,55;234,0;1910,18;111,0;1641,61;1004,33;12,64;68,43;0,8132
17/03/2004;07.00.00;2,4;1442,19;-200,0;21,2;1260,24;635,0;1568,06;162,0;1856,08;1278,81;10,89;66,99;0,6823
17/03/2004;08.00.00;3,3;1691,83;-200,0;24,8;1393,55;478,0;1579,29;336,0;2544,0;2201,11;8,76;54,87;0,4659
17/03/2004;09.00.00;7,0;2040,0;281,0;-200,0;885,47;690,0;1284,76;281,0;2362,03;1951,68;13,75;66,19;0,7566
17/03/2004;10.00.00;2,8;1535,96;209,0;22,7;1343,69;-200,0;959,4;-200,0;1682,07;1203,96;11,79;58,24;0,6534
17/03/2004;11.00.00;2,3;1384,14;164,0;16,5;1109,63;-200,0;1493,15;125,0;1721,79;1112,32;16,52;46,95;0,7226
17/03/2004;12.00.00;1,5;1147,17;144,0;6,4;679,13;604,0;1565,64;-200,0;1287,16;621,73;18,29;42,2;0,6327
17/03/2004;13.00.00;1,3;1084,16;-200,0;5,9;657,83;278,0;1893,35;196,0;1922,39;1396,68;15,13;46,51;0,5442
17/03/2004;14.00.00;1,4;-200,0;140,0;10,3;-200,0;-200,0;-200,0;95,0;-200,0;-200,0;-200,0;-200,0;-200,0
17/03/2004;15.00.00;3,3;1695,64;130,0;8,7;754,47;229,0;1830,88;125,0;1634,27;1055,54;18,27;43,72;0,6095
17/03/2004;16.00.00;-200,0;1497,7;148,0;4,5;610,93;295,0;1904,33;136,0;1776,35;1116,07;18,91;50,42;0,752
17/03/2004;17.00.00;2,4;1468,72;174,0;10,2;833,57;440,0;1713,09;-200,0;1775,01;1200,97;20,56;36,75;0,6031
17/03/2004;18.00.00;5,9;2040,0;304,0;22,9;1341,69;415,0;1575,89;104,0;1519,31;1025,67;15,49;40,12;0,5089
17/03/2004;19.00.00;4,4;1924,61;1114,0;30,1;1623,26;-200,0;1638,38;214,0;1966,58;1496,42;13,43;42,0;0,4223
17/03/2004;20.00.00;6,3;2040,0;461,0;15,6;1066,87;-200,0;1622,4;239,0;2033,93;1667,18;11,96;54,5;0,482
17/03/2004;21.00.00;5,6;2040,0;216,0;11,5;878,09;506,0;1494,2;138,0;1652,11;1134,53;10,81;57,83;0,5149
17/03/2004;22.00.00;2,3;1336,68;65,0;5,0;644,26;280,0;1807,1;109,0;1599,97;966,45;10,99;60,85;0,6407
17/03/2004;23.00.00;1,3;1098,85;56,0;8,4;770,75;437,0;1725,04;58,0;1430,87;671,26;10,62;70,0;0,6204
18/03/2004;00.00.00;1,6;-200,0;79,0;5,3;-200,0;132,0;-200,0;-200,0;-200,0;-200,0;-200,0;-200,0;-200,0
18/03/2004;01.00.00;1,4;1120,13;-200,0;4,4;621,54;95,0;2059,42;-200,0;1314,61;470,63;9,95;64,68;0,7029
18/03/2004;02.00.00;0,8;932,38;120,0;4,2;591,01;128,0;2058,69;86,0;1475,81;873,07;7,82;71,12;0,5787
18/03/2004;03.00.00;1,3;1102,4;137,0;4,6;613,92;171,0;2097,19;-200,0;1393,84;695,98;10,53;78,82;0,7829
18/03/2004;04.00.00;1,3;1076,99;223,0;16,6;1082,83;395,0;1724,69;125,0;1650,84;1114,34;7,27;71,77;0,5184
18/03/2004;05.00.00;1,6;1244,35;111,0;8,8;802,98;330,0;1761,88;83,0;1582,37;722,2;13,73;68,32;0,9186
18/03/2004;06.00.00;4,7;2040,0;368,0;10,2;815,37;178,0;1815,33;75,0;1438,24;733,72;10,34;74,54;0,6884
18/03/2004;07.00.00;5,2;2040,0;268,0;-200,0;1063,36;463,0;1414,54;-200,0;1498,58;1026,12;8,41;59,27;0,4916
18/03/2004;08.00.00;5,5;2040,0;683,0;18,6;1186,15;355,0;1559,26;223,0;2055,49;1538,93;9,19;59,87;0,5999
18/03/2004;09.00.00;6,3;2040,0;842,0;22,9;1347,86;848,0;1084,21;340,0;2631,38;2247,14;13,59;58,36;0,677
18/03/2004;10.00.00;1,9;1261,14;222,0;18,0;1149,44;360,0;1834,95;247,0;2241,19;1789,89;13,47;49,19;0,5765
18/03/2004;11.00.00;3,4;1706,08;220,0;12,5;943,04;255,0;1761,35;-200,0;1819,72;1207,39;16,55;51,63;0,713
18/03/2004;12.00.00;3,1;1609,76;244,0;6,3;682,51;120,0;1887,08;111,0;1559,07;1033,92;17,11;41,15;0,5852
18/03/2004;13.00.00;0,9;995,83;142,0;-200,0;926,0;-200,0;1818,81;71,0;1467,12;727,75;16,81;48,17;0,7074
18/03/2004;14.00.00;-200,0;1388,92;131,0;6,8;721,57;352,0;1784,84;70,0;1326,58;785,55;15,76;38,7;0,5472
18/03/2004;15.00.00;1,1;1033,48;118,0;6,3;715,52;-200,0;1988,68;76,0;1344,21;739,06;14,59;42,08;0,494
18/03/2004;16.00.00;1,0;1044,17;78,0;7,2;739,69;-200,0;1928,45;-200,0;1492,12;902,58;16,56;43,06;0,5684
18/03/2004;17.00.00;4,6;1992,07;-200,0;9,3;798,14;304,0;1701,18;124,0;1558,56;1069,69;18,67;37,99;0,5765
18/03/2004;18.00.00;2,9;1487,0;-200,0;22,4;1303,93;509,0;1542,9;164,0;1692,86;1318,85;16,59;33,72;0,4058
18/03/2004;19.00.00;3,6;1679,67;168,0;32,6;1751,09;457,0;1581,45;255,0;2173,09;1768,62;12,63;49,52;0,4693
18/03/2004;20.00.00;5,5;2040,0;530,0;14,7;1023,07;335,0;1625,2;-200,0;1863,57;1264,66;14,27;52,42;0,6573
18/03/2004;21.00.00;2,3;1387,92;261,0;6,0;692,04;571,0;1593,73;193,0;2106,84;1445,13;13,4;59,5;0,7381
18/03/2004;22.00.00;1,5;1134,53;70,0;4,7;603,04;56,0;2035,65;112,0;1578,01;1004,78;9,56;60,25;0,594
18/03/2004;23.00.00;1,2;1083,14;-200,0;4,3;602,95;-200,0;2064,16;70,0;1313,37;694,39;10,43;63,57;0,4946
19/03/2004;00.00.00;1,4;1149,23;104,0;3,1;563,96;124,0;2056,72;66,0;1394,59;780,33;9,39;79,26;0,704
19/03/2004;01.00.00;1,3;1112,65;94,0;4,5;621,11;263,0;1829,15;39,0;1209,35;581,29;6,19;64,71;0,4206
19/03/2004;02.00.00;1,6;1241,27;95,0;5,2;655,89;141,0;2019,88;152,0;1760,92;1221,8;8,7;77,54;0,6775
19/03/2004;03.00.00;1,4;1138,93;-200,0;7,3;725,83;156,0;1997,86;76,0;1405,83;797,63;8,93;71,61;0,6076
19/03/2004;04.00.00;2,1;1276,61;156,0;4,8;654,89;149,0;2035,66;120,0;1696,04;950,08;10,15;72,2;0,7141
19/03/2004;05.00.00;2,3;1413,37;120,0;11,7;900,03;281,0;1804,1;137,0;1713,19;1203,94;10,59;70,49;0,6863
19/03/2004;06.00.00;4,9;2040,0;-200,0;22,3;1333,22;232,0;1813,64;94,0;1424,51;985,51;6,52;65,2;0,3948
19/03/2004;07.00.00;3,1;1613,64;390,0;29,8;1627,4;294,0;1833,53;156,0;1679,91;1251,28;8,43;68,34;0,5326
19/03/2004;08.00.00;4,4;1999,97;-200,0;18,9;1204,52;481,0;1489,75;294,0;2419,06;2101,22;12,55;68,1;0,7508
19/03/2004;09.00.00;5,1;-200,0;867,0;30,6;-200,0;-200,0;-200,0;158,0;-200,0;-200,0;-200,0;-200,0;-200,0
19/03/2004;10.00.00;5,0;2040,0;282,0;21,8;1269,08;316,0;1665,95;189,0;1864,9;1441,87;15,13;52,35;0,6062
19/03/2004;11.00.00;1,8;1291,22;409,0;12,2;906,76;341,0;1826,18;64,0;1401,13;715,27;23,02;42,56;0,7987
19/03/2004;12.00.00;2,3;1386,09;200,0;10,8;886,12;242,0;1868,67;113,0;1595,18;985,74;17,49;46,34;0,693
19/03/2004;13.00.00;-200,0;1014,64;216,0;11,9;927,36;-200,0;1878,18;158,0;1953,67;1340,66;19,41;51,68;0,7924
19/03/2004;14.00.00;1,7;1188,68;125,0;11,7;897,59;225,0;1881,94;94,0;1480,93;930,47;19,55;37,2;0,5424
19/03/2004;15.00.00;2,6;1547,76;66,0;-200,0;682,35;-200,0;1951,64;-200,0;1347,25;679,45;19,11;36,61;0,5781
19/03/2004;16.00.00;1,6;1181,49;198,0;12,5;907,26;99,0;2062,38;88,0;1446,94;833,4;17,01;36,3;0,5009
19/03/2004;17.00.00;-200,0;1579,81;154,0;26,1;1500,69;-200,0;1915,24;186,0;1803,0;1402,6;18,66;38,45;0,57
19/03/2004;18.00.00;-200,0;1602,0;286,0;28,2;1566,28;766,0;1283,69;234,0;2011,53;1680,89;14,8;30,03;0,3451
19/03/2004;19.00.00;3,4;1644,85;434,0;41,5;2115,05;876,0;1208,49;293,0;2379,95;1992,71;14,84;49,51;0,629
19/03/2004;20.00.00;5,4;2040,0;270,0;7,2;690,62;800,0;1233,76;200,0;1866,92;1477,27;13,13;47,6;0,5081
19/03/2004;21.00.00;1,8;1209,66;212,0;15,2;1050,68;455,0;1706,0;105,0;1538,55;1031,88;12,97;48,44;0,5517
19/03/2004;22.00.00;1,8;1265,41;128,0;7,7;750,21;267,0;1897,24;-200,0;1484,66;874,38;16,15;64,91;0,8728
19/03/2004;23.00.00;-200,0;1095,17;-200,0;7,5;756,96;135,0;2067,16;59,0;1271,58;592,44;6,58;60,08;0,4612
20/03/2004;00.00.00;0,8;955,79;-200,0;2,8;553,38;-200,0;1897,42;70,0;1421,62;745,23;10,83;67,29;0,7102
20/03/2004;01.00.00;1,3;1097,41;-200,0;4,1;579,12;125,0;2002,6;48,0;1250,73;514,79;5,44;79,17;0,5959
20/03/2004;02.00.00;-200,0;1015,59;61,0;7,9;752,38;301,0;1922,09;64,0;1392,68;762,17;7,22;66,59;0,5879
20/03/2004;03.00.00;1,8;1217,63;48,0;4,2;576,22;115,0;2010,59;-200,0;1400,5;727,87;10,17;66,59;0,6744
20/03/2004;04.00.00;-200,0;1045,23;64,0;7,7;754,91;-200,0;1983,59;163,0;1831,92;1365,29;8,3;74,99;0,6437
20/03/2004;05.00.00;1,6;1135,06;137,0;7,8;734,54;181,0;1907,3;-200,0;1391,35;768,7;6,51;77,59;0,5606
20/03/2004;06.00.00;1,9;1253,43;174,0;9,1;783,8;-200,0;1886,21;96,0;1483,68;848,95;8,03;61,11;0,4867
20/03/2004;07.00.00;4,3;1965,21;309,0;17,4;1133,39;-200,0;1697,9;114,0;1616,66;941,03;11,86;67,29;0,6666
20/03/2004;08.00.00;4,0;1858,93;681,0;-200,0;919,89;649,0;1520,53;315,0;2454,58;2109,27;10,24;63,82;0,609
20/03/2004;09.00.00;5,3;2040,0;592,0;14,1;1016,95;498,0;1506,07;324,0;2509,93;2173,97;13,43;45,96;0,5699
20/03/2004;10.00.00;3,6;1655,8;382,0;13,5;969,75;297,0;1739,71;147,0;1784,16;1164,29;14,38;55,59;0,6498
20/03/2004;11.00.00;2,7;1513,24;288,0;6,5;697,2;224,0;1936,74;165,0;1802,85;1263,09;14,19;51,64;0,6282
20/03/2004;12.00.00;1,7;1253,72;157,0;13,5;983,18;355,0;1791,75;105,0;1616,88;915,26;20,82;41,97;0,7268
20/03/2004;13.00.00;2,5;1477,39;141,0;5,7;664,54;218,0;1928,44;107,0;1598,48;962,1;18,59;46,93;0,7569
20/03/2004;14.00.00;1,4;1121,79;223,0;9,5;794,03;-200,0;2145,64;58,0;1318,56;664,02;13,78;44,55;0,5023
20/03/2004;15.00.00;0,9;970,13;127,0;4,9;589,75;313,0;1934,78;81,0;1417,36;777,05;18,37;38,77;0,5715
20/03/2004;16.00.00;1,7;1180,71;149,0;10,3;850,86;235,0;1927,33;160,0;1694,08;1192,48;16,5;36,61;0,48
20/03/2004;17.00.00;2,8;1554,13;320,0;6,1;660,28;388,0;1750,79;201,0;2083,77;1554,08;19,03;35,8;0,6095
20/03/2004;18.00.00;-200,0;1256,68;262,0;27,7;1565,69;650,0;1567,29;231,0;2092,69;1632,94;14,95;43,34;0,5489
20/03/2004;19.00.00;2,7;1525,06;-200,0;28,5;1562,06;765,0;1320,23;276,0;2224,76;1960,23;15,27;50,1;0,6313
20/03/2004;20.00.00;2,1;1375,95;162,0;12,6;955,59;285,0;1787,28;340,0;2592,44;2233,04;15,3;49,97;0,6655
20/03/2004;21.00.00;2,9;1497,67;-200,0;7,3;720,42;-200,0;2020,45;142,0;1742,91;1164,11;14,73;45,27;0,5499
20/03/2004;22.00.00;2,6;1462,07;87,0;7,1;739,55;384,0;1676,12;54,0;1375,44;660,94;9,3;67,26;0,6607
20/03/2004;23.00.00;1,1;1007,28;65,0;2,5;534,24;-200,0;2189,72;76,0;1444,55;746,72;9,83;66,21;0,5664
21/03/2004;00.00.00;1,2;1068,02;81,0;3,8;587,25;89,0;2034,39;42,0;1233,16;580,89;8,7;66,85;0,5686
21/03/2004;01.00.00;1,3;1093,39;-200,0;3,0;530,6;173,0;1943,09;55,0;1324,14;610,68;7,55;75,89;0,539
21/03/2004;02.00.00;2,0;1311,7;133,0;4,1;618,37;83,0;2076,25;54,0;1410,66;742,46;11,89;81,03;0,8398
21/03/2004;03.00.00;1,0;940,55;36,0;3,9;592,99;97,0;1995,26;46,0;1219,19;593,71;9,0;60,01;0,4448
21/03/2004;04.00.00;1,2;1040,48;116,0;4,0;593,56;187,0;2087,76;69,0;1318,98;767,64;5,83;75,58;0,5799
21/03/2004;05.00.00;1,3;1127,41;-200,0;11,6;913,74;-200,0;2085,41;94,0;1511,98;923,17;10,69;64,47;0,671
21/03/2004;06.00.00;-200,0;1244,15;166,0;9,8;844,31;222,0;1989,24;-200,0;1567,52;967,02;13,89;71,24;0,8926
21/03/2004;07.00.00;-200,0;2040,0;-200,0;5,8;685,91;254,0;1678,79;131,0;1717,31;1109,59;12,75;65,66;0,7343
21/03/2004;08.00.00;2,8;1518,98;221,0;9,6;810,73;-200,0;1873,57;139,0;1619,69;1070,22;8,85;63,86;0,5135
21/03/2004;09.00.00;2,1;1344,39;398,0;18,6;1187,46;312,0;1874,11;87,0;1442,54;782,12;12,22;53,52;0,5379
21/03/2004;10.00.00;1,5;1159,97;138,0;14,9;1034,19;442,0;1727,74;-200,0;1571,5;908,62;17,01;41,99;0,6844
21/03/2004;11.00.00;2,7;1504,62;103,0;4,5;641,42;167,0;1971,99;102,0;1533,46;868,24;14,27;44,77;0,6205
21/03/2004;12.00.00;1,1;1028,67;250,0;8,4;764,98;185,0;2006,65;36,0;1397,53;590,52;17,61;45,32;0,686
21/03/2004;13.00.00;1,8;1256,23;107,0;6,5;696,46;93,0;1985,07;66,0;1411,09;856,11;19,06;45,51;0,7184
21/03/2004;14.00.00;1,1;992,66;135,0;2,6;521,69;302,0;1850,59;61,0;1283,32;783,95;16,16;32,77;0,5191
21/03/2004;15.00.00;0,9;977,68;109,0;4,6;609,69;141,0;2018,34;46,0;1293,0;680,3;18,07;43,15;0,6305
21/03/2004;16.00.00;1,8;1213,1;136,0;5,7;640,86;166,0;1902,79;87,0;1241,62;786,66;11,53;35,39;0,3776
21/03/2004;17.00.00;-200,0;1155,6;65,0;8,5;802,0;-200,0;1878,98;126,0;1633,12;1113,01;15,47;42,24;0,6246
21/03/2004;18.00.00;2,9;1515,55;-200,0;7,0;738,4;250,0;1899,05;230,0;2065,83;1634,67;16,22;40,74;0,5203
21/03/2004;19.00.00;3,3;1664,35;237,0;9,8;820,6;578,0;1540,76;144,0;1720,92;1092,0;13,19;47,93;0,5912
21/03/2004;20.00.00;-200,0;1574,58;292,0;8,8;816,53;154,0;2022,13;187,0;2074,84;1480,71;17,74;55,82;0,8701
21/03/2004;21.00.00;1,6;1142,08;93,0;6,1;664,41;142,0;2018,27;64,0;1319,55;688,43;10,32;49,88;0,4763
21/03/2004;22.00.00;1,5;1125,53;126,0;3,9;589,76;-200,0;2066,64;49,0;1208,55;714,09;11,01;57,28;0,5238
21/03/2004;23.00.00;0,8;971,81;37,0;3,6;599,04;-200,0;2111,29;-200,0;1251,53;691,26;10,95;65,94;0,6214
22/03/2004;00.00.00;-200,0;931,78;67,0;5,5;661,4;87,0;2108,38;-200,0;1453,67;583,21;12,72;80,52;0,9116
22/03/2004;01.00.00;1,7;1185,99;50,0;11,0;844,38;127,0;1887,99;60,0;1235,87;633,8;6,17;67,05;0,4211
22/03/2004;02.00.00;-200,0;1188,82;71,0;8,9;805,76;97,0;2122,47;95,0;1612,88;903,32;10,87;83,37;0,834
22/03/2004;03.00.00;1,4;1222,32;-200,0;12,0;906,28;107,0;2061,59;82,0;1560,22;885,33;8,4;83,8;0,7376
22/03/2004;04.00.00;1,1;943,03;248,0;6,8;703,98;210,0;2007,23;68,0;1387,77;745,82;6,58;72,68;0,5973
22/03/2004;05.00.00;1,0;992,77;167,0;6,4;688,82;-200,0;1991,82;86,0;1388,56;887,28;9,97;69,88;0,5852
22/03/2004;06.00.00;-200,0;1445,61;-200,0;15,9;1079,75;276,0;1869,51;119,0;1656,94;1035,47;10,24;65,05;0,6861
22/03/2004;07.00.00;-200,0;2040,0;134,0;17,0;1124,42;274,0;1646,13;227,0;2117,55;1609,99;9,67;64,44;0,6777
22/03/2004;08.00.00;4,4;1958,92;562,0;30,7;1664,3;548,0;1352,62;230,0;2048,01;1662,73;12,22;53,41;0,5973
22/03/2004;09.00.00;4,1;1883,83;332,0;-200,0;1110,65;491,0;1668,18;117,0;1618,35;1051,13;12,6;55,4;0,5609
22/03/2004;10.00.00;3,5;1727,12;258,0;22,3;1353,06;494,0;1591,51;247,0;2253,34;1729,98;14,9;58,61;0,73
22/03/2004;11.00.00;-200,0;2040,0;-200,0;11,5;903,33;257,0;1718,97;167,0;1913,96;1263,85;17,2;43,73;0,6377
22/03/2004;12.00.00;2,8;1569,41;169,0;8,4;789,72;256,0;1831,87;79,0;1491,49;729,24;20,08;41,85;0,7401
22/03/2004;13.00.00;1,4;1093,17;141,0;7,9;722,14;133,0;1994,99;70,0;1273,3;760,78;15,23;31,69;0,413
22/03/2004;14.00.00;1,9;1323,58;155,0;10,0;843,84;-200,0;2013,74;143,0;1824,86;1133,19;22,47;40,26;0,8169
22/03/2004;15.00.00;2,0;1280,85;251,0;10,7;858,48;252,0;1875,78;83,0;1377,04;759,48;14,47;39,1;0,4807
22/03/2004;16.00.00;1,4;1200,23;-200,0;8,1;788,51;328,0;1836,78;-200,0;1716,77;1069,95;17,9;38,71;0,6042
22/03/2004;17.00.00;3,7;1829,54;104,0;15,6;1021,35;-200,0;1745,47;-200,0;1623,07;1049,79;18,88;39,11;0,6097
22/03/2004;18.00.00;3,0;1590,6;264,0;22,7;1350,59;555,0;1593,14;270,0;2258,83;1897,39;17,47;41,59;0,6019
22/03/2004;19.00.00;2,7;1477,11;375,0;30,2;1646,87;524,0;1628,1;186,0;1911,28;1465,88;14,63;49,29;0,5889
22/03/2004;20.00.00;3,9;1837,63;493,0;27,7;1555,05;828,0;1231,88;239,0;2214,02;1729,67;14,25;50,98;0,7201
22/03/2004;21.00.00;2,5;1475,62;131,0;23,8;1367,32;290,0;1834,41;149,0;1792,3;1173,54;12,39;57,36;0,6992
22/03/2004;22.00.00;1,6;1244,86;125,0;5,8;665,24;136,0;1954,6;40,0;1256,17;601,02;10,9;61,51;0,6395
22/03/2004;23.00.00;1,0;1036,24;80,0;8,7;819,25;-200,0;2028,2;59,0;1451,0;655,13;12,57;70,4;0,8435
23/03/2004;00.00.00;1,0;1054,98;120,0;5,1;623,41;79,0;2161,65;-200,0;1311,65;572,92;10,74;71,66;0,7455
23/03/2004;01.00.00;2,0;1323,9;-200,0;3,7;587,7;-200,0;2027,45;90,0;1483,25;816,01;7,85;72,1;0,5993
23/03/2004;02.00.00;1,8;1281,72;117,0;5,0;626,3;99,0;2031,81;-200,0;1431,45;764,11;10,54;80,52;0,7072
23/03/2004;03.00.00;-200,0;1057,58;233,0;8,7;805,65;237,0;1883,43;76,0;1406,14;825,91;9,18;75,64;0,6614
23/03/2004;04.00.00;0,9;1038,13;205,0;10,8;880,89;290,0;1918,3;149,0;1884,56;1215,24;10,36;79,45;0,7469
23/03/2004;05.00.00;-200,0;-200,0;209,0;-200,0;-200,0;139,0;-200,0;-200,0;-200,0;-200,0;-200,0;-200,0;-200,0
23/03/2004;06.00.00;-200,0;-200,0;185,0;8,7;-200,0;168,0;-200,0;240,0;-200,0;-200,0;-200,0;-200,0;-200,0
23/03/2004;07.00.00;2,8;1547,11;332,0;13,9;988,87;524,0;1625,78;340,0;2575,48;2192,39;9,95;71,07;0,6899
23/03/2004;08.00.00;3,6;1777,62;411,0;16,7;1099,87;-200,0;639,06;224,0;2128,81;1618,61;13,77;60,88;0,7398
23/03/2004;09.00.00;3,8;1817,01;608,0;11,4;875,34;938,0;1163,56;-200,0;2651,55;2232,6;14,79;55,28;0,6411
23/03/2004;10.00.00;3,4;1666,27;393,0;7,5;728,13;434,0;1603,89;-200,0;2102,0;1609,33;14,82;52,29;0,6256
23/03/2004;11.00.00;3,4;1774,28;171,0;10,6;827,15;226,0;1835,18;61,0;1314,89;722,2;16,3;44,82;0,6796
23/03/2004;12.00.00;2,2;1367,3;358,0;11,0;885,97;155,0;1945,48;107,0;1572,25;885,76;19,66;43,95;0,7004
23/03/2004;13.00.00;2,0;1319,96;258,0;11,6;883,17;311,0;1878,27;-200,0;1380,02;804,12;16,71;36,99;0,5345
23/03/2004;14.00.00;1,7;1244,14;-200,0;4,9;623,24;307,0;1849,87;60,0;1355,27;662,58;19,49;44,53;0,7372
23/03/2004;15.00.00;1,5;1195,74;121,0;4,8;599,12;-200,0;1964,83;-200,0;1454,92;815,84;18,16;36,97;0,5985
23/03/2004;16.00.00;2,8;1490,09;154,0;7,6;734,95;214,0;1866,91;95,0;1469,15;910,07;17,96;36,24;0,5124
23/03/2004;17.00.00;-200,0;1728,1;343,0;13,6;1005,61;-200,0;1745,73;222,0;2012,25;1597,85;20,09;35,33;0,6183
23/03/2004;18.00.00;8,1;2040,0;264,0;29,1;1595,64;1169,0;694,09;171,0;1921,81;1293,26;18,75;44,16;0,7174
23/03/2004;19.00.00;5,6;2040,0;322,0;29,9;1651,49;648,0;1325,25;220,0;2146,46;1624,43;17,69;47,48;0,7273
23/03/2004;20.00.00;3,2;1654,03;495,0;16,5;1107,53;344,0;1697,85;323,0;2603,55;2155,64;17,47;52,83;0,7899
23/03/2004;21.00.00;1,8;1233,67;268,0;13,7;974,96;194,0;1950,29;125,0;1645,84;1060,02;13,61;50,41;0,6105
23/03/2004;22.00.00;-200,0;1395,18;54,0;5,0;664,25;114,0;2008,82;65,0;1391,45;708,3;13,64;52,2;0,725
23/03/2004;23.00.00;0,9;999,56;107,0;5,1;618,77;192,0;1973,65;-200,0;1479,13;806,67;10,45;67,67;0,7819
24/03/2004;00.00.00;-200,0;1249,45;-200,0;4,7;627,51;135,0;2003,53;66,0;1426,76;801,92;10,87;75,45;0,7169
24/03/2004;01.00.00;1,0;1001,4;73,0;9,5;797,0;-200,0;1992,27;-200,0;1346,05;815,75;9,17;65,76;0,4699
24/03/2004;02.00.00;1,7;1257,06;94,0;7,7;749,55;45,0;2047,56;97,0;1589,25;935,15;9,12;80,64;0,7461
24/03/2004;03.00.00;1,2;1038,61;104,0;5,4;634,52;125,0;2061,94;55,0;1349,01;695,12;9,95;74,72;0,7089
24/03/2004;04.00.00;-200,0;1467,07;111,0;6,1;687,74;237,0;1813,18;76,0;1410,12;701,83;7,29;72,65;0,6267
24/03/2004;05.00.00;1,3;1160,9;109,0;8,2;743,11;275,0;1874,31;196,0;2056,59;1448,96;13,61;68,9;0,8255
24/03/2004;06.00.00;-200,0;1510,37;257,0;6,4;691,94;354,0;1798,83;49,0;1241,94;654,5;8,21;61,11;0,5149
24/03/2004;07.00.00;3,2;1605,8;-200,0;15,5;1047,32;262,0;1831,86;151,0;1773,8;1105,24;8,83;69,24;0,6601
24/03/2004;08.00.00;-200,0;2040,0;347,0;21,9;1320,21;690,0;1324,37;-200,0;1821,47;1442,49;14,78;56,08;0,7727
24/03/2004;09.00.00;4,0;1868,02;-200,0;27,7;1527,99;427,0;1666,49;260,0;2207,44;1832,29;15,34;51,4;0,6034
24/03/2004;10.00.00;3,0;1571,37;374,0;21,8;1297,25;472,0;1597,82;231,0;2237,79;1621,34;16,3;55,6;0,7303
24/03/2004;11.00.00;2,7;1469,82;126,0;12,6;956,15;233,0;1872,74;-200,0;1926,37;1379,01;17,52;36,89;0,545
24/03/2004;12.00.00;1,5;1181,63;82,0;5,4;665,92;404,0;1720,63;97,0;1491,57;907,63;17,27;34,96;0,5188
24/03/2004;13.00.00;-200,0;1100,8;103,0;5,6;635,69;-200,0;1826,69;75,0;1395,95;792,5;16,29;39,62;0,538
24/03/2004;14.00.00;1,6;1218,35;61,0;6,5;696,78;195,0;1944,13;58,0;1368,96;748,36;18,74;39,38;0,6535
24/03/2004;15.00.00;1,6;1153,94;-200,0;10,2;849,57;354,0;1856,03;-200,0;1498,71;822,18;17,4;39,73;0,6385
24/03/2004;16.00.00;1,4;1181,72;136,0;11,7;902,6;202,0;2002,46;-200,0;2092,65;1488,27;20,54;36,41;0,7353
24/03/2004;17.00.00;3,9;1829,25;212,0;12,3;934,47;200,0;1886,52;-200,0;1750,0;1049,43;17,79;52,37;0,8232
24/03/2004;18.00.00;3,5;1734,35;448,0;48,4;2214,0;846,0;1287,32;212,0;1914,13;1590,89;15,64;41,43;0,5096
24/03/2004;19.00.00;4,1;1976,42;597,0;41,0;2076,77;697,0;1405,88;259,0;2205,49;1820,06;15,62;45,15;0,5934
24/03/2004;20.00.00;2,4;1394,3;384,0;30,2;1634,08;453,0;1665,31;-200,0;1873,56;1504,71;15,88;46,66;0,627
24/03/2004;21.00.00;5,2;2040,0;-200,0;15,5;1060,1;239,0;1708,82;207,0;2118,6;1565,93;12,63;55,92;0,6453
24/03/2004;22.00.00;3,7;1829,51;89,0;8,1;753,24;206,0;1862,91;113,0;1603,49;993,79;10,82;63,04;0,643
24/03/2004;23.00.00;-200,0;1045,73;72,0;5,8;667,47;-200,0;2053,83;74,0;1565,24;789,35;11,75;70,32;0,8398
25/03/2004;00.00.00;1,9;1224,14;-200,0;2,4;515,3;78,0;2088,89;75,0;1389,66;817,27;10,91;60,34;0,5772
25/03/2004;01.00.00;1,3;1122,24;135,0;3,7;568,38;163,0;2003,12;-200,0;1318,18;600,4;8,61;69,42;0,6159
25/03/2004;02.00.00;2,6;1508,31;63,0;5,8;674,55;-200,0;1948,84;50,0;1360,01;588,48;8,18;74,68;0,7423
25/03/2004;03.00.00;-200,0;1251,65;-200,0;7,6;713,5;126,0;1942,79;65,0;1369,88;711,2;9,42;75,99;0,6586
25/03/2004;04.00.00;1,9;1238,76;-200,0;7,8;713,75;204,0;2000,12;99,0;1454,79;959,82;6,23;72,48;0,5412
25/03/2004;05.00.00;-200,0;994,82;71,0;10,2;832,32;188,0;1982,71;-200,0;1448,37;991,58;6,81;73,36;0,5141
25/03/2004;06.00.00;1,8;1207,49;235,0;5,2;636,54;513,0;1545,29;154,0;1715,95;1196,98;8,98;63,74;0,5652
25/03/2004;07.00.00;-200,0;1674,07;476,0;20,5;1237,28;350,0;1722,64;192,0;1978,52;1394,07;11,03;71,85;0,6811
25/03/2004;08.00.00;4,9;2040,0;1103,0;23,5;1407,8;1202,0;866,56;164,0;1880,69;1313,63;13,28;64,68;0,7984
25/03/2004;09.00.00;-200,0;1623,49;446,0;21,5;1284,63;677,0;1460,96;340,0;2679,18;2257,26;16,9;48,33;0,7024
25/03/2004;10.00.00;2,7;1490,86;449,0;24,5;1400,81;226,0;1873,87;161,0;1763,32;1345,07;16,96;45,03;0,603
25/03/2004;11.00.00;3,1;1591,46;222,0;8,1;744,73;129,0;1927,44;173,0;1843,36;1320,67;16,13;40,82;0,6025
25/03/2004;12.00.00;1,3;1123,71;-200,0;9,1;811,42;235,0;1899,67;84,0;1476,99;856,24;17,45;45,72;0,6884
25/03/2004;13.00.00;-200,0;1324,66;134,0;10,0;849,65;-200,0;1737,42;75,0;1352,0;764,04;16,28;33,05;0,5053
25/03/2004;14.00.00;2,8;1579,06;165,0;5,9;648,91;346,0;1749,06;68,0;1373,31;747,67;18,74;36,02;0,5206
25/03/2004;15.00.00;2,0;1331,01;-200,0;3,7;591,92;-200,0;2006,72;56,0;1268,31;602,16;18,38;39,33;0,636
25/03/2004;16.00.00;2,3;1456,26;191,0;5,9;674,38;173,0;1930,14;65,0;1316,77;705,74;19,43;37,34;0,6625
25/03/2004;17.00.00;-200,0;1148,24;181,0;13,2;943,89;-200,0;1821,7;169,0;1796,23;1267,49;16,63;40,77;0,5555
25/03/2004;18.00.00;3,0;1547,07;211,0;-200,0;1145,82;590,0;1569,96;161,0;1835,13;1280,37;18,53;37,0;0,5232
25/03/2004;19.00.00;-200,0;2040,0;-200,0;22,4;1316,47;986,0;896,41;276,0;2425,73;1900,17;19,52;49,03;0,8215
25/03/2004;20.00.00;3,1;1632,52;386,0;14,6;1014,89;654,0;1496,45;213,0;2119,54;1490,39;15,03;47,33;0,6692
25/03/2004;21.00.00;3,9;1894,53;-200,0;7,2;708,91;-200,0;1594,48;174,0;1953,51;1342,49;14,76;53,44;0,7311
25/03/2004;22.00.00;1,3;1142,34;168,0;7,2;717,45;217,0;1974,8;-200,0;1314,34;687,89;14,04;60,91;0,7147
25/03/2004;23.00.00;-200,0;1057,53;-200,0;4,7;616,09;166,0;2053,38;80,0;1413,64;845,85;10,65;64,57;0,5679
26/03/2004;00.00.00;1,5;1143,29;92,0;6,2;701,4;42,0;2165,78;41,0;1246,99;578,28;11,06;67,66;0,658
26/03/2004;01.00.00;1,4;1137,0;121,0;4,2;596,92;-200,0;2094,44;-200,0;1144,33;475,78;9,84;66,65;0,5964
26/03/2004;02.00.00;1,7;1178,98;-200,0;2,9;535,93;95,0;1947,23;76,0;1374,23;734,38;9,51;70,7;0,6662
26/03/2004;03.00.00;-200,0;1081,07;156,0;2,7;536,43;-200,0;1980,24;61,0;1299,81;711,27;7,6;72,83;0,5814
26/03/2004;04.00.00;1,2;1035,07;77,0;7,0;674,59;204,0;1970,9;146,0;1726,7;1189,75;9,37;65,33;0,5518
26/03/2004;05.00.00;1,5;1191,45;166,0;9,6;835,14;128,0;1953,3;-200,0;1661,28;964,48;10,81;68,09;0,7286
26/03/2004;06.00.00;2,0;1372,93;283,0;10,6;851,12;204,0;1875,75;124,0;1742,85;1046,58;13,51;69,48;0,8201
26/03/2004;07.00.00;3,2;1650,71;234,0;13,6;1006,16;439,0;1696,79;198,0;1966,77;1478,99;13,57;57,43;0,6959
26/03/2004;08.00.00;6,5;2040,0;455,0;12,5;957,13;324,0;1601,72;214,0;2135,08;1550,41;17,16;65,26;0,8667
26/03/2004;09.00.00;4,7;2039,47;487,0;11,2;878,19;520,0;1492,25;340,0;2539,22;2245,25;12,61;61,16;0,5557
26/03/2004;10.00.00;-200,0;1934,6;223,0;19,7;1213,21;-200,0;1436,07;-200,0;1823,69;1331,4;17,19;43,93;0,5707
26/03/2004;11.00.00;2,7;1546,49;-200,0;11,1;873,04;-200,0;1966,15;155,0;1854,72;1160,97;17,01;52,6;0,7375
26/03/2004;12.00.00;1,5;1146,24;202,0;8,6;780,69;-200,0;1859,48;85,0;1493,88;816,18;22,06;41,37;0,8346
26/03/2004;13.00.00;2,0;1287,17;81,0;5,0;622,27;162,0;2071,73;100,0;1473,45;982,9;16,86;41,32;0,4756
26/03/2004;14.00.00;1,9;1290,1;150,0;5,7;650,22;230,0;1942,52;-200,0;1301,54;713,6;17,3;34,95;0,5942
26/03/2004;15.00.00;2,3;1391,03;248,0;8,0;760,66;124,0;2060,53;-200,0;1531,26;845,72;17,95;41,43;0,6427
26/03/2004;16.00.00;-200,0;1076,31;164,0;10,2;858,53;283,0;1843,49;104,0;1553,9;959,25;14,73;39,46;0,5655
26/03/2004;17.00.00;-200,0;1034,88;190,0;12,6;931,32;317,0;1780,76;177,0;1695,83;1366,27;17,43;35,16;0,4773
26/03/2004;18.00.00;-200,0;1905,59;294,0;33,1;1765,76;655,0;1438,04;250,0;2249,45;1838,24;16,16;36,26;0,524
26/03/2004;19.00.00;5,0;2040,0;395,0;18,0;1129,26;494,0;1520,13;248,0;2213,32;1792,24;16,95;38,51;0,5596
26/03/2004;20.00.00;3,5;1734,98;215,0;30,5;1663,07;648,0;1517,95;340,0;2632,89;2247,27;16,12;51,1;0,7421
26/03/2004;21.00.00;2,5;1511,65;376,0;12,8;956,5;443,0;1660,39;130,0;1773,24;1095,49;17,9;57,68;0,8687
26/03/2004;22.00.00;2,2;1390,67;-200,0;7,1;702,6;173,0;1921,4;77,0;1544,87;818,5;14,75;62,73;0,8157
26/03/2004;23.00.00;1,1;1027,58;127,0;7,1;712,29;91,0;2057,29;55,0;1267,96;628,04;10,49;63,23;0,6679
27/03/2004;00.00.00;1,0;1045,14;38,0;3,4;574,22;84,0;2077,23;-200,0;1284,03;650,5;9,01;61,51;0,51
27/03/2004;01.00.00;1,3;1124,5;85,0;4,3;564,7;64,0;2090,3;51,0;1352,46;553,48;11,0;66,75;0,6799
27/03/2004;02.00.00;0,9;954,16;-200,0;3,4;559,72;138,0;2040,5;55,0;1310,79;669,18;6,87;77,72;0,5028
27/03/2004;03.00.00;1,4;1217,95;73,0;8,8;785,76;-200,0;2024,09;88,0;1534,53;864,31;13,01;70,15;0,8306
27/03/2004;04.00.00;-200,0;1234,1;116,0;7,8;758,35;322,0;1779,95;76,0;1542,99;761,3;11,87;72,67;0,8658
27/03/2004;05.00.00;3,1;1569,32;88,0;11,7;906,08;332,0;1800,54;121,0;1612,47;1081,04;9,07;64,78;0,5115
27/03/2004;06.00.00;1,9;1185,57;239,0;10,3;848,79;-200,0;2002,31;58,0;1266,54;739,79;7,38;68,98;0,5433
27/03/2004;07.00.00;-200,0;1631,28;-200,0;20,7;1283,17;398,0;1714,38;245,0;2291,24;1690,22;14,55;61,28;0,8083
27/03/2004;08.00.00;-200,0;2040,0;330,0;13,8;1005,64;-200,0;1565,49;-200,0;2294,57;1907,61;12,82;64,46;0,7242
27/03/2004;09.00.00;2,8;1553,74;219,0;26,8;1508,45;841,0;1270,22;199,0;2054,16;1501,48;16,82;58,44;0,8444
27/03/2004;10.00.00;-200,0;2024,41;476,0;11,9;865,75;276,0;1688,31;149,0;1628,19;1156,75;12,45;47,43;0,5001
27/03/2004;11.00.00;4,0;1781,47;183,0;9,9;836,27;371,0;1704,59;136,0;1572,17;1178,84;15,64;44,94;0,5776
27/03/2004;12.00.00;1,8;1241,58;201,0;10,9;848,74;137,0;1975,26;66,0;1398,19;741,45;17,89;39,09;0,5919
27/03/2004;13.00.00;1,4;1085,78;154,0;18,1;1154,8;177,0;2001,01;85,0;1457,05;802,71;18,77;31,89;0,5145
27/03/2004;14.00.00;2,8;1495,99;84,0;9,4;778,7;-200,0;1961,54;82,0;1388,59;784,72;18,27;32,9;0,4543
27/03/2004;15.00.00;2,1;1308,47;60,0;9,4;799,73;-200,0;2088,57;39,0;1234,8;589,03;20,59;37,56;0,6684
27/03/2004;16.00.00;1,8;1251,92;-200,0;6,2;690,06;130,0;2051,87;96,0;1552,33;913,0;17,04;38,81;0,6411
27/03/2004;17.00.00;3,9;1839,63;312,0;-200,0;890,85;259,0;1840,37;79,0;1437,58;861,42;18,39;39,73;0,6032
27/03/2004;18.00.00;-200,0;2040,0;-200,0;15,2;1010,78;-200,0;1313,4;246,0;2178,14;1750,75;18,12;40,33;0,5619
27/03/2004;19.00.00;3,2;1584,87;732,0;30,7;1644,82;311,0;1774,51;303,0;2522,08;2019,45;17,87;50,24;0,7579
27/03/2004;20.00.00;3,4;1752,77;390,0;14,3;1022,33;316,0;1809,69;270,0;2299,35;1833,21;17,06;50,23;0,6935
27/03/2004;21.00.00;2,6;1402,82;189,0;16,1;1065,53;137,0;1949,81;97,0;1492,42;1029,95;12,09;58,09;0,5555
27/03/2004;22.00.00;1,4;1120,09;95,0;3,6;561,09;222,0;1907,16;59,0;1267,84;779,65;9,98;50,36;0,4795
27/03/2004;23.00.00;0,7;895,02;-200,0;7,5;716,26;-200,0;2100,57;27,0;1154,93;525,75;14,4;43,96;0,5076
28/03/2004;00.00.00;-200,0;968,42;-200,0;2,7;518,0;65,0;2167,91;53,0;1378,23;687,01;11,67;68,47;0,6833
28/03/2004;01.00.00;0,7;857,53;-200,0;5,6;647,98;74,0;2093,8;29,0;1153,96;542,41;8,71;62,79;0,551
28/03/2004;02.00.00;1,4;1198,02;-200,0;3,2;583,14;43,0;2144,59;-200,0;1296,68;601,85;12,81;70,65;0,715
28/03/2004;03.00.00;0,8;952,81;169,0;6,2;665,76;60,0;2065,32;51,0;1287,62;677,51;9,77;70,81;0,5685
28/03/2004;04.00.00;-200,0;1198,22;79,0;3,7;565,28;83,0;1979,78;43,0;1386,27;604,21;12,07;79,65;0,8857
28/03/2004;05.00.00;2,7;1471,96;104,0;8,8;793,79;182,0;1896,72;49,0;1284,37;706,8;10,35;71,91;0,5939
28/03/2004;06.00.00;2,7;1594,85;-200,0;9,9;836,91;61,0;2030,37;82,0;1569,48;839,63;15,13;67,88;0,828
28/03/2004;07.00.00;-200,0;1039,38;146,0;7,9;757,39;320,0;1895,46;146,0;1810,61;1147,54;15,55;67,51;0,8048
28/03/2004;08.00.00;-200,0;1143,61;434,0;16,2;1085,86;400,0;1740,22;171,0;1858,52;1360,38;12,75;60,83;0,6546
28/03/2004;09.00.00;2,1;1393,86;163,0;18,7;1159,78;162,0;2035,14;153,0;1892,4;1267,76;16,48;52,04;0,7511
28/03/2004;10.00.00;1,5;1135,99;99,0;7,1;721,57;228,0;1948,3;161,0;1922,45;1228,98;17,13;55,02;0,8075
28/03/2004;11.00.00;1,0;1034,48;-200,0;5,0;643,99;299,0;1866,98;-200,0;1597,16;901,6;19,78;39,78;0,798
28/03/2004;12.00.00;1,5;1219,32;82,0;4,2;599,53;96,0;2059,4;60,0;1427,92;719,9;16,15;43,21;0,6481
28/03/2004;13.00.00;1,8;-200,0;110,0;3,7;-200,0;108,0;-200,0;51,0;-200,0;-200,0;-200,0;-200,0;-200,0
28/03/2004;14.00.00;-200,0;1279,68;-200,0;3,6;594,22;399,0;1735,82;74,0;1520,5;783,03;21,49;37,96;0,6553
28/03/2004;15.00.00;1,1;1084,98;-200,0;7,5;737,97;138,0;2016,33;42,0;1298,87;656,08;16,02;37,29;0,6439
28/03/2004;16.00.00;1,3;1121,01;103,0;7,3;737,96;-200,0;2037,43;75,0;1403,93;783,75;17,0;45,32;0,7088
28/03/2004;17.00.00;-200,0;1340,37;64,0;4,3;589,65;167,0;1944,68;79,0;1325,97;781,48;14,79;30,91;0,4207
28/03/2004;18.00.00;-200,0;1411,91;259,0;9,3;762,72;347,0;1798,69;96,0;1427,96;853,13;17,54;38,59;0,5802
28/03/2004;19.00.00;3,6;1734,88;255,0;8,2;763,59;452,0;1555,49;107,0;1687,29;845,07;18,48;49,44;0,7945
28/03/2004;20.00.00;2,7;1547,22;419,0;15,0;1039,19;115,0;2032,49;164,0;1886,22;1251,24;18,84;51,34;0,7544
28/03/2004;21.00.00;1,5;1165,51;202,0;6,1;677,6;70,0;2073,58;62,0;1375,97;677,99;14,69;55,23;0,7024
28/03/2004;22.00.00;0,6;939,7;43,0;2,6;541,75;69,0;2144,05;49,0;1373,01;719,07;16,5;54,2;0,7645
28/03/2004;23.00.00;1,7;1224,44;91,0;4,0;588,72;72,0;2108,59;38,0;1185,4;484,8;9,28;60,37;0,4965
29/03/2004;00.00.00;1,0;1036,27;48,0;6,0;684,06;110,0;2065,13;77,0;1367,44;773,52;7,8;73,03;0,5688
29/03/2004;01.00.00;-200,0;1154,4;131,0;3,8;576,63;62,0;2119,09;102,0;1679,13;844,42;10,3;69,41;0,7401
29/03/2004;02.00.00;0,8;1016,23;195,0;5,7;659,53;138,0;2054,81;95,0;1553,52;857,96;10,68;73,34;0,7128
29/03/2004;03.00.00;1,6;1267,73;266,0;5,1;663,61;170,0;1987,17;71,0;1466,1;880,33;9,67;71,5;0,7614
29/03/2004;04.00.00;1,9;1210,24;122,0;12,9;909,01;141,0;1969,49;-200,0;1418,37;835,18;5,77;65,55;0,3817
29/03/2004;05.00.00;2,1;1406,07;218,0;7,7;738,49;-200,0;1993,59;76,0;1401,29;768,35;10,23;74,33;0,6824
29/03/2004;06.00.00;7,0;2040,0;314,0;8,7;739,56;-200,0;1716,14;135,0;1571,71;1027,35;8,59;69,32;0,518
29/03/2004;07.00.00;2,7;1552,36;-200,0;16,3;1088,26;549,0;1633,06;104,0;1686,52;971,9;13,58;74,6;0,816
29/03/2004;08.00.00;6,0;2040,0;220,0;20,9;1266,73;627,0;1314,91;267,0;2257,99;1908,47;14,18;53,66;0,6126
29/03/2004;09.00.00;5,4;2040,0;459,0;29,5;1585,2;389,0;1587,29;244,0;2111,94;1670,11;12,86;58,19;0,6697
29/03/2004;10.00.00;2,7;1479,81;400,0;26,9;1506,56;689,0;1387,61;215,0;1960,14;1629,28;15,01;42,86;0,5629
29/03/2004;11.00.00;3,3;1677,3;220,0;19,0;1176,72;177,0;1946,58;132,0;1666,86;1178,68;15,12;45,86;0,5582
29/03/2004;12.00.00;2,0;1213,02;126,0;8,5;784,55;123,0;2029,65;142,0;1739,42;1198,13;18,15;46,23;0,6048
29/03/2004;13.00.00;2,7;1466,86;147,0;9,9;832,79;202,0;1832,07;77,0;1393,57;809,61;20,98;28,13;0,5884
29/03/2004;14.00.00;3,6;1723,31;208,0;-200,0;987,65;183,0;1843,35;115,0;1598,5;944,25;17,6;35,67;0,5203
29/03/2004;15.00.00;1,9;-200,0;163,0;13,9;-200,0;200,0;-200,0;102,0;-200,0;-200,0;-200,0;-200,0;-200,0
29/03/2004;16.00.00;1,8;1265,8;197,0;6,5;709,92;141,0;2039,89;143,0;1750,85;1137,95;18,51;33,18;0,5388
29/03/2004;17.00.00;4,0;1852,6;224,0;16,6;1094,86;516,0;1603,22;213,0;1966,3;1527,05;17,48;40,41;0,6119
29/03/2004;18.00.00;6,3;2040,0;434,0;22,7;1322,88;1090,0;889,8;157,0;1844,07;1297,52;18,06;46,95;0,7074
29/03/2004;19.00.00;3,2;1662,59;181,0;31,5;1670,71;607,0;1401,08;-200,0;2360,38;1977,53;15,17;44,41;0,5825
29/03/2004;20.00.00;-200,0;1666,57;343,0;29,6;1611,29;577,0;1435,09;140,0;1725,57;1137,96;14,93;50,45;0,5859
29/03/2004;21.00.00;3,1;1618,28;184,0;7,8;762,01;126,0;2013,73;187,0;1855,68;1376,15;12,34;54,65;0,6327
29/03/2004;22.00.00;1,5;1140,67;-200,0;5,2;640,3;-200,0;2066,48;58,0;1416,88;670,4;17,37;58,74;0,8191
29/03/2004;23.00.00;0,9;922,8;-200,0;6,9;691,3;83,0;2156,02;-200,0;1334,05;706,24;12,31;57,63;0,5956
30/03/2004;00.00.00;1,5;1125,71;93,0;5,1;637,9;74,0;2064,95;59,0;1339,79;693,48;10,0;72,1;0,7098
30/03/2004;01.00.00;-200,0;1212,29;202,0;2,3;537,19;96,0;1948,41;79,0;1558,22;844,21;11,04;70,89;0,7711
30/03/2004;02.00.00;1,3;1194,85;113,0;3,3;578,67;-200,0;2056,73;80,0;1421,29;770,64;9,88;73,19;0,7617
30/03/2004;03.00.00;-200,0;1213,84;128,0;9,1;773,7;95,0;2020,88;102,0;1492,51;884,65;9,5;67,8;0,6695
30/03/2004;04.00.00;-200,0;1121,82;391,0;11,0;878,46;163,0;2065,88;90,0;1478,99;917,55;11,34;68,92;0,6881
30/03/2004;05.00.00;1,4;1109,22;113,0;5,4;653,67;149,0;2034,54;109,0;1613,31;948,47;12,12;68,54;0,6587
30/03/2004;06.00.00;2,0;1352,63;256,0;17,2;1114,33;415,0;1733,32;-200,0;1464,06;771,75;10,34;58,89;0,6355
30/03/2004;07.00.00;3,5;1731,78;587,0;15,3;1061,65;-200,0;1553,49;253,0;2190,47;1822,27;11,29;54,39;0,6226
30/03/2004;08.00.00;2,7;1486,93;367,0;15,2;1046,2;716,0;1474,15;-200,0;2088,4;1571,75;13,09;55,48;0,599
30/03/2004;09.00.00;3,9;1814,11;607,0;18,3;1146,63;-200,0;1117,23;216,0;2085,22;1591,16;10,33;56,44;0,5876
30/03/2004;10.00.00;-200,0;1717,76;341,0;10,6;856,29;324,0;1687,97;340,0;2584,05;2234,35;13,2;45,9;0,5103
30/03/2004;11.00.00;-200,0;1841,67;143,0;9,4;785,82;351,0;1717,33;55,0;1479,84;691,79;20,17;39,73;0,7685
30/03/2004;12.00.00;1,9;1279,36;167,0;4,8;618,4;393,0;1798,95;112,0;1584,44;1010,02;21,76;37,03;0,6831
30/03/2004;13.00.00;-200,0;1108,66;-200,0;8,5;769,51;153,0;2077,7;-200,0;1371,5;731,98;18,77;35,96;0,6769
30/03/2004;14.00.00;1,7;1213,63;112,0;10,1;846,55;86,0;1979,57;101,0;1524,59;835,56;20,92;34,67;0,6714
30/03/2004;15.00.00;1,4;1163,58;73,0;4,6;677,73;-200,0;2061,9;-200,0;1542,21;713,66;20,56;46,66;0,9228
30/03/2004;16.00.00;2,4;1467,05;139,0;-200,0;808,29;344,0;1773,44;39,0;1425,21;590,88;25,93;41,71;0,9885
30/03/2004;17.00.00;2,5;1476,03;136,0;9,8;853,91;237,0;1913,14;-200,0;2124,42;1501,4;21,51;43,36;0,8382
30/03/2004;18.00.00;1,5;1146,17;-200,0;24,8;1446,4;-200,0;1663,2;-200,0;1691,65;1141,09;18,22;46,94;0,6817
30/03/2004;19.00.00;11,9;2040,0;524,0;9,1;774,18;439,0;1289,35;327,0;2507,05;2075,4;15,53;39,83;0,5694
30/03/2004;20.00.00;3,9;1851,44;209,0;24,1;1410,44;465,0;1631,78;148,0;1668,15;1180,01;13,02;43,06;0,5336
30/03/2004;21.00.00;-200,0;1487,39;222,0;5,8;659,44;196,0;1911,56;111,0;1611,41;986,33;15,34;48,29;0,752
30/03/2004;22.00.00;0,9;995,12;69,0;6,2;683,64;87,0;2075,2;36,0;1285,51;605,94;12,13;65,16;0,7239
30/03/2004;23.00.00;0,7;949,53;71,0;3,7;613,75;92,0;2067,97;64,0;1313,29;705,42;9,59;60,09;0,5863
31/03/2004;00.00.00;1,2;1067,77;61,0;4,2;601,63;95,0;2063,14;45,0;1223,19;626,09;10,31;60,05;0,5517
31/03/2004;01.00.00;1,5;1169,72;113,0;3,0;542,4;201,0;1949,51;55,0;1343,13;659,08;8,64;67,01;0,6044
31/03/2004;02.00.00;1,9;1354,62;57,0;11,7;915,7;153,0;1927,66;68,0;1483,2;768,98;13,68;69,77;0,806
31/03/2004;03.00.00;1,8;1225,25;187,0;4,3;589,74;106,0;2002,76;47,0;1429,74;554,88;11,9;72,92;0,7778
31/03/2004;04.00.00;1,2;1095,02;234,0;5,0;652,02;146,0;2040,08;111,0;1620,84;998,35;10,29;72,22;0,6998
31/03/2004;05.00.00;-200,0;981,78;-200,0;17,8;1141,58;311,0;1865,87;84,0;1588,17;819,43;13,77;65,03;0,7553
31/03/2004;06.00.00;2,3;1369,06;122,0;12,8;910,82;248,0;1893,16;261,0;2245,74;1786,81;11,76;69,73;0,7348
31/03/2004;07.00.00;-200,0;1471,91;135,0;10,2;831,89;282,0;1812,75;155,0;1682,01;1221,15;10,92;59,38;0,5722
31/03/2004;08.00.00;2,9;1601,22;666,0;21,3;1284,52;641,0;1450,92;216,0;2122,46;1573,79;16,89;57,46;0,8066
31/03/2004;09.00.00;6,0;2040,0;955,0;20,6;1271,57;447,0;1583,01;160,0;1878,48;1238,41;16,22;57,01;0,8405
31/03/2004;10.00.00;2,0;1297,72;324,0;8,8;764,82;558,0;1619,94;110,0;1522,76;1029,38;14,36;45,71;0,5721
31/03/2004;11.00.00;3,1;1620,88;-200,0;-200,0;791,18;363,0;1725,57;173,0;1847,09;1334,72;17,26;41,73;0,6303
31/03/2004;12.00.00;1,3;1065,91;-200,0;9,6;801,68;-200,0;2036,52;-200,0;1762,89;1175,13;16,92;43,81;0,5578
31/03/2004;13.00.00;2,0;1325,55;255,0;14,2;990,6;471,0;1699,11;82,0;1374,71;804,45;16,7;33,7;0,5
31/03/2004;14.00.00;2,5;1415,74;-200,0;7,5;749,27;191,0;1891,98;-200,0;1556,49;880,56;21,82;34,27;0,6847
31/03/2004;15.00.00;1,6;1190,26;94,0;7,4;753,29;63,0;2085,17;129,0;1795,64;1054,79;23,96;38,36;0,8127
31/03/2004;16.00.00;3,6;1735,73;411,0;6,6;722,06;269,0;1817,66;110,0;1677,77;925,52;17,17;46,46;0,7832
31/03/2004;17.00.00;5,4;2040,0;375,0;20,0;1219,14;118,0;1893,95;170,0;1835,88;1329,13;20,59;41,02;0,6192
31/03/2004;18.00.00;-200,0;1964,96;455,0;27,0;1517,38;813,0;1339,2;216,0;2061,39;1591,66;17,37;43,21;0,6783
31/03/2004;19.00.00;5,3;2040,0;337,0;29,6;1624,08;-200,0;1427,99;195,0;2047,55;1474,97;16,66;47,23;0,7052
31/03/2004;20.00.00;-200,0;-200,0;572,0;19,1;-200,0;471,0;-200,0;228,0;-200,0;-200,0;-200,0;-200,0;-200,0
31/03/2004;21.00.00;3,0;1594,14;305,0;-200,0;678,55;293,0;1753,64;232,0;2145,73;1639,66;13,41;54,16;0,6385
31/03/2004;22.00.00;-200,0;1291,67;-200,0;10,1;817,37;200,0;2056,76;64,0;1445,24;674,53;13,94;58,09;0,7254
31/03/2004;23.00.00;-200,0;1076,78;128,0;5,0;647,13;87,0;2018,45;74,0;1465,29;788,6;10,98;64,19;0,6847
01/04/2004;00.00.00;0,7;918,07;122,0;4,2;623,75;102,0;2051,67;58,0;1343,63;614,04;12,34;66,64;0,689
01/04/2004;01.00.00;0,8;1002,38;104,0;6,4;698,3;127,0;2023,31;51,0;1358,55;710,55;10,91;70,81;0,7194
01/04/2004;02.00.00;3,4;1667,19;-200,0;6,8;686,43;43,0;2008,88;94,0;1524,21;866,81;10,03;69,16;0,6417
01/04/2004;03.00.00;1,8;1200,28;84,0;4,7;648,46;214,0;1883,75;102,0;1564,18;883,79;8,52;71,62;0,5576
01/04/2004;04.00.00;1,6;1242,07;76,0;7,0;713,37;264,0;1810,8;107,0;1553,14;936,43;9,36;64,57;0,6181
01/04/2004;05.00.00;3,1;1593,55;279,0;4,4;600,01;267,0;1875,35;175,0;1862,75;1342,67;12,52;67,32;0,7125
01/04/2004;06.00.00;1,8;1285,8;117,0;11,6;918,67;334,0;1785,06;225,0;2139,04;1498,9;12,81;73,01;0,7428
01/04/2004;07.00.00;4,1;1946,92;316,0;27,2;1541,61;-200,0;1143,17;184,0;1892,07;1407,53;10,88;63,92;0,608
01/04/2004;08.00.00;4,5;1959,13;-200,0;11,3;859,36;584,0;1450,78;236,0;2132,38;1691,29;14,24;57,88;0,6684
01/04/2004;09.00.00;5,2;2040,0;847,0;23,5;1395,28;595,0;1445,59;155,0;1967,64;1315,75;16,84;62,81;0,9513
01/04/2004;10.00.00;3,0;1570,26;200,0;21,5;1305,53;333,0;1690,43;300,0;2416,31;1973,65;13,29;41,86;0,4909
01/04/2004;11.00.00;1,8;1251,58;-200,0;16,1;1075,4;-200,0;2029,14;127,0;1587,59;983,24;18,93;38,78;0,6981
01/04/2004;12.00.00;1,6;1200,76;95,0;7,3;728,24;-200,0;1874,42;89,0;1564,96;839,14;17,55;49,16;0,7015
01/04/2004;13.00.00;-200,0;-200,0;226,0;5,7;-200,0;170,0;-200,0;72,0;-200,0;-200,0;-200,0;-200,0;-200,0
01/04/2004;14.00.00;-200,0;1278,64;224,0;6,4;713,92;86,0;2058,69;66,0;1415,82;695,89;18,64;34,73;0,6959
01/04/2004;15.00.00;1,0;963,34;140,0;12,1;889,66;179,0;2062,14;152,0;1698,22;1206,55;16,73;29,33;0,4352
01/04/2004;16.00.00;1,3;1115,3;-200,0;4,7;612,8;211,0;1950,91;-200,0;1596,23;1104,1;16,91;38,18;0,5924
01/04/2004;17.00.00;2,9;1525,91;342,0;8,3;799,16;306,0;1771,15;90,0;1512,43;900,84;19,77;40,46;0,7242
01/04/2004;18.00.00;3,7;1827,77;286,0;16,0;1056,72;-200,0;1508,84;132,0;1651,72;1148,65;19,39;35,13;0,5146
01/04/2004;19.00.00;4,6;2039,49;650,0;15,1;1010,54;302,0;1808,81;-200,0;2222,32;1696,06;16,03;43,63;0,6245
01/04/2004;20.00.00;3,6;1780,72;393,0;17,9;1153,58;729,0;1352,75;145,0;1767,08;1146,39;17,91;46,99;0,733
01/04/2004;21.00.00;-200,0;2040,0;114,0;-200,0;1231,82;350,0;1620,15;118,0;1587,5;962,21;12,02;54,61;0,5693
01/04/2004;22.00.00;1,6;1167,45;247,0;4,2;597,03;262,0;1925,46;123,0;1622,9;1100,38;13,91;52,39;0,5841
01/04/2004;23.00.00;1,1;1057,34;89,0;4,6;612,29;84,0;2102,87;-200,0;1482,94;753,21;10,42;68,59;0,6962
02/04/2004;00.00.00;1,3;1048,43;70,0;4,7;628,8;122,0;1971,97;31,0;1317,53;516,48;10,7;70,38;0,6425
02/04/2004;01.00.00;1,9;1268,22;100,0;4,8;667,5;55,0;2080,62;45,0;1295,29;576,22;11,31;66,85;0,7885
02/04/2004;02.00.00;1,5;1099,27;82,0;3,4;563,03;100,0;2024,46;76,0;1384,78;824,14;8,99;69,38;0,6168
02/04/2004;03.00.00;2,1;1347,01;-200,0;5,5;681,44;93,0;2081,36;114,0;1577,14;938,79;9,77;70,39;0,5905
02/04/2004;04.00.00;2,1;-200,0;197,0;6,2;-200,0;212,0;-200,0;68,0;-200,0;-200,0;-200,0;-200,0;-200,0
02/04/2004;05.00.00;1,8;1227,94;216,0;11,4;873,01;138,0;2032,63;112,0;1582,99;917,21;10,06;66,45;0,6125
02/04/2004;06.00.00;2,5;1462,06;269,0;-200,0;994,76;236,0;1787,9;107,0;1642,05;879,92;13,68;64,45;0,8824
02/04/2004;07.00.00;5,8;2040,0;245,0;9,0;788,84;426,0;1590,86;315,0;2526,49;2062,9;10,78;70,14;0,648
02/04/2004;08.00.00;-200,0;2040,0;304,0;19,1;1182,04;499,0;1569,37;296,0;2511,63;2121,05;15,31;62,47;0,8099
02/04/2004;09.00.00;3,1;1629,06;504,0;18,4;1184,9;342,0;1709,08;229,0;2239,38;1553,62;18,42;57,75;0,8824
02/04/2004;10.00.00;3,0;1619,98;434,0;35,0;1818,96;871,0;1290,26;113,0;1538,45;1063,84;11,89;50,27;0,5568
02/04/2004;11.00.00;-200,0;1054,61;164,0;13,1;976,73;313,0;1849,57;92,0;1465,82;882,12;16,45;38,49;0,5124
02/04/2004;12.00.00;2,2;1389,12;162,0;6,4;693,89;479,0;1558,25;48,0;1353,11;626,46;20,23;40,14;0,646
02/04/2004;13.00.00;-200,0;1614,75;186,0;6,5;685,64;138,0;1959,87;106,0;1624,67;1034,39;19,46;42,34;0,6991
02/04/2004;14.00.00;1,1;1117,52;139,0;6,9;715,57;165,0;1962,39;110,0;1488,97;942,26;21,11;29,4;0,527
02/04/2004;15.00.00;1,8;1249,65;221,0;8,8;782,67;191,0;1986,62;-200,0;1521,34;984,69;19,33;38,26;0,606
02/04/2004;16.00.00;2,8;1483,69;97,0;10,7;874,67;417,0;1750,86;82,0;1565,34;821,84;20,54;47,3;0,8167
02/04/2004;17.00.00;4,0;1881,87;138,0;14,1;967,28;671,0;1383,26;218,0;2106,03;1548,87;19,56;42,8;0,7798
02/04/2004;18.00.00;-200,0;2040,0;-200,0;17,5;1126,94;418,0;1514,47;340,0;2673,42;2223,08;21,41;47,42;0,8735
02/04/2004;19.00.00;2,2;1394,51;538,0;20,6;1261,36;426,0;1703,74;193,0;1939,8;1465,58;18,55;45,17;0,6598
02/04/2004;20.00.00;4,4;2018,61;362,0;17,3;1109,79;477,0;1604,52;291,0;2428,57;1966,06;17,51;53,26;0,7711
02/04/2004;21.00.00;1,4;1127,02;188,0;5,8;654,95;481,0;1658,19;-200,0;1668,26;1074,16;14,72;49,49;0,6261
02/04/2004;22.00.00;1,1;1108,83;142,0;6,5;705,2;164,0;2020,98;63,0;1366,63;660,38;13,27;61,71;0,6446
02/04/2004;23.00.00;1,6;1262,31;89,0;3,9;603,45;120,0;2060,14;83,0;1453,75;779,98;12,18;65,35;0,7851
03/04/2004;00.00.00;1,2;1106,17;-200,0;2,3;548,15;-200,0;2066,06;-200,0;1319,94;561,97;13,0;67,0;0,8027
03/04/2004;01.00.00;1,6;1184,48;78,0;11,9;917,58;-200,0;2004,87;34,0;1332,35;532,97;10,57;74,99;0,8018
03/04/2004;02.00.00;1,0;1093,06;115,0;6,0;667,22;-200,0;1906,64;54,0;1370,16;683,57;11,49;67,51;0,7164
03/04/2004;03.00.00;2,4;1470,96;153,0;6,0;702,36;185,0;1913,97;63,0;1460,74;750,41;14,89;69,89;0,7853
03/04/2004;04.00.00;2,0;1320,42;172,0;5,8;676,04;286,0;1839,02;45,0;1409,11;635,92;12,66;70,69;0,8611
03/04/2004;05.00.00;-200,0;1442,46;163,0;9,9;809,03;112,0;2004,18;99,0;1454,75;969,62;10,76;63,26;0,5803
03/04/2004;06.00.00;1,4;1168,06;171,0;5,9;702,27;610,0;1449,25;80,0;1518,71;853,26;14,61;66,68;0,7955
03/04/2004;07.00.00;-200,0;1957,31;300,0;11,7;899,74;550,0;1474,92;96,0;1510,39;945,98;12,43;53,23;0,5901
03/04/2004;08.00.00;3,2;1622,49;553,0;12,4;942,63;453,0;1632,59;240,0;2195,88;1683,04;10,37;62,72;0,6721
03/04/2004;09.00.00;2,9;1561,55;324,0;23,5;1376,8;776,0;1365,64;171,0;1932,38;1230,81;13,73;53,05;0,6817
03/04/2004;10.00.00;-200,0;1763,27;230,0;9,8;836,51;311,0;1866,41;209,0;2012,36;1452,59;13,3;45,56;0,5713
03/04/2004;11.00.00;2,6;1438,14;219,0;14,7;1025,27;303,0;1837,76;-200,0;1622,55;1054,95;17,54;39,65;0,5767
03/04/2004;12.00.00;1,3;1112,91;197,0;7,7;735,98;258,0;1856,27;84,0;1497,25;851,89;19,32;38,92;0,6296
03/04/2004;13.00.00;3,5;1651,44;-200,0;9,8;830,2;259,0;1778,95;117,0;1754,04;1059,53;23,43;40,67;0,8739
03/04/2004;14.00.00;-200,0;1603,69;-200,0;7,9;759,9;135,0;1921,91;87,0;1509,65;811,14;21,23;38,17;0,7019
03/04/2004;15.00.00;1,9;1311,14;83,0;9,7;821,2;228,0;1890,18;73,0;1448,96;805,77;20,3;31,29;0,5949
03/04/2004;16.00.00;2,0;1273,64;135,0;5,2;642,38;154,0;1984,35;99,0;1547,14;906,06;22,23;31,2;0,6552
03/04/2004;17.00.00;2,6;1474,83;373,0;15,1;1025,65;379,0;1693,74;141,0;1672,37;1167,11;15,65;40,52;0,5698
03/04/2004;18.00.00;1,8;1216,68;373,0;7,5;721,77;-200,0;1728,08;119,0;1593,8;1047,26;19,75;36,48;0,4949
03/04/2004;19.00.00;3,7;1740,13;259,0;17,7;1123,11;221,0;1834,35;340,0;2643,31;2300,63;19,78;44,12;0,7592
03/04/2004;20.00.00;3,1;1602,82;228,0;11,9;912,29;-200,0;1815,61;-200,0;1863,59;1246,92;14,08;48,78;0,5856
03/04/2004;21.00.00;1,7;1230,99;106,0;5,5;654,11;346,0;1785,01;108,0;1648,11;938,7;18,03;54,38;0,8449
03/04/2004;22.00.00;1,2;1117,05;191,0;4,1;602,1;117,0;2004,15;-200,0;1268,28;651,8;15,13;61,77;0,7601
03/04/2004;23.00.00;0,5;858,72;48,0;3,4;562,11;156,0;2000,46;52,0;1246,7;554,49;12,41;55,51;0,5405
04/04/2004;00.00.00;0,7;992,02;21,0;3,4;572,71;44,0;2148,04;45,0;1340,12;674,84;13,68;55,74;0,682
04/04/2004;01.00.00;-200,0;1178,06;37,0;3,3;575,55;-200,0;2001,45;-200,0;1314,25;505,66;16,16;65,32;0,8803
04/04/2004;02.00.00;2,1;1361,34;75,0;4,5;630,45;94,0;2058,39;36,0;1311,86;574,15;11,48;78,96;0,843
04/04/2004;03.00.00;0,9;1024,92;62,0;3,5;567,65;97,0;2088,67;41,0;1330,45;635,61;11,44;80,68;0,7965
04/04/2004;04.00.00;1,4;1162,42;-200,0;4,4;616,14;74,0;2025,11;-200,0;1310,36;752,89;10,2;79,11;0,8233
04/04/2004;05.00.00;2,1;1312,0;117,0;5,2;642,78;149,0;2031,14;71,0;1472,87;742,76;9,92;67,19;0,6779
04/04/2004;06.00.00;1,4;1134,74;98,0;7,5;721,08;112,0;2043,46;73,0;1384,93;862,42;14,07;56,39;0,6976
04/04/2004;07.00.00;2,7;1490,8;124,0;13,3;941,1;189,0;1883,77;118,0;1606,01;963,58;11,73;49,85;0,5117
04/04/2004;08.00.00;2,6;-200,0;346,0;17,4;-200,0;316,0;-200,0;-200,0;-200,0;-200,0;-200,0;-200,0;-200,0
04/04/2004;09.00.00;4,0;1809,2;-200,0;13,9;991,08;289,0;1763,71;167,0;1880,01;1297,52;14,99;51,58;0,6803
04/04/2004;10.00.00;1,4;1177,46;63,0;11,5;886,66;-200,0;1793,08;122,0;1736,66;970,82;18,2;54,41;0,8573
04/04/2004;11.00.00;1,1;1069,63;71,0;8,2;782,16;60,0;2098,26;89,0;1574,99;824,99;19,11;47,91;0,8379
04/04/2004;12.00.00;1,6;1271,82;53,0;5,5;651,84;136,0;2070,57;76,0;1589,94;749,87;21,56;40,98;0,8465
04/04/2004;13.00.00;1,4;1154,59;93,0;8,0;743,72;114,0;2114,53;62,0;1382,09;729,66;19,26;32,53;0,4754
04/04/2004;14.00.00;1,3;1115,64;100,0;3,8;584,22;-200,0;2044,45;-200,0;1158,44;635,76;20,24;30,38;0,4796
04/04/2004;15.00.00;1,6;1152,39;83,0;2,4;499,91;-200,0;2051,28;-200,0;1331,1;657,6;18,99;35,84;0,5445
04/04/2004;16.00.00;1,0;973,62;79,0;3,9;606,12;-200,0;2002,42;81,0;1418,05;838,13;19,89;38,67;0,5885
04/04/2004;17.00.00;-200,0;1112,65;219,0;13,5;963,29;178,0;1964,52;109,0;1699,88;966,59;21,03;38,94;0,7113
04/04/2004;18.00.00;2,0;1343,61;235,0;9,8;845,34;304,0;1843,8;143,0;1754,45;1244,71;21,0;34,67;0,6648
04/04/2004;19.00.00;2,3;1317,32;164,0;13,7;990,54;478,0;1625,83;118,0;1598,41;1028,23;16,6;46,82;0,6601
04/04/2004;20.00.00;2,1;1392,7;141,0;-200,0;792,16;281,0;1936,33;109,0;1611,56;1042,75;18,98;50,04;0,7875
04/04/2004;21.00.00;2,6;1501,54;95,0;8,8;789,9;-200,0;2049,23;75,0;1497,94;791,37;18,66;47,21;0,8101
04/04/2004;22.00.00;1,6;-200,0;68,0;4,7;-200,0;-200,0;-200,0;44,0;-200,0;-200,0;-200,0;-200,0;-200,0
04/04/2004;23.00.00;1,2;1111,92;61,0;3,6;617,99;72,0;2060,44;-200,0;1448,7;516,86;17,2;65,01;0,9688
05/04/2004;00.00.00;-200,0;1154,97;94,0;-200,0;675,86;52,0;2139,14;30,0;1191,52;498,36;11,07;63,87;0,6995
05/04/2004;01.00.00;1,1;1054,22;67,0;4,5;584,62;92,0;2086,42;117,0;1523,72;1011,22;9,33;75,85;0,6766
05/04/2004;02.00.00;1,1;1041,87;63,0;7,1;736,15;142,0;2035,45;135,0;1742,8;1077,21;7,76;72,21;0,6908
05/04/2004;03.00.00;1,1;993,63;148,0;6,5;708,94;396,0;1855,7;80,0;1548,82;821,94;14,14;67,88;0,8032
05/04/2004;04.00.00;-200,0;1144,04;200,0;7,5;749,65;228,0;1887,01;100,0;1676,88;831,76;12,63;69,65;0,8715
05/04/2004;05.00.00;1,9;1256,4;326,0;6,5;692,73;-200,0;1867,03;130,0;1639,42;1042,96;11,71;68,22;0,6649
05/04/2004;06.00.00;-200,0;1129,64;247,0;10,2;822,82;589,0;1552,78;96,0;1580,63;826,71;13,17;61,4;0,7294
05/04/2004;07.00.00;3,5;1764,5;233,0;13,1;974,86;558,0;1465,1;212,0;2002,38;1542,5;11,4;56,75;0,5501
05/04/2004;08.00.00;4,1;1944,78;548,0;33,5;1792,24;820,0;1168,93;340,0;2775,0;2326,82;19,75;60,48;1,0856
05/04/2004;09.00.00;3,8;1778,18;406,0;11,6;922,63;512,0;1554,41;135,0;1736,4;1191,64;16,41;56,54;0,7653
05/04/2004;10.00.00;5,0;2040,0;186,0;23,0;1358,72;-200,0;1783,73;114,0;1608,63;1093,0;17,66;50,67;0,7771
05/04/2004;11.00.00;-200,0;1048,9;-200,0;6,0;678,25;340,0;1825,45;163,0;1846,69;1300,59;20,1;50,89;0,852
05/04/2004;12.00.00;1,8;1245,57;-200,0;11,7;875,7;525,0;1591,51;97,0;1521,79;923,65;20,65;36,88;0,7086
05/04/2004;13.00.00;0,8;1031,96;282,0;6,2;678,7;411,0;1830,85;-200,0;1511,99;758,24;20,93;45,1;0,7897
05/04/2004;14.00.00;-200,0;1273,22;149,0;9,8;840,45;260,0;1824,52;80,0;1457,58;905,16;19,4;30,42;0,5916
05/04/2004;15.00.00;2,3;1365,25;-200,0;7,2;726,79;-200,0;1892,1;59,0;1273,46;727,36;22,09;29,25;0,5209
05/04/2004;16.00.00;-200,0;1061,17;77,0;5,1;638,73;117,0;1971,61;86,0;1465,41;847,18;24,74;26,13;0,5257
05/04/2004;17.00.00;1,8;1298,98;151,0;21,6;1311,34;-200,0;1969,02;93,0;1609,87;915,9;23,17;34,5;0,7636
05/04/2004;18.00.00;2,1;1389,71;248,0;25,1;1441,0;561,0;1574,25;-200,0;2539,36;2182,97;22,87;37,07;0,7267
05/04/2004;19.00.00;4,4;1969,93;819,0;25,9;1463,87;-200,0;1621,89;245,0;2194,7;1689,07;17,63;45,94;0,6896
05/04/2004;20.00.00;3,2;1610,33;323,0;14,0;979,91;744,0;1419,72;203,0;1957,46;1476,33;15,46;48,87;0,6283
05/04/2004;21.00.00;2,2;1343,42;207,0;15,4;1036,44;159,0;1874,66;155,0;1715,84;1121,98;15,9;46,35;0,5617
05/04/2004;22.00.00;1,4;1026,35;183,0;-200,0;598,29;-200,0;2005,85;181,0;1955,35;1292,21;14,97;55,01;0,6998
05/04/2004;23.00.00;0,9;1035,18;105,0;2,1;514,58;78,0;2125,5;39,0;1400,14;665,21;15,84;59,46;0,8651
06/04/2004;00.00.00;1,8;1186,26;72,0;2,6;531,8;158,0;1930,3;-200,0;1171,21;527,13;9,43;55,91;0,5567
06/04/2004;01.00.00;1,5;1172,62;148,0;3,8;592,95;-200,0;1936,89;60,0;1446,71;647,17;15,08;62,74;0,8198
06/04/2004;02.00.00;1,0;1045,13;83,0;4,6;616,9;103,0;2086,55;39,0;1237,33;573,05;11,21;65,59;0,7206
06/04/2004;03.00.00;1,3;1087,88;141,0;5,9;645,3;242,0;1865,34;70,0;1406,12;797,91;10,5;77,23;0,6958
06/04/2004;04.00.00;1,3;1093,08;87,0;6,7;683,7;98,0;2067,61;-200,0;1615,29;1006,0;9,5;70,4;0,6244
06/04/2004;05.00.00;3,2;1650,09;-200,0;6,9;704,47;106,0;2005,42;160,0;1780,57;1287,71;8,71;70,96;0,6339
06/04/2004;06.00.00;3,0;1584,07;315,0;4,9;600,32;199,0;1929,96;74,0;1401,04;706,48;14,46;57,29;0,7042
06/04/2004;07.00.00;3,1;1679,23;442,0;17,2;1143,83;189,0;1931,73;130,0;1708,69;1157,64;14,0;67,03;0,7958
06/04/2004;08.00.00;7,9;2040,0;616,0;19,6;1236,98;573,0;1399,0;268,0;2231,4;1952,04;12,48;63,22;0,6339
06/04/2004;09.00.00;7,2;2040,0;1189,0;16,8;1102,78;584,0;1311,34;305,0;2307,3;1990,21;13,76;42,07;0,3958
06/04/2004;10.00.00;-200,0;-200,0;286,0;27,8;-200,0;374,0;-200,0;233,0;-200,0;-200,0;-200,0;-200,0;-200,0
06/04/2004;11.00.00;2,1;1400,93;153,0;10,5;847,02;380,0;1730,91;205,0;2185,66;1541,85;22,19;45,54;0,9057
06/04/2004;12.00.00;1,8;1249,26;214,0;9,7;829,35;179,0;1907,77;133,0;1805,88;1122,38;19,37;42,55;0,7536
06/04/2004;13.00.00;1,4;1101,49;112,0;11,6;907,81;126,0;2074,36;92,0;1420,14;886,2;17,68;33,08;0,4764
06/04/2004;14.00.00;3,3;1556,99;-200,0;4,5;589,37;140,0;1963,9;124,0;1603,53;975,28;20,69;33,14;0,5606
06/04/2004;15.00.00;1,2;1115,16;126,0;7,5;766,35;112,0;1967,95;87,0;1474,16;827,85;20,81;31,07;0,5631
06/04/2004;16.00.00;2,6;1528,22;362,0;11,9;912,64;173,0;1969,62;107,0;1463,5;969,15;15,79;35,22;0,5164
06/04/2004;17.00.00;3,4;1730,79;326,0;12,4;917,36;-200,0;1658,86;121,0;1649,39;1167,71;20,58;42,46;0,7471
06/04/2004;18.00.00;3,4;1634,01;426,0;11,3;870,04;-200,0;1834,98;215,0;2024,74;1495,68;19,43;35,47;0,6328
06/04/2004;19.00.00;8,0;2040,0;215,0;17,7;1141,17;510,0;1374,1;139,0;1835,21;1208,94;20,25;48,06;0,7922
06/04/2004;20.00.00;2,1;1357,68;272,0;19,1;1203,86;-200,0;1485,33;272,0;2367,99;1914,82;21,35;43,49;0,8046
06/04/2004;21.00.00;2,3;1418,96;-200,0;5,1;634,34;463,0;1737,74;-200,0;1595,88;764,8;18,61;47,82;0,7577
06/04/2004;22.00.00;-200,0;1225,16;106,0;3,9;555,34;118,0;2064,67;56,0;1390,07;699,57;14,52;60,81;0,8183
06/04/2004;23.00.00;1,7;1225,7;199,0;10,2;823,2;-200,0;1816,23;26,0;1187,96;500,04;11,64;65,67;0,6944
07/04/2004;00.00.00;-200,0;1183,22;96,0;5,6;682,77;67,0;2027,32;41,0;1572,9;650,45;18,17;68,79;1,1542
07/04/2004;01.00.00;-200,0;946,76;88,0;9,4;807,54;111,0;2028,11;45,0;1276,21;611,22;12,35;60,81;0,5946
07/04/2004;02.00.00;2,3;1381,59;96,0;8,5;787,74;89,0;2069,12;74,0;1423,27;824,91;11,76;66,86;0,708
07/04/2004;03.00.00;1,9;1273,49;123,0;8,0;749,71;202,0;1917,01;-200,0;1310,53;596,68;11,51;73,92;0,7727
07/04/2004;04.00.00;1,2;1048,18;80,0;6,9;716,66;626,0;1583,97;75,0;1465,02;789,87;12,13;69,4;0,7761
07/04/2004;05.00.00;1,7;1251,32;-200,0;10,1;836,58;484,0;1644,85;79,0;1505,77;818,36;11,94;62,02;0,6176
07/04/2004;06.00.00;1,5;1156,23;250,0;19,0;1188,07;-200,0;1814,36;69,0;1452,97;736,39;11,88;66,82;0,7906
07/04/2004;07.00.00;3,1;1572,28;282,0;21,8;1313,62;334,0;1707,45;189,0;1842,49;1423,62;12,96;57,23;0,648
07/04/2004;08.00.00;4,5;2011,04;411,0;-200,0;1368,12;557,0;1479,58;-200,0;2135,6;1593,46;15,2;65,43;0,7946
07/04/2004;09.00.00;3,8;1793,4;597,0;20,3;1287,79;960,0;1123,68;241,0;2270,78;1768,73;15,47;59,53;0,7844
07/04/2004;10.00.00;-200,0;1569,66;-200,0;19,6;1235,45;-200,0;1543,7;233,0;2147,21;1662,33;16,43;50,16;0,6854
07/04/2004;11.00.00;1,4;1201,5;406,0;9,4;799,58;312,0;1863,99;127,0;1828,18;1071,8;19,27;49,61;0,9604
07/04/2004;12.00.00;2,3;1416,23;192,0;11,4;905,43;257,0;1929,54;94,0;1563,67;947,53;19,58;39,4;0,7168
07/04/2004;13.00.00;1,0;1076,89;115,0;6,5;683,32;336,0;1900,53;128,0;1756,12;1093,17;23,9;40,04;0,8687
07/04/2004;14.00.00;1,8;1252,8;78,0;6,8;723,99;338,0;1776,02;79,0;1380,25;806,65;16,09;41,8;0,5667
07/04/2004;15.00.00;-200,0;1047,36;146,0;5,1;639,42;99,0;2070,77;72,0;1461,52;708,65;23,74;35,03;0,7987
07/04/2004;16.00.00;2,0;1382,98;120,0;7,4;738,98;-200,0;1888,38;121,0;1670,03;1027,54;23,88;33,14;0,7662
07/04/2004;17.00.00;2,7;1471,65;-200,0;9,9;826,31;433,0;1657,04;110,0;1343,89;1001,74;16,74;27,69;0,2488
07/04/2004;18.00.00;4,3;1962,5;411,0;35,2;1849,62;406,0;1573,29;296,0;2454,23;2133,08;19,41;38,66;0,6773
07/04/2004;19.00.00;-200,0;2040,0;560,0;-200,0;1052,31;1001,0;1019,3;245,0;2204,6;1610,9;18,32;46,92;0,7354
07/04/2004;20.00.00;5,2;2040,0;218,0;20,5;1239,82;-200,0;1625,53;322,0;2562,3;2140,46;15,04;51,87;0,6008
07/04/2004;21.00.00;1,4;1081,27;150,0;7,8;735,73;-200,0;1670,88;122,0;1733,36;1008,85;15,0;54,32;0,7404
07/04/2004;22.00.00;1,5;1213,11;104,0;6,6;701,91;135,0;2027,11;100,0;1556,88;872,34;13,04;53,75;0,7233
07/04/2004;23.00.00;2,5;1440,96;92,0;5,4;663,98;120,0;2052,07;33,0;1300,26;453,61;17,56;50,92;0,7896
08/04/2004;00.00.00;1,2;1130,23;87,0;2,3;533,52;114,0;2002,35;81,0;1524,73;844,23;15,1;61,8;0,8519
08/04/2004;01.00.00;1,0;1031,75;262,0;-200,0;596,21;246,0;1891,46;75,0;1496,59;806,77;14,98;65,61;0,93
08/04/2004;02.00.00;1,4;1234,47;44,0;4,2;614,57;197,0;1937,04;56,0;1361,29;697,69;13,38;67,37;0,7402
08/04/2004;03.00.00;1,4;1065,08;196,0;4,2;591,71;139,0;2060,8;102,0;1515,65;909,29;9,51;72,64;0,5683
08/04/2004;04.00.00;1,2;1103,17;219,0;8,0;757,27;171,0;2030,87;-200,0;1448,97;656,91;10,88;78,86;0,8162
08/04/2004;05.00.00;-200,0;1491,33;114,0;9,6;813,7;198,0;1918,85;83,0;1595,69;778,55;13,41;67,75;0,7755
08/04/2004;06.00.00;2,9;-200,0;174,0;7,3;-200,0;288,0;-200,0;92,0;-200,0;-200,0;-200,0;-200,0;-200,0
08/04/2004;07.00.00;2,0;1327,02;631,0;16,6;1098,24;289,0;1802,49;234,0;2174,88;1629,49;15,69;59,25;0,788
08/04/2004;08.00.00;-200,0;1894,56;335,0;18,3;1173,42;-200,0;1469,44;340,0;2709,46;2290,89;14,99;56,83;0,7643
08/04/2004;09.00.00;3,5;1695,06;339,0;20,8;1287,35;1061,0;1066,89;205,0;1901,37;1467,63;16,01;47,4;0,6387
08/04/2004;10.00.00;1,9;1363,5;-200,0;12,7;953,9;765,0;1388,92;119,0;1633,74;1104,07;19,48;47,49;0,7565
08/04/2004;11.00.00;-200,0;1170,53;270,0;13,7;987,36;156,0;2031,04;-200,0;1607,99;881,83;20,15;44,8;0,7698
08/04/2004;12.00.00;-200,0;1133,37;265,0;17,5;1128,99;117,0;2113,87;108,0;1548,64;955,55;19,58;39,87;0,671
08/04/2004;13.00.00;1,9;1220,91;241,0;11,4;910,71;167,0;1962,64;96,0;1527,85;873,23;23,41;38,24;0,7084
08/04/2004;14.00.00;1,5;1088,17;198,0;13,2;965,17;92,0;2070,65;-200,0;1422,09;867,14;19,43;36,33;0,5999
08/04/2004;15.00.00;1,2;1036,09;-200,0;4,4;609,52;-200,0;2088,72;65,0;1315,67;734,72;23,0;24,69;0,4401
08/04/2004;16.00.00;1,7;1272,31;161,0;6,7;700,28;256,0;1923,45;164,0;1890,97;1366,35;22,78;37,34;0,7909
08/04/2004;17.00.00;3,5;1698,6;322,0;15,8;1035,77;333,0;1824,67;115,0;1542,37;1070,55;20,47;32,6;0,5011
08/04/2004;18.00.00;4,2;1909,98;481,0;32,7;1759,52;-200,0;1817,56;155,0;1780,98;1225,78;20,95;33,34;0,6595
08/04/2004;19.00.00;-200,0;-200,0;317,0;27,0;-200,0;951,0;-200,0;-200,0;-200,0;-200,0;-200,0;-200,0;-200,0
08/04/2004;20.00.00;-200,0;1676,17;232,0;11,9;901,97;403,0;1641,84;177,0;1929,82;1355,19;19,91;49,05;0,8158
08/04/2004;21.00.00;4,2;1976,73;139,0;9,5;826,67;235,0;1825,08;146,0;1737,5;1180,36;16,39;50,43;0,7181
08/04/2004;22.00.00;1,7;1266,41;142,0;7,4;742,76;240,0;1861,65;55,0;1345,99;736,48;14,42;47,79;0,5481
08/04/2004;23.00.00;1,0;1051,23;124,0;4,5;618,74;127,0;1995,1;64,0;1463,75;697,39;16,36;62,94;0,89
09/04/2004;00.00.00;-200,0;1054,08;85,0;3,4;565,33;101,0;2073,17;-200,0;1351,58;685,92;12,02;56,82;0,5696
09/04/2004;01.00.00;0,8;975,07;61,0;4,7;648,64;-200,0;2057,21;42,0;1298,34;623,84;9,82;67,58;0,5998
09/04/2004;02.00.00;1,3;1125,61;117,0;6,0;691,6;182,0;1865,59;58,0;1263,63;705,14;9,03;69,87;0,6371
09/04/2004;03.00.00;1,9;1279,2;86,0;4,5;610,12;-200,0;2097,68;58,0;1354,74;647,67;13,18;73,72;0,7881
09/04/2004;04.00.00;2,2;1391,01;107,0;11,2;869,81;174,0;1882,66;-200,0;1417,05;682,77;9,58;77,58;0,6463
09/04/2004;05.00.00;1,7;1254,7;142,0;7,4;732,89;135,0;1993,44;162,0;1906,7;1357,32;16,15;60,05;0,8377
09/04/2004;06.00.00;6,1;2040,0;152,0;10,6;855,46;459,0;1467,25;131,0;1583,37;1162,43;9,27;63,75;0,5703
09/04/2004;07.00.00;-200,0;-200,0;199,0;23,4;-200,0;820,0;-200,0;324,0;-200,0;-200,0;-200,0;-200,0;-200,0
09/04/2004;08.00.00;2,4;1414,74;798,0;20,4;1238,04;646,0;1471,52;340,0;2635,6;2253,76;16,1;58,12;0,8125
09/04/2004;09.00.00;6,6;2040,0;203,0;31,2;1676,79;485,0;1447,42;339,0;2673,39;2273,97;16,78;52,37;0,7502
09/04/2004;10.00.00;4,1;1894,38;251,0;10,9;841,44;646,0;1418,93;282,0;2409,59;1954,37;17,17;44,87;0,6862
09/04/2004;11.00.00;2,6;1486,15;202,0;-200,0;982,78;-200,0;1683,78;183,0;1948,14;1367,5;20,27;40,08;0,7084
09/04/2004;12.00.00;1,7;1193,42;291,0;12,9;939,26;-200,0;1965,33;180,0;1753,8;1343,62;20,43;32,98;0,4839
09/04/2004;13.00.00;2,2;1376,48;-200,0;6,2;681,91;346,0;1803,79;112,0;1602,23;974,92;23,51;40,64;0,7724
09/04/2004;14.00.00;-200,0;1690,83;129,0;-200,0;723,72;162,0;1924,76;108,0;1639,15;914,14;22,03;36,2;0,8
09/04/2004;15.00.00;1,8;1206,16;-200,0;7,0;716,59;108,0;2048,37;104,0;1601,44;981,32;22,27;37,88;0,7466
09/04/2004;16.00.00;1,2;1064,37;259,0;9,4;813,9;214,0;1997,01;84,0;1444,26;862,53;21,07;32,35;0,6425
09/04/2004;17.00.00;-200,0;956,26;-200,0;15,2;1017,84;530,0;1601,07;184,0;1873,64;1340,88;21,19;32,42;0,5829
09/04/2004;18.00.00;4,2;1889,42;-200,0;13,0;938,12;524,0;1605,17;301,0;2441,95;2050,5;21,12;33,17;0,6089
09/04/2004;19.00.00;-200,0;1561,79;393,0;20,5;1233,86;354,0;1820,55;190,0;1995,97;1403,67;16,05;44,08;0,5795
09/04/2004;20.00.00;3,4;1654,83;423,0;32,1;1678,58;404,0;1717,71;-200,0;1803,16;1227,12;15,57;41,43;0,673
09/04/2004;21.00.00;1,8;1276,18;402,0;16,6;1137,99;481,0;1656,86;103,0;1685,48;851,33;18,46;60,53;0,9676
09/04/2004;22.00.00;1,1;1051,94;156,0;8,7;792,48;175,0;2084,77;113,0;1591,34;975,43;16,02;49,41;0,6469
09/04/2004;23.00.00;0,9;1010,51;78,0;4,4;598,76;106,0;2112,75;51,0;1322,95;703,05;14,1;61,66;0,6655
10/04/2004;00.00.00;-200,0;-200,0;137,0;9,4;-200,0;84,0;-200,0;34,0;-200,0;-200,0;-200,0;-200,0;-200,0
10/04/2004;01.00.00;1,6;1182,91;152,0;6,9;699,38;163,0;1965,59;38,0;1387,13;557,25;13,54;69,62;0,8078
10/04/2004;02.00.00;1,6;1161,7;146,0;5,3;657,87;184,0;1988,28;45,0;1385,47;670,09;11,27;69,3;0,7423
10/04/2004;03.00.00;0,9;1045,7;119,0;6,4;725,33;77,0;2032,62;53,0;1348,78;739,95;10,62;64,19;0,6698
10/04/2004;04.00.00;1,1;889,13;88,0;5,5;666,65;234,0;1985,48;-200,0;1370,33;657,97;12,74;61,51;0,6629
10/04/2004;05.00.00;-200,0;1276,04;53,0;8,5;746,44;224,0;1901,67;100,0;1556,39;992,8;10,89;70,47;0,7338
10/04/2004;06.00.00;-200,0;1572,07;-200,0;11,3;870,24;448,0;1615,18;94,0;1629,47;950,45;14,46;71,29;0,8537
10/04/2004;07.00.00;3,9;1779,71;342,0;16,7;1073,09;331,0;1723,53;168,0;1848,27;1221,6;11,27;57,84;0,5391
10/04/2004;08.00.00;-200,0;1457,42;201,0;-200,0;1075,53;753,0;1361,53;90,0;1601,73;907,89;17,94;49,99;0,8231
10/04/2004;09.00.00;5,0;2040,0;407,0;9,8;822,4;572,0;1381,04;-200,0;2335,18;1851,79;18,12;38,74;0,5912
10/04/2004;10.00.00;1,5;1104,92;-200,0;14,3;1027,84;-200,0;1932,83;140,0;1768,2;1099,1;18,98;41,47;0,7008
10/04/2004;11.00.00;1,9;1330,32;220,0;12,3;910,63;369,0;1753,6;123,0;1708,55;963,71;21,64;41,46;0,8087
10/04/2004;12.00.00;2,1;1418,05;114,0;5,4;667,78;274,0;1861,05;142,0;1864,83;1185,33;24,04;46,3;1,0417
10/04/2004;13.00.00;0,8;949,76;99,0;6,9;672,58;133,0;1993,38;90,0;1522,15;852,78;23,53;38,81;0,7445
10/04/2004;14.00.00;3,2;1611,01;118,0;11,0;848,88;180,0;1907,82;-200,0;1725,24;1180,9;18,32;35,17;0,5212
10/04/2004;15.00.00;2,4;1462,69;72,0;4,0;566,28;-200,0;1861,49;39,0;1246,22;605,83;19,62;31,03;0,508
10/04/2004;16.00.00;2,1;1331,77;199,0;6,5;655,23;-200,0;1920,32;74,0;1283,13;855,48;20,75;30,73;0,5133
10/04/2004;17.00.00;1,6;1222,08;202,0;18,3;1183,19;-200,0;1791,15;-200,0;1440,52;710,78;21,56;42,47;0,8249
10/04/2004;18.00.00;3,0;1662,46;185,0;15,7;1058,42;251,0;1856,41;180,0;1994,78;1355,1;21,75;39,31;0,8111
10/04/2004;19.00.00;4,5;1942,26;263,0;13,8;981,76;360,0;1679,84;-200,0;1912,76;1405,59;18,22;31,52;0,5577
10/04/2004;20.00.00;2,0;1235,49;354,0;14,1;977,74;534,0;1612,31;-200,0;1569,72;951,05;18,84;43,0;0,6772
10/04/2004;21.00.00;1,9;1283,42;-200,0;12,6;951,7;261,0;1879,3;-200,0;2070,48;1595,53;15,66;46,74;0,6384
10/04/2004;22.00.00;1,9;1307,89;132,0;5,2;626,61;119,0;1992,28;56,0;1399,12;719,89;14,66;52,96;0,6871
10/04/2004;23.00.00;0,7;880,88;48,0;5,4;665,64;187,0;2071,14;24,0;1309,55;526,8;11,86;62,85;0,6948
11/04/2004;00.00.00;1,1;1014,12;52,0;3,9;605,26;49,0;2126,86;52,0;1303,06;674,11;12,0;62,96;0,6268
11/04/2004;01.00.00;0,6;947,66;64,0;4,4;617,88;77,0;2075,65;57,0;1319,81;667,09;10,35;65,98;0,7246
11/04/2004;02.00.00;-200,0;954,35;-200,0;5,6;666,58;115,0;2112,94;43,0;1346,8;480,69;10,6;74,73;0,7754
11/04/2004;03.00.00;1,0;-200,0;62,0;4,2;-200,0;-200,0;-200,0;70,0;-200,0;-200,0;-200,0;-200,0;-200,0
11/04/2004;04.00.00;1,5;1212,13;117,0;3,6;560,99;146,0;1948,63;43,0;1371,51;581,41;10,65;77,48;0,8187
11/04/2004;05.00.00;1,1;1138,57;-200,0;6,8;725,9;209,0;1939,37;-200,0;1533,76;717,48;18,32;63,01;1,0124
11/04/2004;06.00.00;1,7;1218,11;253,0;6,5;700,0;158,0;2048,32;87,0;1552,34;892,34;14,83;63,95;0,7599
11/04/2004;07.00.00;1,6;1231,64;309,0;7,9;746,54;179,0;1914,93;140,0;1714,89;1128,07;15,25;58,37;0,7527
11/04/2004;08.00.00;2,1;1298,06;200,0;14,9;1014,81;284,0;1832,03;126,0;1602,15;1180,21;14,37;56,05;0,6088
11/04/2004;09.00.00;4,0;1925,36;159,0;19,9;1228,01;105,0;1912,96;116,0;1694,14;1086,08;18,78;53,0;0,8731
11/04/2004;10.00.00;-200,0;1114,46;104,0;8,9;771,11;372,0;1829,68;-200,0;1578,77;907,23;17,52;48,28;0,7122
11/04/2004;11.00.00;2,1;1297,89;144,0;7,1;730,49;193,0;1882,72;41,0;1321,82;637,75;20,13;38,01;0,6595
11/04/2004;12.00.00;1,4;1254,51;164,0;3,8;585,79;132,0;2044,77;62,0;1432,87;760,73;26,04;32,43;0,8517
11/04/2004;13.00.00;-200,0;1157,16;-200,0;5,1;633,98;64,0;2034,53;33,0;1247,62;544,7;21,52;47,7;0,8775
11/04/2004;14.00.00;0,8;994,28;83,0;5,7;669,96;-200,0;2035,39;45,0;1275,59;644,79;24,51;30,97;0,681
11/04/2004;15.00.00;0,8;1041,69;91,0;5,0;626,06;95,0;2100,54;37,0;1245,4;553,85;20,97;36,27;0,6644
11/04/2004;16.00.00;1,1;997,92;180,0;4,9;608,96;-200,0;2030,7;76,0;1378,49;757,55;22,14;25,35;0,404
11/04/2004;17.00.00;1,7;1228,52;107,0;10,2;862,76;191,0;1959,58;69,0;1424,78;755,82;25,25;33,79;0,7758
11/04/2004;18.00.00;2,8;1512,94;77,0;10,9;843,21;-200,0;1905,06;176,0;1686,87;1346,3;19,66;37,41;0,5094
11/04/2004;19.00.00;2,3;1394,26;374,0;32,1;1712,25;540,0;1631,21;-200,0;1500,05;808,31;23,51;44,14;0,9045
11/04/2004;20.00.00;2,0;1230,9;125,0;11,1;844,53;417,0;1748,34;105,0;1547,08;847,58;20,09;32,5;0,6073
11/04/2004;21.00.00;1,6;1187,53;-200,0;2,4;533,93;233,0;1881,87;80,0;1397,74;875,03;16,26;51,6;0,7361
11/04/2004;22.00.00;1,4;1189,68;-200,0;3,0;545,41;-200,0;1980,89;61,0;1414,51;757,61;17,35;49,68;0,7042
11/04/2004;23.00.00;1,3;1147,86;-200,0;4,5;651,73;45,0;2109,63;85,0;1597,26;786,69;16,83;61,4;0,8809
12/04/2004;00.00.00;-200,0;988,94;123,0;3,6;571,04;147,0;2038,05;28,0;1244,44;499,23;15,3;58,06;0,704
12/04/2004;01.00.00;1,2;1082,52;272,0;4,2;607,5;304,0;1897,01;47,0;1294,51;568,8;10,12;61,83;0,585
12/04/2004;02.00.00;-200,0;1363,77;79,0;-200,0;577,85;149,0;1941,85;129,0;1730,91;987,12;11,3;66,53;0,8251
12/04/2004;03.00.00;-200,0;1054,27;133,0;5,7;677,17;-200,0;2011,41;57,0;1376,1;624,48;12,09;63,25;0,77
12/04/2004;04.00.00;-200,0;1246,08;-200,0;8,2;785,38;-200,0;2060,04;-200,0;1544,15;913,29;12,61;65,52;0,7276
12/04/2004;05.00.00;1,8;1231,75;186,0;9,9;827,91;91,0;1947,54;71,0;1446,91;781,4;14,5;60,14;0,7556
12/04/2004;06.00.00;1,9;1305,1;165,0;7,3;719,63;241,0;1790,79;76,0;1502,42;737,61;14,41;54,08;0,6195
12/04/2004;07.00.00;-200,0;2040,0;241,0;21,1;1274,53;783,0;1240,96;132,0;1663,37;1105,29;12,42;64,61;0,6662
12/04/2004;08.00.00;-200,0;1928,15;334,0;13,4;976,21;1023,0;1070,92;340,0;2686,6;2262,05;17,05;48,69;0,7247
12/04/2004;09.00.00;7,2;2040,0;359,0;25,0;1453,8;569,0;1344,58;-200,0;1828,66;1248,89;18,81;49,62;0,7731
12/04/2004;10.00.00;3,3;1721,09;267,0;18,0;1156,45;514,0;1514,56;159,0;1919,61;1285,19;20,0;49,62;0,9026
12/04/2004;11.00.00;2,8;1572,4;81,0;7,9;771,95;176,0;2001,86;-200,0;1688,87;949,79;22,25;38,44;0,8353
12/04/2004;12.00.00;1,7;1144,15;184,0;6,2;685,39;248,0;1901,42;138,0;1599,93;1223,58;22,79;33,66;0,7003
12/04/2004;13.00.00;1,5;1186,71;141,0;9,7;846,7;169,0;1983,12;134,0;1740,2;1076,65;22,84;36,06;0,7393
12/04/2004;14.00.00;2,0;1276,01;109,0;6,2;687,08;195,0;1911,37;89,0;1478,04;837,1;22,28;38,72;0,6795
12/04/2004;15.00.00;2,0;1270,78;144,0;6,9;677,81;163,0;1959,82;30,0;1080,24;475,92;19,27;26,67;0,4787
12/04/2004;16.00.00;2,4;1396,16;163,0;11,1;886,51;192,0;1911,17;72,0;1411,52;666,81;23,28;32,38;0,6189
12/04/2004;17.00.00;3,0;1535,14;211,0;15,0;1024,17;503,0;1663,58;94,0;1490,82;918,48;22,33;26,27;0,4987
12/04/2004;18.00.00;2,3;1441,14;367,0;12,8;942,28;1127,0;1149,91;288,0;2423,6;1896,94;21,67;35,82;0,7299
12/04/2004;19.00.00;3,1;1656,3;333,0;20,2;1251,11;530,0;1536,03;169,0;1904,31;1330,84;17,53;41,69;0,674
12/04/2004;20.00.00;4,7;2018,08;-200,0;12,1;900,92;854,0;1248,84;326,0;2606,29;2136,9;16,72;41,58;0,5681
12/04/2004;21.00.00;-200,0;1156,33;470,0;15,2;1046,89;170,0;2063,57;-200,0;1780,56;1203,98;19,69;48,23;0,7981
12/04/2004;22.00.00;-200,0;1174,17;97,0;11,5;882,78;148,0;1955,04;104,0;1559,71;943,01;16,21;48,13;0,6291
12/04/2004;23.00.00;1,2;1150,96;92,0;3,4;586,65;61,0;2070,09;112,0;1665,71;894,54;16,45;59,9;0,7784
13/04/2004;00.00.00;1,6;1210,95;226,0;4,6;617,63;89,0;1997,77;39,0;1372,52;580,7;14,31;68,26;0,8074
13/04/2004;01.00.00;1,5;1151,65;79,0;7,4;730,34;162,0;1959,29;36,0;1212,85;685,67;13,52;60,36;0,6261
13/04/2004;02.00.00;1,1;1148,9;131,0;6,0;686,19;-200,0;1900,78;-200,0;1549,03;747,19;14,84;64,53;0,8533
13/04/2004;03.00.00;1,2;1103,97;320,0;8,4;780,21;118,0;2028,26;103,0;1650,77;910,11;11,76;70,77;0,7625
13/04/2004;04.00.00;1,4;1222,42;-200,0;7,7;745,21;228,0;1868,67;69,0;1514,68;774,23;13,16;73,71;0,8717
13/04/2004;05.00.00;2,3;1349,1;280,0;5,7;676,91;363,0;1788,44;97,0;1562,87;863,51;12,54;58,38;0,5954
13/04/2004;06.00.00;1,0;1037,87;229,0;11,2;895,48;-200,0;1779,03;175,0;1928,12;1338,67;13,39;62,14;0,6618
13/04/2004;07.00.00;3,4;1721,46;255,0;23,7;1416,03;466,0;1603,25;244,0;2198,25;1748,33;14,68;60,67;0,7651
13/04/2004;08.00.00;3,1;1670,13;438,0;23,6;1370,6;452,0;1599,92;-200,0;2014,79;1396,96;16,94;54,41;0,7875
13/04/2004;09.00.00;4,5;2013,43;374,0;39,0;1991,04;435,0;1615,76;252,0;2208,42;1856,44;16,84;37,87;0,5351
13/04/2004;10.00.00;-200,0;1807,55;599,0;8,0;742,9;-200,0;1781,46;129,0;1826,28;1130,43;21,6;48,1;0,8978
13/04/2004;11.00.00;1,3;-200,0;219,0;12,9;-200,0;289,0;-200,0;78,0;-200,0;-200,0;-200,0;-200,0;-200,0
13/04/2004;12.00.00;1,9;1256,15;235,0;7,2;734,33;166,0;1948,33;158,0;1830,6;1272,52;20,96;38,11;0,7176
13/04/2004;13.00.00;2,0;1319,77;-200,0;6,0;668,97;279,0;1835,67;47,0;1352,07;663,26;21,24;29,51;0,6468
13/04/2004;14.00.00;1,8;1287,13;163,0;12,7;932,07;209,0;1965,25;91,0;1603,1;875,84;25,52;30,31;0,7818
13/04/2004;15.00.00;1,6;1217,36;119,0;6,7;725,87;196,0;1957,56;-200,0;1492,09;842,07;23,19;41,11;0,9392
13/04/2004;16.00.00;1,2;1121,22;93,0;7,5;743,2;100,0;1973,41;-200,0;1631,09;1071,97;24,69;37,42;0,7928
13/04/2004;17.00.00;-200,0;1279,45;417,0;14,2;963,05;333,0;1918,7;110,0;1607,02;957,56;19,15;37,87;0,6522
13/04/2004;18.00.00;2,2;1474,29;420,0;7,9;770,52;405,0;1705,96;285,0;2407,46;1955,1;21,86;39,31;0,7354
13/04/2004;19.00.00;5,0;2040,0;573,0;34,4;1809,24;1407,0;697,63;210,0;2031,49;1600,67;22,07;37,95;0,6565
13/04/2004;20.00.00;-200,0;1718,52;-200,0;35,4;1849,42;-200,0;1808,88;301,0;2520,61;2119,98;19,25;44,6;0,8122
13/04/2004;21.00.00;2,3;1430,1;345,0;15,4;1039,57;-200,0;1836,96;-200,0;1754,06;1121,87;19,92;49,87;0,8432
13/04/2004;22.00.00;-200,0;983,97;142,0;7,5;740,69;180,0;2038,87;51,0;1336,66;695,65;15,46;57,66;0,7076
13/04/2004;23.00.00;1,2;1140,02;88,0;4,4;617,49;70,0;2167,23;64,0;1568,71;730,0;18,11;66,8;1,0119
14/04/2004;00.00.00;1,5;1252,64;121,0;3,1;573,8;227,0;1874,62;60,0;1587,64;806,02;19,06;68,32;1,0773
14/04/2004;01.00.00;-200,0;961,1;-200,0;8,2;760,89;271,0;1880,39;57,0;1343,61;684,56;12,94;58,49;0,6261
14/04/2004;02.00.00;1,2;1089,33;183,0;8,4;781,62;98,0;2128,92;53,0;1419,96;613,75;12,28;68,51;0,7315
14/04/2004;03.00.00;0,9;1024,86;97,0;8,0;776,79;128,0;2135,57;100,0;1702,22;959,88;15,91;71,68;1,0573
14/04/2004;04.00.00;1,5;1201,04;145,0;-200,0;812,33;461,0;1719,69;62,0;1508,31;695,81;16,33;70,48;0,9459
14/04/2004;05.00.00;1,4;1125,82;113,0;9,6;794,15;387,0;1837,14;72,0;1465,86;742,88;12,62;62,44;0,7745
14/04/2004;06.00.00;-200,0;1483,14;132,0;8,7;787,19;237,0;1848,65;140,0;1799,18;1136,35;13,62;77,3;0,9531
14/04/2004;07.00.00;3,4;1714,84;259,0;39,8;2043,42;499,0;1517,02;159,0;1847,27;1322,82;14,94;52,61;0,6916
14/04/2004;08.00.00;6,5;2040,0;-200,0;18,7;1210,75;321,0;1629,94;-200,0;1679,26;1027,43;14,02;49,24;0,6317
14/04/2004;09.00.00;4,1;1872,83;538,0;17,8;1165,39;1455,0;718,1;169,0;1911,17;1354,15;16,16;51,17;0,7044
14/04/2004;10.00.00;-200,0;1786,34;-200,0;24,0;1412,93;438,0;1606,5;197,0;2095,71;1458,85;17,29;55,93;0,8872
14/04/2004;11.00.00;-200,0;-200,0;278,0;11,0;-200,0;372,0;-200,0;113,0;-200,0;-200,0;-200,0;-200,0;-200,0
14/04/2004;12.00.00;1,4;1132,2;157,0;9,1;805,62;158,0;2051,27;99,0;1538,88;914,79;21,47;35,94;0,5931
14/04/2004;13.00.00;2,5;1486,15;131,0;14,2;999,34;129,0;1985,29;101,0;1697,07;953,31;22,8;39,8;0,8235
14/04/2004;14.00.00;2,7;1499,01;186,0;9,8;844,53;228,0;2004,84;-200,0;1612,8;856,72;25,93;32,52;0,8282
14/04/2004;15.00.00;2,2;1347,98;112,0;9,7;799,52;405,0;1722,42;85,0;1432,85;761,12;21,0;30,33;0,5411
14/04/2004;16.00.00;2,0;1326,97;340,0;5,0;640,95;171,0;1899,33;-200,0;1363,99;566,46;24,8;35,44;0,8131
14/04/2004;17.00.00;1,9;1295,42;294,0;14,4;1001,67;217,0;1904,67;134,0;1705,82;1220,23;21,9;35,77;0,6597
14/04/2004;18.00.00;5,4;2040,0;212,0;12,2;931,5;555,0;1473,65;167,0;1870,37;1256,22;21,44;42,42;0,7281
14/04/2004;19.00.00;5,0;2040,0;-200,0;17,2;1121,73;1120,0;905,23;227,0;2195,66;1723,0;21,85;47,46;0,8355
14/04/2004;20.00.00;7,1;2040,0;269,0;18,3;1162,18;356,0;1548,45;-200,0;2294,29;1867,56;17,05;46,88;0,6032
14/04/2004;21.00.00;-200,0;1219,31;111,0;10,7;856,2;255,0;1916,73;-200,0;1608,82;820,29;18,76;51,46;0,8602
14/04/2004;22.00.00;2,0;1321,81;180,0;8,1;754,63;217,0;1951,08;73,0;1352,61;755,78;17,04;55,73;0,6834
14/04/2004;23.00.00;1,5;1150,65;127,0;6,3;711,56;155,0;2007,23;-200,0;1482,77;733,68;16,48;61,45;0,8284
15/04/2004;00.00.00;1,0;1028,42;60,0;6,3;663,84;89,0;2071,26;48,0;1370,71;702,55;15,25;62,75;0,7783
15/04/2004;01.00.00;-200,0;1399,89;124,0;3,1;577,69;188,0;1911,79;39,0;1410,53;597,99;18,79;65,33;1,0369
15/04/2004;02.00.00;-200,0;1224,81;155,0;14,6;1037,77;175,0;1935,94;-200,0;1373,77;631,37;12,1;73,11;0,691
15/04/2004;03.00.00;1,1;1185,18;-200,0;6,6;720,74;164,0;1987,35;75,0;1536,06;795,91;12,14;75,32;0,8299
15/04/2004;04.00.00;1,6;1172,59;210,0;11,9;906,33;272,0;1819,26;69,0;1317,96;705,16;12,13;59,59;0,5764
15/04/2004;05.00.00;1,4;1120,06;185,0;3,3;581,15;296,0;1837,74;51,0;1414,05;607,47;12,77;65,38;0,7871
15/04/2004;06.00.00;1,9;1299,11;332,0;9,6;804,31;178,0;1967,72;-200,0;1551,07;887,85;13,4;59,03;0,6546
15/04/2004;07.00.00;4,0;1892,15;195,0;8,8;806,54;772,0;1253,95;-200,0;1665,11;992,1;18,08;57,19;0,8777
15/04/2004;08.00.00;-200,0;2040,0;456,0;15,0;1064,55;661,0;1244,34;289,0;2542,46;1970,29;19,75;56,41;0,9609
15/04/2004;09.00.00;4,5;2010,34;468,0;21,2;1292,6;1025,0;1025,81;142,0;1789,18;1185,99;17,06;53,09;0,7831
15/04/2004;10.00.00;2,5;1431,89;201,0;13,7;998,98;432,0;1637,33;271,0;2326,05;1860,31;17,84;44,52;0,6788
15/04/2004;11.00.00;2,7;1508,84;144,0;18,2;1142,1;321,0;1762,58;245,0;2146,56;1678,91;21,65;31,18;0,5715
15/04/2004;12.00.00;2,6;1444,81;94,0;17,8;1125,88;-200,0;1873,11;80,0;1410,49;782,53;20,64;32,19;0,5944
15/04/2004;13.00.00;-200,0;1025,75;-200,0;5,7;682,81;261,0;1952,61;76,0;1550,38;810,03;23,8;38,64;0,8546
15/04/2004;14.00.00;1,8;1226,67;121,0;6,3;706,72;-200,0;1785,7;115,0;1481,8;1079,48;23,44;18,65;0,3549
15/04/2004;15.00.00;1,6;1193,74;83,0;4,9;632,74;-200,0;1955,0;116,0;1658,73;1021,37;20,17;37,68;0,679
15/04/2004;16.00.00;2,6;1505,0;267,0;13,1;984,05;211,0;1982,19;81,0;1619,19;776,5;26,13;34,96;0,9173
15/04/2004;17.00.00;-200,0;1620,9;290,0;13,1;930,65;498,0;1596,3;118,0;1862,54;1079,97;26,13;40,73;1,0345
15/04/2004;18.00.00;4,3;1984,56;274,0;18,0;1163,71;582,0;1432,76;-200,0;1845,77;1326,61;20,52;36,02;0,6881
15/04/2004;19.00.00;3,4;1703,39;456,0;22,9;1335,21;1479,0;687,56;-200,0;1856,73;1368,35;19,93;30,43;0,5323
15/04/2004;20.00.00;3,5;1722,44;317,0;15,1;1073,02;523,0;1541,68;251,0;2293,55;1764,27;20,07;47,24;0,7728
15/04/2004;21.00.00;3,2;1715,18;115,0;7,8;767,1;-200,0;1571,07;126,0;1765,0;1114,38;18,88;56,12;0,867
15/04/2004;22.00.00;-200,0;1216,77;132,0;6,5;706,26;220,0;1921,2;57,0;1488,91;715,96;18,23;59,02;0,9347
15/04/2004;23.00.00;-200,0;1204,04;159,0;4,2;611,15;44,0;2124,72;55,0;1487,36;598,39;19,73;55,43;0,9896
16/04/2004;00.00.00;0,7;1011,81;141,0;5,2;673,78;74,0;2118,79;46,0;1358,76;659,37;14,52;62,65;0,9192
16/04/2004;01.00.00;-200,0;1154,43;97,0;2,8;567,95;98,0;1993,68;132,0;1756,46;1087,23;12,49;62,41;0,7344
16/04/2004;02.00.00;0,7;919,81;92,0;6,3;669,74;-200,0;2120,68;62,0;1354,67;698,05;10,82;62,77;0,5627
16/04/2004;03.00.00;1,3;1094,5;158,0;5,1;659,78;-200,0;1951,58;95,0;1570,07;918,82;11,95;72,26;0,7291
16/04/2004;04.00.00;1,8;-200,0;159,0;7,9;-200,0;104,0;-200,0;96,0;-200,0;-200,0;-200,0;-200,0;-200,0
16/04/2004;05.00.00;2,5;1505,01;156,0;11,9;925,91;134,0;2034,08;90,0;1617,84;840,69;17,67;60,6;0,9018
16/04/2004;06.00.00;1,6;1196,74;441,0;8,5;787,4;304,0;1770,12;135,0;1729,9;1130,67;13,84;56,69;0,6793
16/04/2004;07.00.00;3,6;1713,33;266,0;24,0;1402,05;921,0;1073,44;180,0;1981,05;1313,54;16,36;51,03;0,6623
16/04/2004;08.00.00;6,9;2040,0;630,0;-200,0;854,13;321,0;1638,99;340,0;2739,6;2286,73;17,09;54,87;0,8761
16/04/2004;09.00.00;3,3;1744,35;457,0;37,3;1947,75;343,0;1714,54;-200,0;2184,2;1659,6;20,79;55,29;1,0254
16/04/2004;10.00.00;1,9;1266,0;338,0;24,9;1440,93;336,0;1788,96;-200,0;1586,63;834,41;24,76;43,9;0,9586
16/04/2004;11.00.00;2,6;1471,51;114,0;7,9;723,77;271,0;1905,13;246,0;2186,15;1696,8;19,85;32,96;0,5148
16/04/2004;12.00.00;1,3;1174,65;276,0;6,5;686,26;121,0;2080,05;86,0;1517,42;991,27;20,97;40,96;0,7642
16/04/2004;13.00.00;-200,0;1137,34;-200,0;4,7;609,55;154,0;2040,34;94,0;1598,62;933,25;24,83;42,32;0,9675
16/04/2004;14.00.00;2,4;1439,79;156,0;10,7;837,05;134,0;1978,32;71,0;1506,51;754,5;24,61;28,87;0,6917
16/04/2004;15.00.00;3,2;1717,76;210,0;6,4;687,03;205,0;1899,18;67,0;1459,85;764,58;27,11;29,09;0,7808
16/04/2004;16.00.00;1,3;-200,0;193,0;7,2;-200,0;-200,0;-200,0;66,0;-200,0;-200,0;-200,0;-200,0;-200,0
16/04/2004;17.00.00;2,0;1262,41;147,0;8,0;739,88;304,0;1803,71;71,0;1508,57;780,62;22,02;42,0;0,7892
16/04/2004;18.00.00;-200,0;1653,56;248,0;35,2;1825,78;412,0;1685,21;155,0;1773,35;1107,01;23,13;34,16;0,6993
16/04/2004;19.00.00;3,3;1676,14;411,0;14,0;1021,48;413,0;1700,77;-200,0;2243,26;1833,43;23,13;33,82;0,6728
16/04/2004;20.00.00;-200,0;2040,0;177,0;17,1;1113,23;471,0;1551,78;-200,0;1680,13;1041,21;21,35;47,98;0,8903
16/04/2004;21.00.00;1,9;1410,05;336,0;11,7;912,16;-200,0;1994,39;140,0;1843,76;1122,18;19,43;53,48;0,8943
16/04/2004;22.00.00;1,3;1151,64;108,0;5,4;666,97;-200,0;1902,95;150,0;1832,34;1109,03;19,25;54,17;0,8509
16/04/2004;23.00.00;2,1;1363,56;87,0;3,7;591,22;55,0;2057,65;59,0;1492,02;655,98;18,25;55,69;0,8995
17/04/2004;00.00.00;1,3;1202,85;47,0;3,6;592,01;-200,0;2072,06;30,0;1414,26;531,08;17,85;66,93;0,9998
17/04/2004;01.00.00;1,7;1304,49;104,0;5,7;657,96;-200,0;2005,61;60,0;1452,34;779,41;15,59;67,45;0,8539
17/04/2004;02.00.00;0,9;1025,14;88,0;4,5;606,31;99,0;2076,45;80,0;1471,97;808,75;13,46;62,77;0,7143
17/04/2004;03.00.00;-200,0;1078,87;93,0;10,7;872,0;178,0;1935,93;-200,0;1648,38;887,86;13,91;67,47;0,8213
17/04/2004;04.00.00;1,0;1070,97;-200,0;4,7;612,79;314,0;1842,99;-200,0;1540,22;833,52;16,2;59,85;0,8293
17/04/2004;05.00.00;2,2;1414,84;230,0;9,5;839,26;248,0;1878,88;97,0;1544,04;888,85;12,66;68,24;0,7784
17/04/2004;06.00.00;3,0;-200,0;231,0;4,5;-200,0;134,0;-200,0;128,0;-200,0;-200,0;-200,0;-200,0;-200,0
17/04/2004;07.00.00;2,1;1400,48;273,0;9,2;811,59;202,0;1920,57;-200,0;1937,51;1244,72;15,33;56,05;0,7983
17/04/2004;08.00.00;3,0;1598,89;279,0;12,1;910,17;416,0;1772,55;-200,0;2050,95;1516,97;17,38;53,72;0,8093
17/04/2004;09.00.00;3,0;1563,14;307,0;10,9;887,58;-200,0;1533,69;149,0;1793,58;1152,34;21,18;49,43;0,8611
17/04/2004;10.00.00;-200,0;1262,7;-200,0;14,0;989,48;556,0;1621,43;189,0;2045,38;1470,28;20,3;49,04;0,8487
17/04/2004;11.00.00;-200,0;1218,66;210,0;8,7;795,26;167,0;1972,24;-200,0;1531,4;931,27;21,21;43,18;0,7505
17/04/2004;12.00.00;2,3;1425,44;-200,0;3,2;574,07;154,0;1981,66;196,0;1998,77;1505,11;19,43;35,72;0,6818
17/04/2004;13.00.00;-200,0;1132,97;132,0;14,8;1051,68;152,0;2008,36;-200,0;1561,82;705,69;24,44;37,46;0,9351
17/04/2004;14.00.00;1,6;1210,36;224,0;6,9;707,04;138,0;1992,66;94,0;1580,27;818,94;24,74;33,84;0,8004
17/04/2004;15.00.00;-200,0;1062,56;183,0;6,2;712,38;277,0;1924,18;-200,0;1399,56;509,92;27,95;29,09;0,8322
17/04/2004;16.00.00;-200,0;1178,91;99,0;11,7;899,88;166,0;1942,59;68,0;1422,19;730,35;22,83;31,22;0,6481
17/04/2004;17.00.00;1,8;1322,38;226,0;14,6;1020,68;-200,0;1805,23;-200,0;1518,46;786,1;23,39;32,9;0,7096
17/04/2004;18.00.00;-200,0;1295,22;215,0;12,7;953,53;562,0;1631,73;102,0;1606,88;954,64;22,65;39,02;0,7065
17/04/2004;19.00.00;4,4;2040,0;427,0;7,7;727,14;860,0;1208,79;149,0;1904,44;1262,92;24,27;38,39;0,8448
17/04/2004;20.00.00;-200,0;1846,21;605,0;17,0;1108,61;361,0;1771,89;170,0;1852,65;1334,83;19,72;42,62;0,6804
17/04/2004;21.00.00;1,4;1108,17;-200,0;6,2;701,69;385,0;1778,7;92,0;1583,87;842,48;19,18;59,07;0,9865
17/04/2004;22.00.00;1,2;1102,48;-200,0;8,7;786,89;272,0;1826,7;91,0;1593,6;931,73;18,54;58,58;0,9259
17/04/2004;23.00.00;1,1;1124,77;-200,0;3,1;567,42;85,0;2092,76;36,0;1351,58;525,93;16,49;54,42;0,8609
18/04/2004;00.00.00;-200,0;891,96;55,0;3,0;587,31;56,0;2045,0;52,0;1350,04;624,67;14,4;64,55;0,8433
18/04/2004;01.00.00;-200,0;909,88;-200,0;2,3;523,35;201,0;1910,71;-200,0;1326,02;552,39;14,88;65,15;0,8433
18/04/2004;02.00.00;1,8;1326,11;146,0;2,6;563,54;146,0;1992,02;70,0;1533,87;699,59;16,14;68,31;0,9251
18/04/2004;03.00.00;0,8;943,85;57,0;4,5;608,76;103,0;2078,16;68,0;1491,21;733,81;11,77;67,66;0,7943
18/04/2004;04.00.00;-200,0;1361,76;60,0;4,7;632,78;151,0;1984,14;80,0;1596,43;853,15;14,26;72,3;0,8844
18/04/2004;05.00.00;0,8;990,98;62,0;4,6;632,12;83,0;2052,72;60,0;1431,35;691,23;13,09;66,29;0,7724
18/04/2004;06.00.00;-200,0;1362,42;170,0;14,5;1036,96;-200,0;1843,14;114,0;1724,6;940,17;17,68;61,39;0,9268
18/04/2004;07.00.00;1,8;1267,69;119,0;11,4;896,03;-200,0;2146,68;59,0;1369,57;706,67;13,28;63,18;0,7085
18/04/2004;08.00.00;2,4;1353,88;300,0;11,9;923,93;-200,0;1590,51;151,0;1822,42;1227,42;16,41;54,79;0,7669
18/04/2004;09.00.00;4,8;2040,0;-200,0;4,2;600,7;231,0;1751,32;137,0;1782,38;1096,94;19,58;49,58;0,7376
18/04/2004;10.00.00;1,3;1139,38;140,0;12,6;940,97;117,0;2101,44;134,0;1819,51;1105,33;23,25;45,88;0,8792
18/04/2004;11.00.00;2,0;1328,76;97,0;21,4;1310,4;72,0;2016,3;-200,0;1477,97;868,05;21,19;39,5;0,7492
18/04/2004;12.00.00;1,7;1256,18;143,0;5,5;628,81;113,0;2011,77;49,0;1410,12;613,69;21,25;36,29;0,7528
18/04/2004;13.00.00;4,3;1972,85;102,0;4,0;593,55;169,0;1868,04;-200,0;1341,9;614,94;26,92;30,45;0,7978
18/04/2004;14.00.00;0,9;925,26;36,0;5,4;636,4;65,0;2088,23;58,0;1313,99;691,59;20,76;27,83;0,4665
18/04/2004;15.00.00;1,0;1002,17;-200,0;2,9;535,77;66,0;2148,5;52,0;1179,47;563,62;19,43;25,98;0,3618
18/04/2004;16.00.00;1,8;1275,04;-200,0;6,6;707,34;105,0;2073,94;83,0;1394,48;761,65;24,53;24,62;0,5915
18/04/2004;17.00.00;-200,0;1190,94;125,0;13,3;961,14;261,0;1922,81;-200,0;1560,03;999,58;22,15;28,98;0,539
18/04/2004;18.00.00;1,9;1271,69;175,0;8,0;748,88;396,0;1813,51;116,0;1545,81;1038,81;20,32;35,37;0,6548
18/04/2004;19.00.00;-200,0;1729,76;312,0;9,1;818,75;-200,0;1748,72;-200,0;1749,74;1167,52;22,74;40,48;0,8394
18/04/2004;20.00.00;-200,0;1287,21;195,0;9,6;828,36;387,0;1810,92;155,0;1886,47;1143,26;20,61;42,95;0,7929
18/04/2004;21.00.00;1,2;1066,33;131,0;5,6;652,93;218,0;1967,41;70,0;1400,73;674,57;17,7;37,19;0,5625
18/04/2004;22.00.00;1,5;1195,97;83,0;2,5;564,68;-200,0;2022,0;48,0;1432,1;614,89;14,97;61,5;0,806
18/04/2004;23.00.00;-200,0;1146,21;-200,0;3,1;588,31;107,0;2075,05;-200,0;1333,33;537,87;18,07;63,4;0,9716
19/04/2004;00.00.00;1,1;1054,17;69,0;-200,0;628,77;58,0;2083,25;69,0;1462,42;689,92;16,8;63,67;0,8779
19/04/2004;01.00.00;1,1;1101,59;87,0;8,6;759,78;-200,0;1950,51;57,0;1473,91;698,5;14,5;73,84;0,8699
19/04/2004;02.00.00;1,0;1013,53;81,0;-200,0;822,99;-200,0;2010,98;95,0;1565,88;936,0;17,89;61,21;0,8147
19/04/2004;03.00.00;2,0;1318,12;141,0;11,2;911,61;170,0;1915,36;51,0;1395,0;691,68;11,89;76,15;0,7966
19/04/2004;04.00.00;1,5;1153,28;174,0;10,0;825,32;305,0;1921,11;71,0;1390,68;871,86;11,15;61,27;0,6949
19/04/2004;05.00.00;1,4;1206,18;323,0;9,0;798,72;230,0;1801,8;-200,0;1707,13;1032,1;13,32;65,49;0,7936
19/04/2004;06.00.00;1,4;1220,91;-200,0;7,4;736,02;269,0;1875,62;128,0;1687,51;951,54;15,4;55,07;0,7348
19/04/2004;07.00.00;3,5;1722,23;446,0;24,8;1426,82;445,0;1659,75;113,0;1669,43;988,1;17,02;57,78;0,8
19/04/2004;08.00.00;-200,0;-200,0;759,0;23,2;-200,0;739,0;-200,0;299,0;-200,0;-200,0;-200,0;-200,0;-200,0
19/04/2004;09.00.00;2,0;1360,34;631,0;12,7;997,97;1378,0;794,99;148,0;1836,95;1243,49;19,73;47,94;0,8095
19/04/2004;10.00.00;2,1;1329,35;261,0;10,8;872,58;544,0;1564,63;220,0;2159,18;1499,22;17,82;47,62;0,8022
19/04/2004;11.00.00;2,1;1352,21;194,0;6,7;719,73;230,0;1962,33;88,0;1596,25;922,18;24,42;40,21;0,8468
19/04/2004;12.00.00;1,8;1233,58;326,0;4,1;601,02;209,0;1907,36;147,0;1730,03;1088,34;22,4;33,37;0,6253
19/04/2004;13.00.00;1,7;1208,55;148,0;9,4;811,14;139,0;1945,22;94,0;1548,24;868,64;25,6;30,29;0,6788
19/04/2004;14.00.00;1,5;1163,93;143,0;4,7;605,5;110,0;2013,79;93,0;1585,73;899,8;24,55;35,38;0,7199
19/04/2004;15.00.00;1,0;1009,3;114,0;5,4;659,35;64,0;2111,99;-200,0;1370,06;774,27;24,94;27,44;0,5831
19/04/2004;16.00.00;1,4;1141,64;223,0;8,4;778,42;-200,0;1946,47;96,0;1564,86;918,92;25,0;35,9;0,8318
19/04/2004;17.00.00;3,9;1885,4;92,0;11,2;867,78;177,0;1895,79;-200,0;1819,85;1106,39;24,26;39,24;0,8307
19/04/2004;18.00.00;5,1;2040,0;264,0;13,3;953,82;495,0;1524,8;240,0;2093,78;1706,09;23,85;27,64;0,4036
19/04/2004;19.00.00;-200,0;2040,0;284,0;35,5;1875,4;442,0;1601,03;214,0;2224,2;1533,85;24,19;45,38;1,0517
19/04/2004;20.00.00;4,0;-200,0;658,0;9,3;-200,0;287,0;-200,0;-200,0;-200,0;-200,0;-200,0;-200,0;-200,0
19/04/2004;21.00.00;3,1;1646,08;-200,0;6,0;666,99;114,0;1885,67;93,0;1615,68;866,8;20,45;49,97;0,9158
19/04/2004;22.00.00;-200,0;1073,05;-200,0;7,4;737,54;129,0;2018,74;-200,0;1597,16;859,95;17,56;56,37;0,8445
19/04/2004;23.00.00;-200,0;1163,42;76,0;3,7;594,1;49,0;2065,04;64,0;1606,29;733,04;19,41;62,9;1,1557
20/04/2004;00.00.00;0,8;996,33;46,0;3,5;567,25;133,0;2009,34;77,0;1505,16;714,75;14,35;59,81;0,7865
20/04/2004;01.00.00;0,9;1074,27;-200,0;3,4;589,52;-200,0;2047,39;61,0;1580,03;681,52;18,51;64,95;1,0027
20/04/2004;02.00.00;1,6;1201,26;95,0;6,6;693,07;125,0;2016,66;73,0;1541,7;705,73;14,33;59,27;0,694
20/04/2004;03.00.00;2,2;1416,32;160,0;7,2;732,58;-200,0;1759,42;82,0;1458,48;778,13;11,37;67,15;0,763
20/04/2004;04.00.00;1,6;1139,91;110,0;7,7;733,79;182,0;1909,32;56,0;1382,22;670,08;14,66;68,33;0,7842
20/04/2004;05.00.00;-200,0;1652,22;161,0;6,7;703,6;246,0;1883,24;105,0;1602,16;967,23;13,54;66,62;0,7906
20/04/2004;06.00.00;2,4;1534,52;145,0;7,8;764,02;359,0;1701,55;327,0;2767,39;2139,3;17,38;66,51;0,9777
20/04/2004;07.00.00;-200,0;1396,1;283,0;-200,0;1001,97;-200,0;1829,35;276,0;2397,12;1878,67;15,43;53,58;0,6879
20/04/2004;08.00.00;2,8;1546,84;651,0;29,2;1606,51;449,0;1576,39;173,0;1950,19;1394,92;17,05;50,45;0,7496
20/04/2004;09.00.00;5,8;2040,0;450,0;36,8;1911,0;569,0;1354,37;125,0;1695,48;1098,39;15,46;57,93;0,773
20/04/2004;10.00.00;3,3;1691,92;370,0;23,2;1357,63;233,0;1870,23;-200,0;1914,07;1298,19;19,63;43,04;0,7505
20/04/2004;11.00.00;2,9;1593,84;226,0;13,1;976,81;597,0;1582,27;-200,0;1764,43;1330,44;16,89;40,45;0,5882
20/04/2004;12.00.00;0,8;982,44;342,0;12,9;951,75;243,0;1981,54;98,0;1549,45;917,19;19,6;35,39;0,6184
20/04/2004;13.00.00;-200,0;1340,5;115,0;5,2;622,52;186,0;1920,31;-200,0;1861,42;1264,71;25,09;28,76;0,6701
20/04/2004;14.00.00;1,4;1201,3;137,0;5,7;642,16;441,0;1690,18;-200,0;1479,77;776,43;25,64;39,19;0,9022
20/04/2004;15.00.00;1,0;1056,53;150,0;8,7;799,65;111,0;2073,33;86,0;1510,1;821,14;25,09;27,82;0,6438
20/04/2004;16.00.00;1,8;1208,3;110,0;7,9;720,37;-200,0;1676,12;89,0;1402,21;891,48;22,13;25,43;0,4616
20/04/2004;17.00.00;-200,0;1803,29;260,0;13,7;979,44;447,0;1646,4;-200,0;1756,0;1190,81;23,47;30,61;0,6074
20/04/2004;18.00.00;7,8;2040,0;370,0;25,1;1412,79;-200,0;1146,48;246,0;2186,16;1739,36;22,76;25,72;0,5047
20/04/2004;19.00.00;4,3;1947,16;440,0;27,1;1515,3;506,0;1619,61;-200,0;2569,86;2156,16;19,42;36,2;0,5985
20/04/2004;20.00.00;2,6;1453,62;366,0;10,9;883,92;461,0;1669,86;175,0;1906,69;1328,57;23,54;38,96;0,8274
20/04/2004;21.00.00;-200,0;1270,64;164,0;10,6;885,6;-200,0;1896,44;175,0;2045,1;1299,2;20,99;51,54;0,9894
20/04/2004;22.00.00;-200,0;1333,9;-200,0;4,4;609,72;226,0;1912,92;78,0;1535,2;713,95;17,5;49,75;0,7165
20/04/2004;23.00.00;0,8;1073,84;89,0;3,4;581,34;121,0;2035,7;82,0;1518,69;778,33;16,79;61,89;0,8939
21/04/2004;00.00.00;1,5;1189,25;56,0;2,4;525,56;78,0;2090,14;84,0;1518,54;788,75;16,32;67,92;0,9491
21/04/2004;01.00.00;1,4;1153,72;90,0;5,4;643,53;-200,0;2014,68;59,0;1345,84;692,82;11,03;67,69;0,6481
21/04/2004;02.00.00;1,5;1235,99;81,0;2,9;557,8;136,0;2059,55;53,0;1396,49;697,72;14,12;64,51;0,7871
21/04/2004;03.00.00;0,9;978,21;70,0;7,6;745,9;138,0;2017,19;79,0;1572,21;744,71;13,08;66,9;0,8122
21/04/2004;04.00.00;1,5;1150,64;166,0;12,3;921,23;331,0;1863,16;113,0;1692,66;1011,93;12,61;57,96;0,6506
21/04/2004;05.00.00;1,1;1112,79;218,0;10,1;828,43;292,0;1911,98;57,0;1443,41;655,0;14,55;63,12;0,7984
21/04/2004;06.00.00;1,8;1381,42;326,0;10,5;846,07;375,0;1778,19;98,0;1581,14;942,04;19,5;56,62;0,9149
21/04/2004;07.00.00;4,2;1919,81;261,0;26,6;1539,14;442,0;1642,59;204,0;2204,38;1573,94;18,22;60,67;1,0424
21/04/2004;08.00.00;6,2;2040,0;-200,0;22,7;1364,57;391,0;1561,19;96,0;1641,15;958,6;17,01;65,72;0,9185
21/04/2004;09.00.00;4,4;2015,18;495,0;14,5;1058,19;744,0;1347,47;159,0;1924,82;1280,68;20,59;50,7;0,8231
21/04/2004;10.00.00;2,6;1507,65;479,0;15,9;1078,94;169,0;1864,88;137,0;1681,48;1025,47;23,53;33,58;0,7547
21/04/2004;11.00.00;4,0;1977,17;109,0;22,6;1355,35;302,0;1704,45;116,0;1719,28;1009,49;23,79;37,39;0,7983
21/04/2004;12.00.00;1,6;1186,21;99,0;5,9;657,19;-200,0;1975,21;89,0;1594,02;897,75;23,1;36,08;0,7306
21/04/2004;13.00.00;-200,0;1078,09;277,0;4,8;643,9;139,0;1934,29;82,0;1460,72;898,95;22,48;33,05;0,6319
21/04/2004;14.00.00;2,2;1311,02;74,0;9,3;783,18;150,0;1974,33;54,0;1425,07;710,92;25,67;27,16;0,7428
21/04/2004;15.00.00;-200,0;1308,99;200,0;6,5;709,15;169,0;2057,48;141,0;1804,69;1168,93;25,23;31,42;0,7507
21/04/2004;16.00.00;1,5;1191,28;279,0;6,7;702,48;205,0;1911,46;76,0;1338,09;785,64;26,06;24,6;0,6286
21/04/2004;17.00.00;2,6;1555,63;341,0;7,4;750,81;440,0;1679,02;72,0;1423,92;738,5;25,04;27,89;0,6517
21/04/2004;18.00.00;4,1;1990,28;245,0;8,2;772,0;437,0;1578,57;273,0;2449,27;1941,86;25,08;38,7;0,9084
21/04/2004;19.00.00;4,2;1994,95;294,0;11,3;888,01;519,0;1585,95;169,0;1827,48;1327,09;20,87;34,12;0,6902
21/04/2004;20.00.00;3,9;1875,28;-200,0;30,4;1636,84;249,0;1795,23;123,0;1797,82;1078,06;23,37;46,23;0,958
21/04/2004;21.00.00;1,9;-200,0;432,0;10,5;-200,0;161,0;-200,0;-200,0;-200,0;-200,0;-200,0;-200,0;-200,0
21/04/2004;22.00.00;-200,0;1350,11;237,0;2,9;586,15;167,0;1961,09;59,0;1635,36;695,47;22,3;61,68;1,2612
21/04/2004;23.00.00;1,2;1111,1;93,0;7,2;743,56;133,0;2014,39;56,0;1398,89;692,91;15,56;53,33;0,7322
22/04/2004;00.00.00;1,0;1076,66;42,0;7,2;742,29;88,0;2021,5;42,0;1541,61;633,86;19,58;59,55;1,0095
22/04/2004;01.00.00;1,2;1151,57;100,0;8,1;767,69;171,0;1998,83;-200,0;1392,38;581,38;15,71;65,18;0,896
22/04/2004;02.00.00;-200,0;1123,92;100,0;4,9;637,37;75,0;2062,66;48,0;1365,24;562,84;13,51;62,5;0,7128
22/04/2004;03.00.00;0,9;1039,76;127,0;5,9;678,34;-200,0;1918,93;50,0;1331,19;696,4;13,68;66,66;0,789
22/04/2004;04.00.00;1,3;1200,95;74,0;7,7;758,8;-200,0;1943,94;249,0;2337,56;1697,77;14,18;68,21;0,8247
22/04/2004;05.00.00;1,9;1392,17;181,0;14,0;991,96;140,0;1983,55;71,0;1525,64;755,74;16,16;68,33;0,9104
22/04/2004;06.00.00;1,4;1158,7;115,0;8,3;785,75;193,0;1947,95;71,0;1595,11;779,08;17,16;64,63;1,0031
22/04/2004;07.00.00;2,5;1460,83;113,0;11,1;863,22;385,0;1676,92;-200,0;2128,85;1660,49;16,0;56,08;0,6931
22/04/2004;08.00.00;9,2;2040,0;470,0;26,0;1503,78;661,0;1240,35;239,0;2314,33;1722,93;18,3;51,87;0,9289
22/04/2004;09.00.00;2,7;1651,78;930,0;31,8;1721,75;644,0;1456,8;222,0;2375,5;1603,13;23,93;59,69;1,3376
22/04/2004;10.00.00;2,7;1613,9;228,0;14,8;1036,23;360,0;1774,77;142,0;1875,38;1245,07;24,4;48,03;0,98
22/04/2004;11.00.00;1,7;1224,27;-200,0;13,8;995,83;364,0;1747,59;104,0;1537,9;986,57;23,02;34,33;0,6953
22/04/2004;12.00.00;1,9;1284,81;-200,0;9,2;785,67;456,0;1674,4;-200,0;1520,61;863,52;23,26;35,71;0,7366
22/04/2004;13.00.00;-200,0;1137,65;253,0;7,3;713,5;191,0;1937,18;129,0;1704,03;1196,16;24,22;30,68;0,6954
22/04/2004;14.00.00;1,6;1201,82;151,0;5,4;681,84;189,0;1940,75;76,0;1442,87;749,92;25,7;29,88;0,6662
22/04/2004;15.00.00;-200,0;1108,76;105,0;4,6;621,32;-200,0;2030,93;115,0;1583,48;1017,85;22,6;23,79;0,4796
22/04/2004;16.00.00;2,7;1476,71;278,0;6,5;695,57;175,0;1914,45;90,0;1458,83;869,03;23,96;28,5;0,6126
22/04/2004;17.00.00;2,6;1547,67;151,0;8,2;773,35;-200,0;1620,31;123,0;1736,88;1064,22;20,64;41,41;0,7059
22/04/2004;18.00.00;2,5;1390,44;297,0;19,1;1177,32;792,0;1296,9;136,0;1751,53;1151,32;23,98;38,11;0,7845
22/04/2004;19.00.00;5,3;2040,0;532,0;31,1;1684,03;495,0;1486,21;340,0;2667,17;2420,55;23,44;26,49;0,6042
22/04/2004;20.00.00;2,4;1456,56;186,0;17,7;1176,39;547,0;1599,72;-200,0;1974,73;1402,64;19,97;49,37;0,7668
22/04/2004;21.00.00;1,3;1176,33;251,0;7,4;742,79;400,0;1807,78;116,0;1904,05;1026,81;22,79;53,39;1,1084
22/04/2004;22.00.00;1,5;1151,38;186,0;8,5;805,42;122,0;2029,2;-200,0;1702,98;1019,72;15,9;50,8;0,7277
22/04/2004;23.00.00;2,3;1440,48;161,0;5,2;635,82;59,0;2085,28;60,0;1337,0;671,28;14,22;60,53;0,7287
23/04/2004;00.00.00;-200,0;970,71;68,0;5,4;658,37;131,0;2011,2;61,0;1426,03;720,97;16,76;56,12;0,8029
23/04/2004;01.00.00;0,8;1063,14;-200,0;4,2;595,18;168,0;1986,83;59,0;1502,88;668,46;17,61;60,92;0,9724
23/04/2004;02.00.00;1,8;1289,14;145,0;8,9;816,56;185,0;1976,95;51,0;1592,11;681,48;18,39;72,57;1,105
23/04/2004;03.00.00;-200,0;1132,98;98,0;10,0;838,98;134,0;2007,27;108,0;1551,23;957,09;13,93;64,33;0,7423
23/04/2004;04.00.00;2,1;-200,0;-200,0;6,8;-200,0;340,0;-200,0;52,0;-200,0;-200,0;-200,0;-200,0;-200,0
23/04/2004;05.00.00;-200,0;1133,1;187,0;10,8;862,31;-200,0;1906,99;67,0;1510,03;657,05;15,44;62,96;0,8873
23/04/2004;06.00.00;-200,0;1433,88;243,0;15,5;1067,03;163,0;1897,56;88,0;1606,56;932,33;15,97;60,02;0,8806
23/04/2004;07.00.00;-200,0;2040,0;146,0;12,3;931,2;202,0;1736,64;176,0;2072,18;1325,68;19,12;62,68;0,9585
23/04/2004;08.00.00;2,6;1573,58;269,0;19,3;1234,53;-200,0;1605,78;217,0;2124,96;1571,08;19,86;52,42;0,9486
23/04/2004;09.00.00;5,7;2040,0;207,0;-200,0;1261,45;604,0;1461,67;121,0;1624,68;1098,37;16,7;45,58;0,6884
23/04/2004;10.00.00;3,9;1878,81;-200,0;9,9;844,36;358,0;1683,93;340,0;2775,0;2209,97;24,1;48,25;1,1335
23/04/2004;11.00.00;1,4;1224,42;141,0;12,6;965,21;641,0;1520,32;-200,0;1894,51;1287,45;25,11;39,29;0,9296
23/04/2004;12.00.00;2,4;1407,74;163,0;13,0;942,58;265,0;1883,33;-200,0;1479,52;859,05;22,13;31,21;0,6082
23/04/2004;13.00.00;1,8;1240,8;151,0;7,5;762,75;133,0;1999,82;103,0;1673,66;989,03;24,97;37,87;0,928
23/04/2004;14.00.00;-200,0;1246,53;61,0;8,3;774,78;-200,0;2042,43;95,0;1621,37;935,71;25,67;31,27;0,7825
23/04/2004;15.00.00;-200,0;-200,0;96,0;12,0;-200,0;191,0;-200,0;72,0;-200,0;-200,0;-200,0;-200,0;-200,0
23/04/2004;16.00.00;1,6;1169,63;89,0;7,0;724,59;311,0;1798,35;-200,0;1576,54;910,92;23,58;31,19;0,7106
23/04/2004;17.00.00;-200,0;1457,74;228,0;13,6;969,78;683,0;1394,01;149,0;1718,36;1145,46;22,84;26,75;0,5523
23/04/2004;18.00.00;3,8;1787,87;281,0;13,7;988,49;427,0;1687,27;266,0;2246,61;1889,44;23,33;32,32;0,6185
23/04/2004;19.00.00;5,1;2040,0;696,0;15,5;1066,62;1103,0;962,82;219,0;2170,09;1506,73;24,7;38,7;0,847
23/04/2004;20.00.00;2,0;1294,68;330,0;18,6;1184,02;250,0;1797,02;199,0;2018,31;1417,89;22,23;42,05;0,7553
23/04/2004;21.00.00;3,5;1788,56;-200,0;11,4;900,66;234,0;1872,08;108,0;1693,4;955,56;19,11;54,05;0,8755
23/04/2004;22.00.00;1,0;1062,96;106,0;7,6;795,69;96,0;2060,43;-200,0;1521,68;684,6;20,1;53,43;0,9749
23/04/2004;23.00.00;1,5;1201,09;64,0;4,7;628,84;-200,0;1992,45;41,0;1241,5;524,51;11,65;60,96;0,6353
24/04/2004;00.00.00;-200,0;1101,77;120,0;4,8;617,24;49,0;2150,4;36,0;1443,91;548,76;18,82;60,21;1,0214
24/04/2004;01.00.00;0,7;1011,0;71,0;8,5;753,83;116,0;2015,49;44,0;1350,0;606,18;12,24;68,3;0,7557
24/04/2004;02.00.00;1,5;1197,81;111,0;7,5;748,08;68,0;2077,43;53,0;1380,71;639,29;14,5;66,81;0,8104
24/04/2004;03.00.00;1,0;993,93;145,0;6,4;683,35;273,0;1965,51;88,0;1562,5;854,65;12,81;65,5;0,7384
24/04/2004;04.00.00;2,1;1332,67;92,0;7,5;753,45;126,0;1980,84;-200,0;1417,3;589,45;12,64;64,75;0,7412
24/04/2004;05.00.00;1,3;1096,48;66,0;6,2;696,99;198,0;1942,85;70,0;1564,56;791,37;18,05;58,25;0,9038
24/04/2004;06.00.00;1,1;1051,61;141,0;8,0;766,3;101,0;2133,24;86,0;1622,47;928,41;15,58;62,69;0,8401
24/04/2004;07.00.00;4,3;1943,26;324,0;14,4;1004,76;169,0;1842,03;130,0;1720,1;1087,13;18,25;56,23;0,8377
24/04/2004;08.00.00;-200,0;1702,5;174,0;16,5;1107,2;313,0;1794,79;303,0;2576,5;2052,09;18,67;49,58;0,7703
24/04/2004;09.00.00;-200,0;2040,0;-200,0;21,7;1323,82;622,0;1374,07;156,0;2013,74;1238,7;21,01;52,96;1,0835
24/04/2004;10.00.00;1,9;1323,42;359,0;19,7;1211,86;425,0;1755,46;-200,0;1876,13;1302,44;21,5;36,52;0,7501
24/04/2004;11.00.00;1,0;968,4;313,0;8,5;752,92;354,0;1798,71;110,0;1516,9;1014,18;19,99;36,32;0,5534
24/04/2004;12.00.00;3,0;1598,81;192,0;3,4;603,83;97,0;2027,45;84,0;1567,1;764,71;25,58;39,84;0,8296
24/04/2004;13.00.00;1,6;1224,67;148,0;14,6;1027,73;202,0;1920,0;56,0;1280,52;662,58;23,4;33,42;0,7065
24/04/2004;14.00.00;1,8;1231,37;130,0;4,9;620,09;-200,0;2040,8;83,0;1408,58;774,62;21,77;29,81;0,6155
24/04/2004;15.00.00;1,8;1198,34;72,0;6,5;684,67;102,0;1943,38;37,0;1183,89;635,24;24,2;30,69;0,6493
24/04/2004;16.00.00;1,4;1184,38;93,0;9,1;808,26;134,0;2010,36;56,0;1445,96;675,95;27,89;30,94;0,8878
24/04/2004;17.00.00;2,3;-200,0;-200,0;16,6;-200,0;239,0;-200,0;91,0;-200,0;-200,0;-200,0;-200,0;-200,0
24/04/2004;18.00.00;5,0;2040,0;301,0;-200,0;1507,8;487,0;1492,49;142,0;1747,07;1216,24;22,89;32,96;0,6651
24/04/2004;19.00.00;-200,0;1758,05;401,0;13,6;990,35;679,0;1429,19;-200,0;2041,41;1333,49;21,86;46,51;0,933
24/04/2004;20.00.00;3,8;1801,89;293,0;20,8;1233,55;438,0;1750,12;228,0;2123,79;1612,47;20,7;39,48;0,6842
24/04/2004;21.00.00;1,0;1106,03;196,0;9,3;821,49;285,0;1844,73;118,0;1778,87;938,4;24,21;45,84;0,995
24/04/2004;22.00.00;2,0;1325,73;135,0;15,1;1069,48;263,0;1891,98;64,0;1404,78;795,89;19,52;49,38;0,8633
24/04/2004;23.00.00;0,6;978,76;42,0;6,3;675,04;117,0;2036,41;43,0;1430,3;617,63;18,41;56,0;0,8796
25/04/2004;00.00.00;1,4;1172,34;60,0;3,3;580,05;64,0;2137,52;37,0;1442,21;536,77;18,78;56,99;1,012
25/04/2004;01.00.00;1,2;1102,79;72,0;2,8;557,09;100,0;2068,82;31,0;1395,14;639,45;16,4;65,2;0,9446
25/04/2004;02.00.00;1,1;1036,12;61,0;1,5;488,07;182,0;1961,62;25,0;1314,36;517,3;14,91;65,55;0,867
25/04/2004;03.00.00;1,1;1048,24;-200,0;5,9;672,55;69,0;2094,29;35,0;1331,98;516,64;14,86;69,05;0,8752
25/04/2004;04.00.00;1,1;1116,18;61,0;7,3;711,44;93,0;2142,12;82,0;1558,26;912,35;15,28;59,31;0,8172
25/04/2004;05.00.00;1,0;1033,22;83,0;7,2;714,0;230,0;1919,44;-200,0;1372,87;626,7;15,85;61,07;0,8082
25/04/2004;06.00.00;-200,0;1275,1;134,0;2,6;554,26;137,0;2052,88;62,0;1490,45;675,96;18,18;58,78;0,9262
25/04/2004;07.00.00;4,2;1941,76;182,0;5,4;665,39;307,0;1691,24;136,0;1835,93;1105,04;17,86;58,46;0,8444
25/04/2004;08.00.00;3,8;1884,03;518,0;13,7;988,33;516,0;1575,09;54,0;1490,02;698,03;20,43;47,87;0,9001
25/04/2004;09.00.00;1,8;1293,53;352,0;22,6;1369,91;178,0;1954,63;-200,0;1666,46;955,08;20,1;51,76;0,9138
25/04/2004;10.00.00;-200,0;1347,14;181,0;8,7;811,18;191,0;1985,24;-200,0;1590,74;842,81;21,71;48,45;1,0238
25/04/2004;11.00.00;1,6;1154,67;138,0;10,1;866,97;269,0;1877,44;-200,0;1509,49;813,05;18,76;33,23;0,6535
25/04/2004;12.00.00;1,3;1088,22;182,0;3,9;593,01;127,0;2083,38;-200,0;1451,19;765,82;25,63;32,0;0,8012
25/04/2004;13.00.00;0,9;1062,61;168,0;5,7;647,98;52,0;2077,2;73,0;1437,28;705,78;25,28;28,93;0,6802
25/04/2004;14.00.00;1,5;1265,86;105,0;4,5;629,94;91,0;2001,19;92,0;1698,27;872,04;27,08;42,95;1,0638
25/04/2004;15.00.00;1,7;1255,42;178,0;7,6;759,66;-200,0;1946,47;-200,0;1254,43;629,6;19,46;27,03;0,4978
25/04/2004;16.00.00;1,0;1019,85;-200,0;4,4;617,51;-200,0;1978,28;67,0;1567,32;674,4;29,26;38,18;1,1239
25/04/2004;17.00.00;3,3;1622,11;144,0;13,8;993,92;184,0;1843,69;179,0;1818,14;1377,11;24,31;25,26;0,5862
25/04/2004;18.00.00;-200,0;1826,97;734,0;8,9;779,69;316,0;1651,78;56,0;1409,96;684,38;26,01;29,5;0,8054
25/04/2004;19.00.00;2,9;-200,0;313,0;-200,0;-200,0;252,0;-200,0;-200,0;-200,0;-200,0;-200,0;-200,0;-200,0
25/04/2004;20.00.00;-200,0;1166,03;187,0;6,5;687,81;361,0;1810,0;187,0;1911,58;1384,44;22,78;38,29;0,7308
25/04/2004;21.00.00;1,8;1236,81;134,0;5,2;628,29;-200,0;1834,81;71,0;1403,09;712,8;18,15;45,84;0,6983
25/04/2004;22.00.00;1,3;1099,74;-200,0;5,0;651,6;-200,0;1974,48;40,0;1319,41;425,99;17,72;48,29;0,7701
25/04/2004;23.00.00;-200,0;1072,78;117,0;2,8;585,76;68,0;2140,23;34,0;1481,94;543,59;21,59;52,08;1,0146
26/04/2004;00.00.00;-200,0;1326,36;110,0;-200,0;587,54;116,0;2045,44;47,0;1381,29;519,2;16,54;65,45;0,8762
26/04/2004;01.00.00;-200,0;1146,31;91,0;7,0;732,64;170,0;2006,61;84,0;1628,56;765,77;16,56;68,63;1,0049
26/04/2004;02.00.00;2,8;1555,15;56,0;1,7;493,11;135,0;2016,61;29,0;1377,47;532,62;17,37;69,06;0,9612
26/04/2004;03.00.00;1,8;1278,88;94,0;5,5;665,63;217,0;1883,61;-200,0;1897,53;1142,19;16,45;67,55;0,9034
26/04/2004;04.00.00;1,5;1163,63;147,0;4,3;625,99;-200,0;1934,72;81,0;1561,92;830,16;15,93;64,78;0,8727
26/04/2004;05.00.00;4,2;1931,36;-200,0;5,8;672,96;369,0;1733,41;132,0;1840,2;1056,93;16,86;60,03;0,8333
26/04/2004;06.00.00;2,9;1606,93;325,0;11,0;915,55;349,0;1758,8;75,0;1570,9;771,86;21,73;54,89;1,0933
26/04/2004;07.00.00;2,6;1515,34;285,0;13,4;977,13;316,0;1874,52;201,0;2136,53;1489,89;17,84;57,74;0,8927
26/04/2004;08.00.00;4,0;1940,48;601,0;17,5;1132,55;969,0;1039,29;243,0;2247,01;1725,38;19,57;45,72;0,8584
26/04/2004;09.00.00;4,9;2040,0;240,0;30,9;1690,62;655,0;1299,1;-200,0;2325,32;1832,71;22,56;41,96;0,8286
26/04/2004;10.00.00;2,9;1641,91;258,0;14,7;1051,9;375,0;1706,11;130,0;1835,72;1045,84;23,96;48,03;1,0369
26/04/2004;11.00.00;2,4;1503,58;291,0;20,8;1315,01;155,0;1984,31;-200,0;1749,41;929,66;25,33;47,43;1,1733
26/04/2004;12.00.00;1,5;1244,63;407,0;11,4;904,66;243,0;1943,55;65,0;1516,11;749,95;25,27;36,16;0,841
26/04/2004;13.00.00;1,0;1058,21;-200,0;5,4;646,4;425,0;1746,25;113,0;1631,79;1012,45;22,5;36,87;0,8113
26/04/2004;14.00.00;1,7;1280,05;202,0;15,1;1006,6;57,0;2123,21;125,0;1706,44;1079,97;28,56;28,31;0,8213
26/04/2004;15.00.00;1,7;1212,22;237,0;7,8;702,0;55,0;2098,08;86,0;1332,5;850,72;23,17;22,24;0,3438
26/04/2004;16.00.00;2,2;1396,31;240,0;16,4;1090,79;279,0;1850,06;-200,0;1327,08;695,5;25,89;32,6;0,8482
26/04/2004;17.00.00;-200,0;1329,11;-200,0;10,5;879,53;339,0;1856,47;200,0;2051,41;1537,59;23,28;34,18;0,7596
26/04/2004;18.00.00;2,1;1361,84;317,0;18,6;1202,34;605,0;1542,29;-200,0;1945,02;1420,09;23,87;34,56;0,7938
26/04/2004;19.00.00;-200,0;1502,77;773,0;22,6;1331,54;422,0;1656,72;-200,0;1477,69;987,05;23,62;36,71;0,6861
26/04/2004;20.00.00;-200,0;2040,0;206,0;15,1;1059,62;-200,0;1831,9;103,0;1636,63;987,05;22,4;47,08;0,9016
26/04/2004;21.00.00;1,8;-200,0;129,0;16,6;-200,0;188,0;-200,0;-200,0;-200,0;-200,0;-200,0;-200,0;-200,0
26/04/2004;22.00.00;1,2;1096,73;-200,0;12,7;970,8;278,0;1877,0;-200,0;1571,82;787,89;22,39;47,72;0,9052
26/04/2004;23.00.00;1,1;1086,65;-200,0;1,9;517,5;83,0;2042,43;-200,0;1361,47;526,28;18,87;50,88;0,9096
27/04/2004;00.00.00;0,9;1036,34;-200,0;6,0;693,71;-200,0;2026,82;38,0;1333,67;604,12;16,64;59,83;0,8461
27/04/2004;01.00.00;1,0;1009,63;53,0;3,6;594,97;38,0;2103,26;77,0;1549,81;757,53;18,26;56,82;0,8842
27/04/2004;02.00.00;-200,0;1110,53;-200,0;2,1;540,39;62,0;2032,32;94,0;1701,79;914,2;18,21;60,64;0,9704
27/04/2004;03.00.00;2,5;1406,01;-200,0;7,8;730,46;245,0;1901,51;98,0;1543,84;830,65;13,21;61,14;0,7305
27/04/2004;04.00.00;-200,0;1322,34;139,0;-200,0;776,71;157,0;1995,16;48,0;1358,49;648,12;17,03;62,76;0,7424
27/04/2004;05.00.00;2,8;1554,52;134,0;10,4;872,91;306,0;1842,09;122,0;1655,9;1061,22;17,73;54,83;0,7962
27/04/2004;06.00.00;3,6;1829,26;402,0;11,5;906,77;189,0;1852,44;95,0;1589,2;954,38;16,53;59,84;0,7708
27/04/2004;07.00.00;1,3;1207,18;-200,0;20,1;1244,2;209,0;1969,54;298,0;2654,79;2075,69;20,91;61,91;1,1482
27/04/2004;08.00.00;4,4;2019,25;377,0;15,5;1065,62;478,0;1517,94;232,0;2178,15;1636,58;19,07;52,01;0,8362
27/04/2004;09.00.00;3,2;1740,54;660,0;21,6;1297,27;422,0;1645,73;317,0;2601,87;2107,0;20,91;54,38;0,9917
27/04/2004;10.00.00;4,5;2018,77;405,0;19,1;1187,37;-200,0;1802,31;-200,0;2087,1;1419,91;21,61;48,68;0,8198
27/04/2004;11.00.00;1,7;1334,58;280,0;17,5;1131,71;194,0;1999,3;133,0;1818,14;1105,28;23,19;41,56;0,8482
27/04/2004;12.00.00;1,3;1148,55;160,0;8,8;785,84;207,0;1955,8;86,0;1531,83;828,8;22,0;34,32;0,722
27/04/2004;13.00.00;1,1;1057,95;-200,0;7,2;704,79;159,0;2036,4;129,0;1738,86;1123,22;22,11;31,2;0,6798
27/04/2004;14.00.00;1,5;1152,0;97,0;7,1;744,56;120,0;2015,63;-200,0;1749,99;869,18;28,68;33,11;0,9711
27/04/2004;15.00.00;-200,0;1385,02;145,0;4,4;591,89;363,0;1811,4;70,0;1310,49;672,42;23,97;26,72;0,5135
27/04/2004;16.00.00;2,0;1296,91;-200,0;10,8;854,07;244,0;1847,84;-200,0;1376,98;730,67;23,51;19,87;0,4835
27/04/2004;17.00.00;-200,0;1191,98;-200,0;6,7;705,5;-200,0;1830,31;102,0;1609,57;920,46;20,68;33,54;0,6394
27/04/2004;18.00.00;7,2;2040,0;-200,0;-200,0;1230,8;441,0;1545,02;-200,0;2110,12;1730,56;22,92;28,29;0,5729
27/04/2004;19.00.00;4,8;2040,0;702,0;19,7;1220,3;-200,0;1327,63;226,0;2021,97;1649,12;20,52;32,86;0,4839
27/04/2004;20.00.00;4,3;1977,83;205,0;8,9;801,09;-200,0;1513,71;193,0;2145,84;1380,06;25,24;42,02;1,0282
27/04/2004;21.00.00;3,5;1769,38;254,0;5,8;661,82;-200,0;1917,68;101,0;1721,97;965,07;22,68;46,2;0,9028
27/04/2004;22.00.00;0,8;984,75;82,0;4,4;591,24;-200,0;2137,79;109,0;1632,24;1016,29;17,99;44,27;0,6967
27/04/2004;23.00.00;0,9;1084,54;75,0;4,0;601,85;-200,0;2096,1;32,0;1425,73;573,9;22,67;56,5;1,1428
28/04/2004;00.00.00;1,5;1183,62;55,0;7,8;765,02;204,0;1961,79;-200,0;1609,73;701,17;19,29;63,98;1,1373
28/04/2004;01.00.00;-200,0;1052,05;81,0;4,8;647,47;94,0;2117,33;78,0;1495,71;788,56;15,88;56,37;0,756
28/04/2004;02.00.00;1,3;1162,39;71,0;7,0;712,07;170,0;2032,63;58,0;1403,65;733,81;11,03;70,17;0,7029
28/04/2004;03.00.00;1,5;1157,82;84,0;10,3;858,88;-200,0;1980,73;-200,0;1436,17;617,93;20,44;56,62;1,083
28/04/2004;04.00.00;1,1;1035,3;211,0;10,7;871,14;256,0;1898,61;90,0;1523,99;876,07;13,25;74,4;0,8238
28/04/2004;05.00.00;-200,0;1226,58;94,0;8,0;781,23;-200,0;1949,68;-200,0;1717,13;1109,7;13,24;59,95;0,7306
28/04/2004;06.00.00;3,0;1628,85;-200,0;7,6;742,55;147,0;1908,83;195,0;2122,07;1429,93;19,37;59,88;0,9872
28/04/2004;07.00.00;3,8;1882,41;-200,0;17,3;1144,66;249,0;1834,45;195,0;2052,26;1432,99;23,24;45,96;0,9077
28/04/2004;08.00.00;5,7;2040,0;-200,0;14,9;1040,57;458,0;1541,46;174,0;2039,98;1360,27;22,34;50,77;1,0047
28/04/2004;09.00.00;5,6;2040,0;427,0;38,7;1999,12;274,0;1607,39;266,0;2430,02;1926,87;21,99;47,56;0,9572
28/04/2004;10.00.00;3,5;1825,85;206,0;20,3;1268,31;274,0;1816,52;-200,0;2144,45;1367,91;23,35;41,33;0,9342
28/04/2004;11.00.00;2,5;1512,85;119,0;11,3;914,38;163,0;1922,05;128,0;1753,54;1075,18;25,07;34,61;0,8737
28/04/2004;12.00.00;2,1;1293,39;111,0;10,4;851,32;190,0;1943,34;-200,0;1388,3;723,61;25,92;28,96;0,6873
28/04/2004;13.00.00;1,4;1196,84;100,0;8,3;792,16;158,0;2061,35;106,0;1706,78;947,05;25,75;36,49;0,8271
28/04/2004;14.00.00;-200,0;1076,45;162,0;6,2;690,52;186,0;1936,27;94,0;1511,32;944,43;25,9;29,19;0,691
28/04/2004;15.00.00;1,3;1144,99;79,0;8,4;756,01;242,0;1901,38;170,0;1943,58;1326,76;25,74;36,13;0,8079
28/04/2004;16.00.00;-200,0;1227,88;-200,0;7,3;717,19;181,0;1953,2;92,0;1515,9;862,59;24,18;26,4;0,5697
28/04/2004;17.00.00;2,0;1348,16;251,0;24,1;1430,5;162,0;1909,61;220,0;2141,76;1712,97;24,63;28,66;0,6292
28/04/2004;18.00.00;-200,0;1857,69;324,0;12,8;945,01;191,0;1866,69;285,0;2417,51;1860,04;21,01;37,77;0,7287
28/04/2004;19.00.00;4,1;1900,84;378,0;23,0;1339,99;557,0;1526,96;212,0;1929,55;1532,35;23,17;29,31;0,4978
28/04/2004;20.00.00;3,6;1715,23;581,0;11,8;896,38;-200,0;1728,59;260,0;2250,13;1811,07;20,18;35,7;0,5866
28/04/2004;21.00.00;2,5;1450,67;262,0;7,5;733,31;-200,0;1890,82;88,0;1547,54;799,04;18,65;51,91;0,7924
28/04/2004;22.00.00;2,2;1372,12;156,0;3,1;543,69;-200,0;2022,82;64,0;1423,47;637,69;19,93;45,22;0,8374
28/04/2004;23.00.00;1,2;1133,4;-200,0;5,3;617,38;182,0;1949,43;44,0;1395,31;652,33;21,15;46,33;0,8001
29/04/2004;00.00.00;1,6;1340,8;110,0;3,6;589,81;46,0;2084,03;48,0;1567,42;702,26;19,36;68,24;1,1472
29/04/2004;01.00.00;1,5;-200,0;106,0;7,5;-200,0;73,0;-200,0;30,0;-200,0;-200,0;-200,0;-200,0;-200,0
29/04/2004;02.00.00;2,0;1378,69;119,0;6,6;714,5;-200,0;2077,36;114,0;1700,15;1103,72;14,25;64,48;0,8418
29/04/2004;03.00.00;2,7;1584,57;108,0;6,7;714,36;-200,0;2029,91;65,0;1484,56;601,75;17,94;64,52;1,0171
29/04/2004;04.00.00;-200,0;1243,86;158,0;4,1;598,51;93,0;2079,43;103,0;1612,32;928,24;14,27;49,51;0,6128
29/04/2004;05.00.00;-200,0;1233,13;382,0;10,0;821,68;347,0;1787,33;-200,0;1543,27;845,54;16,28;60,42;0,8094
29/04/2004;06.00.00;2,2;1376,98;267,0;7,7;726,47;165,0;2035,0;101,0;1615,89;920,01;18,63;61,14;0,8818
29/04/2004;07.00.00;2,5;1430,24;618,0;8,3;776,69;-200,0;1935,21;104,0;1617,22;944,76;16,63;56,94;0,8177
29/04/2004;08.00.00;-200,0;1722,5;202,0;22,6;1364,3;-200,0;1720,61;158,0;1974,86;1257,13;19,98;55,35;0,9817
29/04/2004;09.00.00;5,3;2040,0;444,0;12,0;924,49;-200,0;1138,27;-200,0;1950,75;1392,45;18,39;44,23;0,6165
29/04/2004;10.00.00;2,1;1366,41;442,0;6,6;719,03;-200,0;1839,71;138,0;1791,59;1126,56;21,15;45,08;0,7713
29/04/2004;11.00.00;3,9;1843,07;257,0;16,9;1134,89;150,0;1923,34;-200,0;1473,5;847,18;24,2;33,73;0,7549
29/04/2004;12.00.00;1,8;1244,76;219,0;6,9;712,51;152,0;1966,45;77,0;1366,33;796,96;21,41;26,39;0,512
29/04/2004;13.00.00;4,8;2040,0;136,0;4,0;578,82;-200,0;1794,54;-200,0;1535,96;839,65;26,27;24,1;0,5463
29/04/2004;14.00.00;1,3;1067,77;235,0;5,0;627,3;256,0;1948,79;106,0;1544,52;1013,97;25,85;21,48;0,49
29/04/2004;15.00.00;1,8;1250,09;73,0;5,2;643,68;236,0;1921,55;53,0;1419,87;619,61;27,17;33,22;0,7715
29/04/2004;16.00.00;1,6;1198,79;154,0;12,3;918,21;144,0;1996,24;67,0;1389,14;762,67;26,34;21,21;0,5954
29/04/2004;17.00.00;1,9;1232,54;260,0;6,1;690,7;-200,0;1863,17;136,0;1752,48;1138,43;28,12;31,95;0,8103
29/04/2004;18.00.00;4,9;2040,0;-200,0;9,9;854,03;-200,0;970,75;173,0;1886,2;1345,28;24,85;32,11;0,7603
29/04/2004;19.00.00;2,6;1452,84;-200,0;27,4;1542,65;785,0;1316,96;184,0;1992,26;1363,0;22,7;36,66;0,7391
29/04/2004;20.00.00;2,6;1539,11;-200,0;13,3;984,23;385,0;1773,5;234,0;2321,45;1563,74;22,6;48,33;1,0354
29/04/2004;21.00.00;-200,0;1483,71;-200,0;11,0;883,63;100,0;2030,79;119,0;1671,05;1113,25;22,15;43,98;0,8213
29/04/2004;22.00.00;-200,0;1378,01;-200,0;5,0;651,34;117,0;1970,85;40,0;1434,81;639,96;19,87;53,89;0,9269
29/04/2004;23.00.00;-200,0;1000,77;-200,0;9,7;846,93;-200,0;2076,23;-200,0;1316,45;674,53;18,64;55,36;0,7982
30/04/2004;00.00.00;1,4;1173,4;-200,0;2,7;570,93;66,0;2139,51;30,0;1307,85;520,06;16,32;57,89;0,707
30/04/2004;01.00.00;1,3;1196,69;-200,0;5,5;673,0;-200,0;2112,94;-200,0;1471,78;697,95;15,61;73,01;1,0007
30/04/2004;02.00.00;-200,0;1029,47;-200,0;10,0;823,78;119,0;2078,36;42,0;1218,97;551,54;13,63;56,1;0,5718
30/04/2004;03.00.00;-200,0;1165,13;-200,0;5,5;681,44;156,0;2057,29;41,0;1494,02;602,35;19,76;70,37;1,1875
30/04/2004;04.00.00;0,8;1045,96;-200,0;5,3;670,14;-200,0;2003,38;41,0;1355,69;587,56;13,94;66,59;0,8507
30/04/2004;05.00.00;3,3;1727,12;-200,0;10,6;874,52;116,0;1948,51;168,0;1950,0;1309,9;15,55;59,11;0,8206
30/04/2004;06.00.00;3,1;1652,97;-200,0;14,4;1014,53;236,0;1938,29;71,0;1515,2;767,07;16,29;66,8;0,8925
30/04/2004;07.00.00;1,9;1351,9;-200,0;10,5;855,24;309,0;1900,31;141,0;1832,25;1199,31;20,55;45,68;0,7357
30/04/2004;08.00.00;5,1;2040,0;-200,0;33,3;1774,11;236,0;1798,32;214,0;2130,75;1546,59;19,38;47,97;0,8246
30/04/2004;09.00.00;3,2;1657,28;-200,0;19,6;1219,83;681,0;1436,48;219,0;2160,35;1574,18;23,76;39,88;0,923
30/04/2004;10.00.00;4,1;1866,69;-200,0;17,5;1129,65;286,0;1788,47;-200,0;2030,22;1456,48;21,21;43,33;0,7701
30/04/2004;11.00.00;1,9;1247,54;-200,0;18,1;1139,48;239,0;1894,95;-200,0;1682,31;1044,47;24,32;31,36;0,6546
30/04/2004;12.00.00;-200,0;1267,26;-200,0;11,4;889,43;197,0;1914,94;82,0;1487,6;852,52;23,13;35,36;0,7058
30/04/2004;13.00.00;-200,0;1231,36;-200,0;7,7;771,95;191,0;1918,25;-200,0;1561,04;941,67;29,88;29,4;0,9154
30/04/2004;14.00.00;1,3;1126,59;-200,0;5,5;667,19;186,0;2069,2;86,0;1430,52;918,42;23,72;26,14;0,6211
30/04/2004;15.00.00;2,6;1490,14;-200,0;19,2;1204,37;97,0;1977,04;79,0;1483,0;856,41;26,88;29,87;0,702
30/04/2004;16.00.00;2,5;1392,08;-200,0;5,9;693,64;226,0;1933,98;109,0;1502,66;973,71;27,36;27,19;0,6393
30/04/2004;17.00.00;2,5;1459,88;-200,0;12,9;952,13;260,0;1754,61;-200,0;1663,64;889,31;26,42;24,89;0,7376
30/04/2004;18.00.00;4,8;2040,0;-200,0;19,9;1244,31;-200,0;1316,49;170,0;2016,16;1245,12;24,43;47,2;1,0434
30/04/2004;19.00.00;2,1;1344,66;-200,0;23,2;1334,07;724,0;1422,07;135,0;1624,37;1064,81;23,5;34,49;0,7421
30/04/2004;20.00.00;2,1;1291,81;-200,0;35,3;1842,45;741,0;1387,24;160,0;1876,63;1249,44;22,64;30,18;0,5731
30/04/2004;21.00.00;2,6;1507,84;-200,0;10,2;835,82;176,0;1895,16;91,0;1623,74;903,81;20,97;41,71;0,7871
30/04/2004;22.00.00;1,9;1335,23;-200,0;5,8;697,98;243,0;1936,48;-200,0;1609,81;814,45;21,89;44,25;0,9015
30/04/2004;23.00.00;-200,0;1197,9;-200,0;8,1;768,38;102,0;2066,83;32,0;1468,59;612,94;23,18;59,05;1,2415
01/05/2004;00.00.00;0,6;877,08;-200,0;3,8;617,38;111,0;2048,09;39,0;1399,07;575,46;16,81;60,01;0,9452
01/05/2004;01.00.00;0,8;939,4;-200,0;6,2;687,36;-200,0;2019,07;43,0;1402,79;539,98;14,39;63,26;0,7648
01/05/2004;02.00.00;1,4;1202,11;-200,0;5,3;636,89;134,0;1953,98;70,0;1493,8;822,15;16,45;61,21;0,8436
01/05/2004;03.00.00;-200,0;1682,91;-200,0;7,8;745,32;80,0;1948,18;41,0;1466,52;657,72;21,62;62,28;1,1939
01/05/2004;04.00.00;-200,0;1365,97;-200,0;8,0;764,06;214,0;1860,23;68,0;1523,52;789,32;15,02;61,21;0,8089
01/05/2004;05.00.00;2,7;1581,36;-200,0;5,8;671,38;189,0;1890,71;78,0;1659,38;794,0;20,41;60,86;1,0883
01/05/2004;06.00.00;2,1;1369,6;-200,0;4,1;588,31;111,0;2149,27;123,0;1794,79;1067,14;21,28;62,58;1,1007
01/05/2004;07.00.00;2,8;1480,04;-200,0;6,1;717,83;-200,0;1829,3;97,0;1603,42;809,37;17,85;56,36;0,8734
01/05/2004;08.00.00;2,2;1378,94;-200,0;7,6;766,96;250,0;1854,6;112,0;1729,9;945,8;21,3;52,83;0,9662
01/05/2004;09.00.00;4,4;2035,27;-200,0;14,9;1032,85;229,0;1779,85;198,0;2163,93;1440,26;24,72;48,17;1,0626
01/05/2004;10.00.00;2,4;1444,6;-200,0;4,8;609,26;444,0;1701,57;-200,0;1609,65;729,58;22,0;45,44;0,8832
01/05/2004;11.00.00;2,4;1469,25;-200,0;8,0;777,22;116,0;1935,01;81,0;1549,55;802,87;23,55;38,12;0,7605
01/05/2004;12.00.00;1,7;1225,36;-200,0;7,5;715,81;101,0;1991,73;75,0;1462,23;789,4;23,83;34,74;0,692
01/05/2004;13.00.00;-200,0;1223,49;-200,0;9,1;796,61;363,0;1836,2;-200,0;1537,7;818,6;23,76;36,03;0,6426
01/05/2004;14.00.00;1,4;1185,49;-200,0;7,4;734,51;120,0;2041,59;42,0;1305,73;584,83;24,99;24,96;0,6619
01/05/2004;15.00.00;1,5;1106,58;-200,0;8,3;751,08;-200,0;1972,29;61,0;1274,44;674,5;24,01;23,4;0,5372
01/05/2004;16.00.00;2,2;1411,46;-200,0;7,8;726,74;261,0;1903,0;-200,0;1392,08;721,62;26,36;22,36;0,5497
01/05/2004;17.00.00;1,3;1177,39;-200,0;8,3;737,33;-200,0;1830,51;80,0;1430,87;833,19;24,25;31,0;0,6508
01/05/2004;18.00.00;1,6;1169,58;-200,0;12,8;938,23;378,0;1721,68;-200,0;1622,8;1143,5;25,46;23,68;0,4158
01/05/2004;19.00.00;-200,0;1747,12;-200,0;10,9;905,99;401,0;1697,12;221,0;2069,76;1628,75;20,85;38,99;0,6714
01/05/2004;20.00.00;4,4;2040,0;-200,0;-200,0;982,88;424,0;1644,85;120,0;1752,35;1036,4;23,42;40,47;0,8876
01/05/2004;21.00.00;3,4;1756,6;-200,0;4,6;623,77;192,0;1813,63;83,0;1648,72;768,7;23,13;51,35;1,1102
01/05/2004;22.00.00;0,8;1000,58;-200,0;7,8;757,77;159,0;2028,74;79,0;1394,94;780,36;16,18;46,97;0,6788
01/05/2004;23.00.00;0,9;1061,41;-200,0;2,8;522,11;-200,0;2118,93;-200,0;1413,69;636,58;19,71;53,66;0,9193
02/05/2004;00.00.00;0,6;1011,09;-200,0;3,7;595,71;64,0;2146,86;-200,0;1634,07;717,25;20,58;63,77;1,2047
02/05/2004;01.00.00;0,9;977,2;-200,0;4,3;615,77;169,0;2042,61;26,0;1339,7;443,56;14,91;67,93;0,8494
02/05/2004;02.00.00;1,6;1282,88;-200,0;6,4;697,49;71,0;2086,35;43,0;1514,95;607,73;20,17;59,42;1,0912
02/05/2004;03.00.00;-200,0;1083,59;-200,0;2,4;549,09;-200,0;2105,35;66,0;1469,98;714,98;17,49;64,34;0,9393
02/05/2004;04.00.00;1,1;1051,22;-200,0;4,3;617,41;130,0;1988,66;44,0;1357,43;583,28;15,42;64,29;0,8011
02/05/2004;05.00.00;1,6;1258,1;-200,0;-200,0;706,47;150,0;2063,84;56,0;1401,1;671,83;17,21;62,89;0,8711
02/05/2004;06.00.00;-200,0;1081,69;-200,0;12,2;921,44;170,0;1908,47;106,0;1644,28;916,8;19,24;56,84;0,8859
02/05/2004;07.00.00;3,3;1712,35;-200,0;8,4;780,66;127,0;1985,36;74,0;1614,2;821,81;19,31;60,84;1,0423
02/05/2004;08.00.00;2,4;1429,63;-200,0;8,8;789,48;309,0;1768,61;143,0;1790,27;1165,52;21,44;40,64;0,7265
02/05/2004;09.00.00;-200,0;1377,6;-200,0;23,9;1394,81;321,0;1868,38;-200,0;1749,35;1308,42;19,82;43,32;0,6888
02/05/2004;10.00.00;2,4;1535,98;-200,0;11,7;936,55;353,0;1802,35;99,0;1678,17;848,19;23,29;43,01;0,9345
02/05/2004;11.00.00;2,1;1397,41;-200,0;11,0;886,19;214,0;1886,92;74,0;1478,92;783,95;21,33;38,72;0,7392
02/05/2004;12.00.00;2,4;1501,7;-200,0;3,5;583,32;-200,0;1887,1;46,0;1390,57;696,55;24,97;39,47;0,9553
02/05/2004;13.00.00;1,2;1107,38;-200,0;6,3;701,98;78,0;2058,18;75,0;1496,54;740,64;24,18;35,83;0,8133
02/05/2004;14.00.00;1,8;1331,84;-200,0;3,2;567,48;72,0;2092,33;37,0;1184,22;614,33;25,02;26,61;0,5757
02/05/2004;15.00.00;1,3;1156,38;-200,0;2,9;555,07;121,0;1971,38;62,0;1447,53;701,71;29,13;33,93;0,986
02/05/2004;16.00.00;1,1;1049,63;-200,0;6,6;707,34;195,0;1961,73;-200,0;1384,48;697,65;28,67;24,47;0,6971
02/05/2004;17.00.00;-200,0;1141,3;-200,0;9,1;802,19;-200,0;2020,01;70,0;1535,77;729,61;27,21;34,5;0,8524
02/05/2004;18.00.00;-200,0;1182,23;-200,0;8,0;765,82;182,0;1883,9;-200,0;1607,67;986,84;23,01;41,75;0,8034
02/05/2004;19.00.00;1,8;1236,95;-200,0;18,7;1205,59;-200,0;1932,59;141,0;1842,94;1191,99;23,52;42,5;0,8661
02/05/2004;20.00.00;3,0;1632,08;-200,0;8,1;791,77;277,0;1870,36;171,0;2005,68;1256,47;25,38;41,3;1,0731
02/05/2004;21.00.00;1,9;1329,34;-200,0;5,8;658,69;146,0;1898,53;75,0;1542,12;814,65;21,94;43,77;0,8259
02/05/2004;22.00.00;0,7;982,88;-200,0;4,2;604,6;77,0;2054,12;39,0;1451,07;631,31;25,0;42,44;1,039
02/05/2004;23.00.00;0,5;963,98;-200,0;3,2;602,4;102,0;2155,28;26,0;1290,3;563,53;19,94;55,98;0,9406
03/05/2004;00.00.00;0,8;1000,07;-200,0;7,1;754,25;91,0;2099,37;73,0;1536,65;699,59;18,7;52,34;0,8822
03/05/2004;01.00.00;-200,0;1077,31;-200,0;3,3;586,48;-200,0;2115,12;59,0;1470,4;693,95;16,9;56,81;0,8621
03/05/2004;02.00.00;1,2;1120,72;-200,0;4,2;606,71;-200,0;1936,16;59,0;1440,29;793,21;17,29;56,62;0,8809
03/05/2004;03.00.00;2,2;1427,04;-200,0;4,0;598,66;-200,0;1690,25;72,0;1457,97;771,68;16,55;60,88;0,8764
03/05/2004;04.00.00;1,3;1119,09;-200,0;14,3;1008,72;141,0;2016,48;100,0;1705,68;832,03;18,44;62,43;1,0528
03/05/2004;05.00.00;3,2;1649,95;-200,0;6,9;733,61;136,0;1962,86;-200,0;1668,22;818,24;19,44;62,14;1,0576
03/05/2004;06.00.00;1,2;1082,29;-200,0;7,3;731,87;165,0;1921,41;87,0;1611,65;893,06;16,75;54,91;0,8678
03/05/2004;07.00.00;2,6;1493,99;-200,0;12,5;937,05;457,0;1663,57;101,0;1612,34;1001,51;16,69;59,53;0,7642
03/05/2004;08.00.00;5,0;-200,0;-200,0;26,0;-200,0;326,0;-200,0;146,0;-200,0;-200,0;-200,0;-200,0;-200,0
03/05/2004;09.00.00;-200,0;2040,0;-200,0;24,3;1429,41;443,0;1577,53;186,0;1998,3;1354,47;22,87;41,25;0,8556
03/05/2004;10.00.00;2,6;1504,54;-200,0;11,4;899,45;339,0;1818,96;221,0;2080,82;1649,28;20,94;41,66;0,7135
03/05/2004;11.00.00;3,1;1633,22;-200,0;8,7;796,81;506,0;1582,15;96,0;1610,02;890,06;20,05;46,0;0,826
03/05/2004;12.00.00;2,5;1472,88;-200,0;4,8;604,79;350,0;1820,26;102,0;1612,31;910,48;26,17;34,13;0,7645
03/05/2004;13.00.00;1,4;1148,19;-200,0;8,0;742,3;99,0;2040,1;123,0;1786,87;996,86;31,17;27,78;0,8655
03/05/2004;14.00.00;1,8;1232,71;-200,0;11,5;862,31;335,0;1849,21;89,0;1327,22;878,78;26,67;20,16;0,4097
03/05/2004;15.00.00;2,0;1321,81;-200,0;5,4;669,82;99,0;2063,56;144,0;1802,31;1119,91;28,53;26,09;0,8088
03/05/2004;16.00.00;-200,0;1174,67;-200,0;10,0;827,51;209,0;1973,0;90,0;1504,12;781,43;26,85;28,97;0,7281
03/05/2004;17.00.00;4,4;2034,06;-200,0;9,0;784,66;208,0;1838,02;119,0;1688,18;985,55;25,99;27,66;0,7814
03/05/2004;18.00.00;2,5;1397,61;-200,0;10,7;869,42;372,0;1826,73;-200,0;1836,48;1202,88;27,23;24,13;0,6693
03/05/2004;19.00.00;3,9;1827,85;-200,0;23,9;1385,49;334,0;1735,49;340,0;2621,41;2184,13;23,77;31,93;0,7083
03/05/2004;20.00.00;-200,0;1350,17;-200,0;-200,0;1964,27;845,0;1348,33;252,0;2407,95;1798,58;23,68;47,8;0,9921
03/05/2004;21.00.00;2,2;1437,04;-200,0;12,2;922,2;242,0;1814,75;69,0;1581,31;699,81;22,5;52,35;0,9932
03/05/2004;22.00.00;-200,0;1070,86;-200,0;5,1;640,87;-200,0;2047,66;132,0;1729,68;1071,62;19,22;45,41;0,7757
03/05/2004;23.00.00;1,0;1042,93;-200,0;3,9;630,01;62,0;2144,94;60,0;1590,53;711,5;21,34;57,55;1,0713
04/05/2004;00.00.00;0,7;936,96;-200,0;9,0;814,72;52,0;2106,84;-200,0;1385,18;684,69;18,16;51,78;0,7357
04/05/2004;01.00.00;1,6;1238,79;-200,0;5,5;651,2;91,0;2104,23;-200,0;1455,23;647,26;16,21;67,55;0,8557
04/05/2004;02.00.00;1,5;1253,42;-200,0;4,1;608,9;160,0;1941,78;46,0;1403,53;660,68;18,29;63,55;0,9449
04/05/2004;03.00.00;2,2;1372,83;-200,0;6,1;704,41;142,0;1935,66;75,0;1609,55;859,97;15,25;67,69;0,972
04/05/2004;04.00.00;1,4;1211,13;-200,0;7,5;747,92;256,0;1917,98;71,0;1502,25;779,67;17,27;53,75;0,901
04/05/2004;05.00.00;2,6;1545,1;-200,0;9,3;827,53;205,0;1914,74;78,0;1616,11;878,51;17,7;63,92;0,9742
04/05/2004;06.00.00;2,1;1469,07;-200,0;17,2;1160,26;250,0;1852,54;146,0;1884,23;1210,62;20,68;57,63;1,0438
04/05/2004;07.00.00;3,0;1720,15;-200,0;22,5;1355,52;465,0;1582,38;141,0;1931,74;1167,1;20,5;58,2;1,0184
04/05/2004;08.00.00;7,9;2040,0;-200,0;-200,0;1243,75;534,0;1429,37;212,0;2108,72;1531,66;20,7;54,17;0,9285
04/05/2004;09.00.00;3,2;1690,86;-200,0;-200,0;1210,26;766,0;1274,05;229,0;2234,31;1683,22;23,68;45,27;1,0362
04/05/2004;10.00.00;4,5;2040,0;-200,0;16,4;1095,61;-200,0;1584,26;211,0;2184,85;1478,6;26,12;37,28;1,0078
04/05/2004;11.00.00;2,6;1532,69;-200,0;8,0;765,57;384,0;1694,0;-200,0;2017,2;1324,0;25,66;39,84;0,9075
04/05/2004;12.00.00;1,5;1211,71;-200,0;12,1;914,77;-200,0;1879,78;94,0;1605,54;972,55;25,6;31,91;0,756
04/05/2004;13.00.00;1,1;1048,25;-200,0;7,0;689,13;334,0;1833,1;76,0;1398,48;804,29;23,75;24,99;0,5137
04/05/2004;14.00.00;1,1;1060,97;-200,0;8,4;761,34;243,0;1997,99;145,0;1699,44;1070,48;24,75;22,95;0,5
04/05/2004;15.00.00;-200,0;1426,72;-200,0;13,0;947,07;342,0;1843,42;33,0;1167,86;543,2;26,44;19,55;0,5473
04/05/2004;16.00.00;3,2;1715,95;-200,0;9,6;807,22;155,0;1915,35;115,0;1498,97;1047,45;25,66;25,0;0,5318
04/05/2004;17.00.00;-200,0;1410,33;-200,0;12,2;947,97;417,0;1757,02;119,0;1779,95;1007,84;26,0;34,87;0,8726
04/05/2004;18.00.00;3,5;1787,86;-200,0;13,2;958,05;244,0;1746,35;212,0;2174,72;1578,9;25,7;33,1;0,829
04/05/2004;19.00.00;4,9;2040,0;-200,0;17,8;1156,62;747,0;1289,96;204,0;2033,6;1437,28;25,61;33,29;0,7861
04/05/2004;20.00.00;3,2;1675,26;-200,0;10,0;829,54;426,0;1653,78;255,0;2392,23;1675,32;23,2;44,31;0,9658
04/05/2004;21.00.00;3,2;1614,99;-200,0;12,1;961,89;378,0;1622,39;126,0;1738,53;1066,28;23,02;40,78;0,8465
04/05/2004;22.00.00;-200,0;1247,96;-200,0;2,6;543,67;282,0;1848,93;42,0;1387,31;479,92;20,88;50,08;0,9718
04/05/2004;23.00.00;1,2;1085,61;-200,0;6,4;664,51;136,0;2074,73;-200,0;1170,56;599,6;15,6;53,04;0,6289
05/05/2004;00.00.00;0,9;990,5;-200,0;5,7;668,61;79,0;2097,87;47,0;1407,84;579,78;16,83;61,32;0,8604
05/05/2004;01.00.00;0,9;1015,28;-200,0;-200,0;645,43;69,0;2122,42;-200,0;1451,19;750,74;17,62;52,4;0,7831
05/05/2004;02.00.00;0,4;902,93;-200,0;4,5;624,1;161,0;1980,19;95,0;1484,4;946,88;14,99;57,83;0,6073
05/05/2004;03.00.00;2,3;1463,58;-200,0;-200,0;703,31;132,0;1943,36;57,0;1413,05;676,2;18,44;54,51;0,8048
05/05/2004;04.00.00;1,5;1238,57;-200,0;3,5;602,32;223,0;1921,27;-200,0;1437,39;526,25;20,47;60,79;1,0391
05/05/2004;05.00.00;1,5;1267,22;-200,0;-200,0;899,02;157,0;2005,33;100,0;1810,9;887,54;20,35;66,34;1,2173
05/05/2004;06.00.00;1,1;1092,96;-200,0;9,0;819,48;-200,0;2025,45;109,0;1707,56;979,91;18,28;54,9;0,8217
05/05/2004;07.00.00;2,3;1482,65;-200,0;24,5;1435,36;-200,0;1792,47;160,0;2002,78;1232,9;22,72;51,14;0,9938
05/05/2004;08.00.00;2,9;1613,66;-200,0;21,6;1303,52;629,0;1463,15;144,0;1945,54;1175,01;21,24;53,72;1,0388
05/05/2004;09.00.00;-200,0;1590,69;-200,0;20,4;1260,53;539,0;1550,7;301,0;2524,39;2047,72;21,57;50,04;0,8663
05/05/2004;10.00.00;3,3;1656,69;-200,0;16,4;1078,52;268,0;1783,11;-200,0;1615,57;1020,78;22,31;39,6;0,6787
05/05/2004;11.00.00;2,3;1408,67;-200,0;6,9;735,17;554,0;1549,18;123,0;1705,84;940,38;24,14;39,12;0,8398
05/05/2004;12.00.00;1,2;1033,61;-200,0;7,0;725,7;198,0;1926,65;102,0;1536,05;937,31;25,0;26,59;0,5398
05/05/2004;13.00.00;1,1;1048,93;-200,0;8,0;779,86;73,0;2111,35;101,0;1669,51;950,27;26,91;36,0;0,852
05/05/2004;14.00.00;1,0;1050,41;-200,0;6,2;683,14;252,0;1921,33;-200,0;1473,67;656,18;27,39;38,06;1,0301
05/05/2004;15.00.00;3,0;1573,13;-200,0;5,4;672,82;163,0;1950,35;56,0;1458,12;687,54;27,25;29,3;0,8088
05/05/2004;16.00.00;-200,0;1524,64;-200,0;7,0;694,93;-200,0;1896,98;114,0;1548,34;966,98;27,94;16,89;0,4977
05/05/2004;17.00.00;1,8;1277,73;-200,0;11,3;899,61;270,0;1868,99;148,0;1829,8;1097,31;28,95;26,32;0,8101
05/05/2004;18.00.00;-200,0;1274,08;-200,0;38,6;2005,2;401,0;1670,88;196,0;2175,35;1476,78;27,68;35,03;0,9985
05/05/2004;19.00.00;3,9;1794,67;-200,0;-200,0;1049,74;1006,0;1124,59;287,0;2345,82;1873,24;21,77;33,59;0,5369
05/05/2004;20.00.00;3,2;1629,01;-200,0;11,8;923,54;502,0;1612,44;188,0;1949,89;1417,36;18,43;46,4;0,7533
05/05/2004;21.00.00;2,4;1548,22;-200,0;9,3;798,47;283,0;1841,14;97,0;1664,35;939,62;24,11;47,64;1,0166
05/05/2004;22.00.00;1,8;-200,0;-200,0;10,4;-200,0;124,0;-200,0;79,0;-200,0;-200,0;-200,0;-200,0;-200,0
05/05/2004;23.00.00;1,4;1146,39;-200,0;8,1;783,62;-200,0;2032,75;59,0;1486,8;759,39;19,29;53,86;0,9207
06/05/2004;00.00.00;-200,0;908,28;-200,0;9,1;815,56;-200,0;2007,82;58,0;1380,65;747,4;16,56;52,72;0,656
06/05/2004;01.00.00;1,4;1148,4;-200,0;5,0;643,91;165,0;2051,89;42,0;1372,61;502,88;14,5;59,13;0,6476
06/05/2004;02.00.00;1,8;1370,21;-200,0;7,0;721,41;-200,0;2047,66;46,0;1495,39;630,48;18,69;59,07;0,9764
06/05/2004;03.00.00;1,1;1134,47;-200,0;4,2;613,83;225,0;1922,16;-200,0;1692,03;891,69;18,95;68,33;1,1345
06/05/2004;04.00.00;1,8;1290,01;-200,0;6,0;689,84;198,0;1891,28;74,0;1594,5;743,28;16,45;72,42;1,0204
06/05/2004;05.00.00;1,5;1149,07;-200,0;5,1;631,24;165,0;1997,72;47,0;1246,88;542,4;12,92;52,89;0,5527
06/05/2004;06.00.00;4,2;1956,16;-200,0;11,5;909,85;-200,0;1808,6;-200,0;1461,89;773,12;17,81;47,57;0,7592
06/05/2004;07.00.00;1,8;-200,0;-200,0;13,9;-200,0;887,0;-200,0;99,0;-200,0;-200,0;-200,0;-200,0;-200,0
06/05/2004;08.00.00;5,6;2040,0;-200,0;20,1;1231,34;552,0;1396,28;286,0;2320,92;1945,84;18,18;41,52;0,6488
06/05/2004;09.00.00;2,1;1427,68;-200,0;13,5;975,81;-200,0;1318,63;201,0;2032,8;1509,4;22,8;44,69;0,8493
06/05/2004;10.00.00;5,4;2040,0;-200,0;19,3;1235,91;619,0;1400,46;156,0;1813,77;1264,34;23,7;43,54;0,9101
06/05/2004;11.00.00;1,5;1218,53;-200,0;4,0;615,74;328,0;1868,75;99,0;1709,54;918,44;26,09;42,93;1,0928
06/05/2004;12.00.00;2,0;1365,83;-200,0;7,5;767,87;419,0;1735,53;66,0;1575,01;718,09;26,21;32,74;0,873
06/05/2004;13.00.00;1,0;1039,34;-200,0;7,2;734,62;75,0;2106,4;108,0;1545,39;920,38;24,82;27,9;0,6196
06/05/2004;14.00.00;1,0;1013,08;-200,0;3,2;546,1;-200,0;2092,36;96,0;1470,56;860,81;29,66;17,18;0,4993
06/05/2004;15.00.00;2,2;1381,76;-200,0;7,8;737,87;336,0;1796,21;60,0;1334,26;563,6;27,12;26,59;0,681
06/05/2004;16.00.00;2,5;1493,1;-200,0;7,2;723,97;147,0;1989,62;136,0;1705,57;1054,02;27,21;27,43;0,7282
06/05/2004;17.00.00;2,6;1438,05;-200,0;13,7;982,49;305,0;1746,38;156,0;1780,42;1276,29;24,9;32,06;0,705
06/05/2004;18.00.00;4,2;1867,43;-200,0;34,0;1802,09;898,0;1175,69;133,0;1602,95;1147,25;25,08;28,19;0,5074
06/05/2004;19.00.00;5,3;2040,0;-200,0;20,5;1249,86;-200,0;1456,5;182,0;1954,79;1451,37;23,16;33,28;0,7502
06/05/2004;20.00.00;-200,0;1402,53;-200,0;22,0;1320,82;835,0;1285,57;149,0;1861,38;1195,17;23,38;32,41;0,7706
06/05/2004;21.00.00;1,3;1159,63;-200,0;-200,0;1104,4;-200,0;1972,27;120,0;1740,76;1145,76;25,86;33,0;0,7667
06/05/2004;22.00.00;1,4;1167,72;-200,0;7,1;724,7;179,0;2010,59;-200,0;1299,9;586,69;18,4;43,57;0,6316
06/05/2004;23.00.00;0,9;1025,77;-200,0;3,2;566,62;99,0;2103,97;41,0;1300,75;644,79;16,71;45,61;0,6413
07/05/2004;00.00.00;1,3;1241,05;-200,0;2,3;554,98;-200,0;2019,6;64,0;1581,5;751,01;22,03;58,63;1,1306
07/05/2004;01.00.00;1,5;1195,33;-200,0;5,6;662,84;97,0;2060,29;33,0;1448,24;570,11;17,88;57,22;0,9219
07/05/2004;02.00.00;1,1;1047,22;-200,0;4,7;624,19;85,0;2012,71;59,0;1405,33;749,08;16,46;58,91;0,8275
07/05/2004;03.00.00;1,9;1321,62;-200,0;10,0;852,03;-200,0;1998,81;47,0;1429,24;693,67;19,7;57,3;0,9334
07/05/2004;04.00.00;2,0;1339,39;-200,0;5,7;655,06;140,0;2006,44;103,0;1508,39;920,36;16,58;45,44;0,5752
07/05/2004;05.00.00;2,3;1464,4;-200,0;7,7;760,12;146,0;1977,27;96,0;1880,3;888,27;21,95;67,35;1,3463
07/05/2004;06.00.00;-200,0;1367,99;-200,0;6,1;686,52;184,0;1993,2;66,0;1509,16;750,4;20,45;51,95;0,9512
07/05/2004;07.00.00;-200,0;1828,46;-200,0;12,0;926,69;585,0;1508,11;108,0;1695,31;1050,14;19,15;51,16;0,8938
07/05/2004;08.00.00;4,5;2040,0;-200,0;12,8;979,0;909,0;1162,67;203,0;2176,1;1520,29;25,65;41,6;0,9449
07/05/2004;09.00.00;-200,0;2040,0;-200,0;13,4;971,17;596,0;1411,03;97,0;1649,84;989,63;21,41;49,08;1,0127
07/05/2004;10.00.00;5,2;2040,0;-200,0;-200,0;972,3;-200,0;1706,63;-200,0;1698,29;990,5;25,4;40,28;0,8615
07/05/2004;11.00.00;2,4;1479,27;-200,0;7,9;766,54;201,0;1957,58;85,0;1547,97;800,26;25,72;31,09;0,781
07/05/2004;12.00.00;1,5;1059,73;-200,0;22,4;1327,69;87,0;2043,63;-200,0;1728,42;1091,02;28,76;29,53;0,7425
07/05/2004;13.00.00;1,2;1127,42;-200,0;10,3;853,98;218,0;1982,4;70,0;1582,57;787,41;30,08;37,02;1,089
07/05/2004;14.00.00;2,4;1464,14;-200,0;10,5;856,88;127,0;1904,85;-200,0;1579,12;873,18;27,52;26,47;0,7794
07/05/2004;15.00.00;1,8;1195,64;-200,0;6,4;675,89;300,0;1806,26;65,0;1397,8;755,95;26,12;25,31;0,6621
07/05/2004;16.00.00;3,1;1593,25;-200,0;8,0;782,56;-200,0;1899,85;109,0;1614,12;977,71;28,37;22,13;0,5873
07/05/2004;17.00.00;1,2;1022,84;-200,0;9,4;785,0;225,0;1836,86;75,0;1400,99;756,52;25,6;19,16;0,4303
07/05/2004;18.00.00;4,5;2028,09;-200,0;42,9;2164,36;411,0;1548,68;138,0;1817,68;1149,01;30,19;30,69;0,9461
07/05/2004;19.00.00;-200,0;1694,97;-200,0;17,3;1144,45;599,0;1490,05;-200,0;2165,6;1413,37;25,4;36,85;0,8933
07/05/2004;20.00.00;2,8;1535,03;-200,0;12,0;945,33;-200,0;1327,95;177,0;2025,91;1291,08;23,19;45,06;0,9987
07/05/2004;21.00.00;1,6;1201,17;-200,0;7,3;708,85;-200,0;1928,75;120,0;1708,8;978,09;22,99;32,98;0,6548
07/05/2004;22.00.00;1,9;1311,17;-200,0;6,6;702,49;121,0;2008,67;-200,0;1448,21;622,45;18,64;43,25;0,6091
07/05/2004;23.00.00;-200,0;1181,27;-200,0;7,6;717,91;53,0;2082,76;60,0;1383,23;580,73;18,18;50,32;0,7888
08/05/2004;00.00.00;0,7;1043,07;-200,0;5,9;693,61;113,0;2066,66;45,0;1422,3;616,46;21,68;56,69;1,0572
08/05/2004;01.00.00;1,2;1098,8;-200,0;3,2;568,68;71,0;2074,36;53,0;1399,34;746,86;17,17;58,84;0,7949
08/05/2004;02.00.00;1,6;1258,56;-200,0;3,6;596,26;-200,0;2009,07;40,0;1392,05;587,89;15,89;60,76;0,837
08/05/2004;03.00.00;1,4;1152,76;-200,0;8,6;798,2;114,0;1934,31;36,0;1425,51;576,1;18,89;64,02;1,0255
08/05/2004;04.00.00;2,1;1434,46;-200,0;-200,0;971,96;146,0;2003,62;47,0;1469,69;691,09;20,36;56,85;1,0183
08/05/2004;05.00.00;1,4;1236,96;-200,0;6,2;700,02;148,0;2050,0;43,0;1488,31;607,59;19,92;64,24;1,0602
08/05/2004;06.00.00;0,8;991,68;-200,0;12,6;937,34;-200,0;2040,2;96,0;1672,12;908,94;21,27;58,88;1,1198
08/05/2004;07.00.00;2,5;-200,0;-200,0;6,4;-200,0;303,0;-200,0;167,0;-200,0;-200,0;-200,0;-200,0;-200,0
08/05/2004;08.00.00;3,3;1686,96;-200,0;10,7;895,96;286,0;1737,09;121,0;1699,26;1033,76;18,68;56,64;0,864
08/05/2004;09.00.00;3,4;1790,01;-200,0;10,1;870,39;-200,0;1504,1;227,0;2361,19;1587,04;25,82;51,76;1,2357
08/05/2004;10.00.00;3,6;1803,96;-200,0;13,3;992,02;-200,0;1790,94;145,0;1860,46;1169,81;23,46;43,99;1,0155
08/05/2004;11.00.00;0,9;964,98;-200,0;7,7;724,61;135,0;1988,9;78,0;1318,06;765,97;24,81;19,89;0,4924
08/05/2004;12.00.00;-200,0;1276,46;-200,0;7,6;776,79;467,0;1691,49;70,0;1658,97;724,68;29,01;39,15;1,1796
08/05/2004;13.00.00;1,1;1101,01;-200,0;10,1;849,35;-200,0;1961,03;103,0;1691,41;925,63;28,26;32,37;0,9642
08/05/2004;14.00.00;0,9;1053,86;-200,0;4,6;623,84;391,0;1801,1;32,0;1552,89;542,78;28,56;36,63;1,2078
08/05/2004;15.00.00;1,4;1194,01;-200,0;6,0;691,67;116,0;1984,24;93,0;1697,02;825,02;32,14;32,17;1,0979
08/05/2004;16.00.00;-200,0;1322,82;-200,0;3,9;622,7;-200,0;2141,59;98,0;1688,4;882,92;26,36;34,49;0,9278
08/05/2004;17.00.00;2,2;1446,92;-200,0;14,2;986,28;327,0;1816,62;84,0;1673,16;836,33;29,0;32,79;0,9931
08/05/2004;18.00.00;2,1;1346,21;-200,0;19,4;1238,51;543,0;1562,73;138,0;1876,08;1153,09;26,46;38,0;0,9995
08/05/2004;19.00.00;2,9;1696,35;-200,0;16,7;1128,27;425,0;1677,66;270,0;2553,06;1926,27;25,85;44,95;1,1745
08/05/2004;20.00.00;3,6;1814,56;-200,0;12,9;1004,84;135,0;1851,93;89,0;1714,87;920,28;27,17;40,41;1,0291
08/05/2004;21.00.00;2,3;1369,67;-200,0;6,7;739,25;135,0;1942,22;-200,0;1577,5;888,49;23,83;36,12;0,7535
08/05/2004;22.00.00;1,1;1081,26;-200,0;3,0;541,36;138,0;2066,31;-200,0;1578,3;785,96;22,6;47,1;0,9621
08/05/2004;23.00.00;-200,0;1037,8;-200,0;4,5;654,01;63,0;2049,84;49,0;1566,05;770,29;22,46;54,93;1,0855
09/05/2004;00.00.00;0,5;910,4;-200,0;4,6;623,46;38,0;2079,11;41,0;1408,84;591,16;18,74;56,85;0,9278
09/05/2004;01.00.00;0,9;1037,93;-200,0;8,0;758,98;68,0;2143,01;77,0;1484,19;739,45;16,99;53,1;0,846
09/05/2004;02.00.00;0,6;998,14;-200,0;3,5;565,35;-200,0;2254,7;33,0;1275,35;627,63;16,08;52,98;0,7013
09/05/2004;03.00.00;-200,0;1479,48;-200,0;4,9;618,1;74,0;2060,41;36,0;1244,11;564,96;14,07;58,04;0,6876
09/05/2004;04.00.00;0,9;1102,5;-200,0;7,2;774,01;-200,0;2160,04;24,0;1541,86;583,08;22,29;65,17;1,2945
09/05/2004;05.00.00;-200,0;1294,94;-200,0;-200,0;731,02;134,0;1944,51;42,0;1395,87;587,55;16,47;67,24;0,9304
09/05/2004;06.00.00;2,8;1568,48;-200,0;4,8;628,03;183,0;1936,56;56,0;1492,68;746,18;19,03;61,06;0,9005
09/05/2004;07.00.00;2,0;1380,23;-200,0;7,4;754,69;-200,0;1940,46;102,0;1663,65;1047,05;19,95;58,03;0,9707
09/05/2004;08.00.00;2,2;1425,13;-200,0;8,7;767,67;405,0;1703,72;161,0;1924,68;1180,95;22,32;48,0;0,9835
09/05/2004;09.00.00;1,4;1211,39;-200,0;7,6;743,47;260,0;1852,05;87,0;1572,27;802,39;24,63;35,04;0,8621
09/05/2004;10.00.00;1,6;1231,46;-200,0;14,6;1009,02;114,0;2023,66;89,0;1527,45;909,3;26,02;36,81;0,8397
09/05/2004;11.00.00;2,6;1499,53;-200,0;-200,0;696,83;-200,0;1963,86;112,0;1641,81;1026,03;24,34;33,45;0,684
09/05/2004;12.00.00;1,5;1137,87;-200,0;5,3;648,06;-200,0;2046,12;58,0;1428,5;688,57;26,2;28,53;0,7044
09/05/2004;13.00.00;1,3;1104,62;-200,0;5,6;669,98;65,0;2096,32;68,0;1430,01;746,07;27,9;28,43;0,6656
09/05/2004;14.00.00;1,9;1365,02;-200,0;4,9;596,34;135,0;1937,93;78,0;1534,84;751,23;27,34;28,57;0,7271
09/05/2004;15.00.00;-200,0;1226,5;-200,0;-200,0;621,67;57,0;2098,66;40,0;1404,31;638,22;31,22;30,01;0,8861
09/05/2004;16.00.00;1,2;1150,26;-200,0;3,9;582,34;157,0;2036,42;41,0;1318,19;645,32;28,81;24,97;0,779
09/05/2004;17.00.00;1,7;1278,5;-200,0;12,5;945,5;98,0;2050,54;130,0;1611,54;1125,22;28,8;18,64;0,4916
09/05/2004;18.00.00;-200,0;1176,26;-200,0;7,5;736,68;212,0;1900,97;-200,0;1753,42;985,6;27,86;28,6;0,8552
09/05/2004;19.00.00;-200,0;1411,24;-200,0;7,4;731,86;215,0;1848,77;76,0;1639,76;795,19;27,85;34,96;0,9993
09/05/2004;20.00.00;-200,0;1350,43;-200,0;8,7;789,73;-200,0;1779,39;71,0;1570,08;754,83;24,66;45,2;0,9887
09/05/2004;21.00.00;-200,0;1295,12;-200,0;14,1;1006,15;190,0;1921,48;66,0;1354,43;737,09;20,41;40,91;0,6703
09/05/2004;22.00.00;0,7;979,46;-200,0;3,1;584,23;64,0;2183,64;76,0;1542,09;694,67;22,51;50,97;1,0088
09/05/2004;23.00.00;1,0;1090,49;-200,0;4,6;626,5;64,0;2162,5;-200,0;1442,8;637,65;19,2;54,2;0,8882
10/05/2004;00.00.00;-200,0;1034,38;-200,0;3,9;586,96;-200,0;1924,11;-200,0;1526,25;747,62;18,6;56,46;0,9155
10/05/2004;01.00.00;0,9;1064,91;-200,0;5,3;646,66;201,0;1961,39;48,0;1441,29;631,75;20,03;63,75;1,0648
10/05/2004;02.00.00;1,2;1151,39;-200,0;7,7;772,62;71,0;2052,05;62,0;1608,98;701,06;20,84;57,59;1,0823
10/05/2004;03.00.00;0,6;961,86;-200,0;3,2;581,0;252,0;1881,48;53,0;1449,21;623,03;18,23;58,64;0,9261
10/05/2004;04.00.00;1,2;1176,51;-200,0;4,8;647,68;277,0;1880,27;67,0;1574,4;734,44;18,98;60,84;0,9729
10/05/2004;05.00.00;1,2;1122,74;-200,0;10,7;906,99;-200,0;1923,5;60,0;1513,98;652,77;22,26;55,9;1,0659
10/05/2004;06.00.00;1,9;1256,07;-200,0;9,8;829,09;232,0;1863,33;79,0;1650,29;827,88;20,14;58,78;1,0145
10/05/2004;07.00.00;1,3;1166,94;-200,0;14,6;1069,8;285,0;1832,82;118,0;1804,18;1053,74;25,89;48,95;1,1441
10/05/2004;08.00.00;3,9;1941,12;-200,0;23,7;1403,68;292,0;1825,87;-200,0;2089,96;1401,15;23,03;49,3;1,0179
10/05/2004;09.00.00;5,0;2040,0;-200,0;13,0;947,36;573,0;1444,74;-200,0;2141,61;1677,39;19,67;43,01;0,7331
10/05/2004;10.00.00;2,7;1610,71;-200,0;20,5;1266,85;341,0;1763,25;258,0;2393,13;1772,88;25,99;39,93;0,985
10/05/2004;11.00.00;2,5;1534,81;-200,0;13,4;962,57;304,0;1866,07;97,0;1682,34;921,69;26,45;32,21;0,8929
10/05/2004;12.00.00;1,5;1192,64;-200,0;8,9;783,53;248,0;1888,72;110,0;1689,62;1014,57;29,31;29,09;0,8436
10/05/2004;13.00.00;1,0;1135,9;-200,0;8,8;795,26;527,0;1674,15;79,0;1501,18;797,9;28,87;28,4;0,8608
10/05/2004;14.00.00;1,6;1231,87;-200,0;10,6;874,52;275,0;1842,04;105,0;1561,25;921,3;27,74;27,14;0,7395
10/05/2004;15.00.00;2,0;1316,78;-200,0;5,3;630,19;201,0;1908,03;50,0;1300,5;635,2;25,74;25,49;0,6
10/05/2004;16.00.00;1,1;1114,71;-200,0;9,8;868,36;77,0;2088,92;72,0;1525,66;800,33;27,6;34,65;0,9165
10/05/2004;17.00.00;2,0;1247,85;-200,0;21,1;1271,13;335,0;1811,1;149,0;1727,89;1232,63;25,82;22,97;0,5509
10/05/2004;18.00.00;2,9;1594,2;-200,0;19,8;1221,56;818,0;1339,48;206,0;1995,47;1502,9;25,56;30,46;0,738
10/05/2004;19.00.00;9,7;2040,0;-200,0;16,3;1064,29;405,0;1473,72;236,0;2237,63;1662,47;26,87;26,64;0,6331
10/05/2004;20.00.00;3,3;1762,51;-200,0;35,9;1880,68;1007,0;1107,83;-200,0;2352,59;1838,61;27,82;40,71;1,024
10/05/2004;21.00.00;-200,0;1092,23;-200,0;10,5;883,43;310,0;1910,74;61,0;1453,29;752,4;23,98;37,94;0,8572
10/05/2004;22.00.00;0,7;936,92;-200,0;9,8;860,3;153,0;1990,95;-200,0;1341,24;628,74;19,5;46,78;0,83
10/05/2004;23.00.00;1,5;1252,76;-200,0;3,7;608,29;63,0;2113,26;60,0;1470,37;679,48;21,58;50,65;0,9967
11/05/2004;00.00.00;2,7;1559,08;-200,0;6,4;713,83;172,0;1896,06;-200,0;1623,66;696,55;22,23;57,41;1,137
11/05/2004;01.00.00;1,1;1081,78;-200,0;3,9;578,88;75,0;2052,53;68,0;1497,39;663,2;17,83;56,11;0,8909
11/05/2004;02.00.00;1,2;1140,57;-200,0;6,1;652,99;99,0;2105,43;146,0;1834,04;1280,18;18,28;57,69;0,9362
11/05/2004;03.00.00;1,7;1290,53;-200,0;4,8;651,51;65,0;1969,69;51,0;1514,6;626,22;18,4;68,46;1,1161
11/05/2004;04.00.00;-200,0;1120,67;-200,0;13,9;992,88;239,0;1955,04;-200,0;1595,77;815,83;16,98;62,09;0,8538
11/05/2004;05.00.00;0,7;1025,12;-200,0;7,0;717,2;-200,0;1951,72;83,0;1633,17;887,26;20,34;56,06;0,9334
11/05/2004;06.00.00;3,0;1588,0;-200,0;6,1;696,88;241,0;1860,27;-200,0;1842,76;1039,59;19,6;54,75;0,9046
11/05/2004;07.00.00;2,3;1425,52;-200,0;13,9;992,37;487,0;1719,55;167,0;2082,79;1310,02;21,71;60,51;1,1542
11/05/2004;08.00.00;5,3;2040,0;-200,0;22,1;1344,56;645,0;1329,02;168,0;1898,31;1309,45;20,31;46,76;0,8105
11/05/2004;09.00.00;2,8;1537,01;-200,0;17,9;1178,5;424,0;1632,47;225,0;2102,69;1609,01;22,5;39,83;0,7018
11/05/2004;10.00.00;3,0;1644,8;-200,0;10,0;858,06;262,0;1882,23;155,0;1943,43;1246,31;26,11;35,2;0,9488
11/05/2004;11.00.00;2,9;1630,62;-200,0;14,5;1010,58;-200,0;1959,1;-200,0;1685,35;1021,31;25,13;31,54;0,7177
11/05/2004;12.00.00;2,7;1522,41;-200,0;13,1;957,42;-200,0;1968,74;130,0;1696,2;1044,5;30,36;27,58;0,8625
11/05/2004;13.00.00;1,8;1256,94;-200,0;3,9;583,46;105,0;2056,23;183,0;1896,91;1353,5;26,91;21,29;0,6077
11/05/2004;14.00.00;1,7;1170,19;-200,0;4,9;622,75;177,0;1978,45;42,0;1141,01;622,07;28,65;20,27;0,4546
11/05/2004;15.00.00;1,9;1254,8;-200,0;6,2;693,95;149,0;1972,62;112,0;1588,04;1002,81;30,24;21,13;0,6243
11/05/2004;16.00.00;2,0;1341,41;-200,0;6,2;686,74;158,0;1956,93;104,0;1633,99;926,04;25,37;28,85;0,6589
11/05/2004;17.00.00;1,5;1148,38;-200,0;13,2;975,17;439,0;1813,24;-200,0;1403,1;850,84;24,18;25,79;0,5502
11/05/2004;18.00.00;2,0;1358,04;-200,0;31,1;1684,69;276,0;1828,4;152,0;1699,73;1311,6;23,86;29,52;0,6285
11/05/2004;19.00.00;1,7;1348,72;-200,0;15,3;1086,05;222,0;1967,96;257,0;2559,66;1831,43;28,4;40,63;1,2026
11/05/2004;20.00.00;4,0;1948,45;-200,0;27,0;1527,71;363,0;1653,69;166,0;2006,24;1447,22;23,57;45,1;0,991
11/05/2004;21.00.00;1,8;1291,69;-200,0;5,5;662,3;180,0;1916,01;105,0;1818,74;940,49;28,49;41,87;1,2185
11/05/2004;22.00.00;1,9;1317,96;-200,0;6,8;733,95;-200,0;1998,95;-200,0;1441,13;682,43;20,95;44,79;0,8204
11/05/2004;23.00.00;1,3;1108,83;-200,0;3,5;613,18;64,0;2079,36;39,0;1417,03;589,15;21,24;47,96;0,821
12/05/2004;00.00.00;-200,0;973,44;-200,0;5,1;664,61;109,0;2108,23;36,0;1477,43;485,2;23,11;59,24;1,1212
12/05/2004;01.00.00;1,2;1153,42;-200,0;2,5;546,13;71,0;2073,53;46,0;1514,62;624,8;23,24;57,62;1,1242
12/05/2004;02.00.00;1,1;1196,76;-200,0;3,3;599,97;82,0;2053,11;59,0;1534,13;588,36;22,85;58,51;1,2104
12/05/2004;03.00.00;1,2;1159,69;-200,0;7,2;736,79;186,0;1919,24;77,0;1579,1;746,39;20,98;56,98;1,0438
12/05/2004;04.00.00;2,2;1378,35;-200,0;5,3;662,81;160,0;2066,35;58,0;1443,42;695,56;20,78;56,59;1,0127
12/05/2004;05.00.00;4,2;2040,0;-200,0;6,7;720,67;114,0;1859,14;108,0;1758,09;955,4;20,41;60,24;1,0479
12/05/2004;06.00.00;-200,0;1681,51;-200,0;18,7;1188,86;160,0;2067,01;-200,0;1670,82;671,63;21,58;49,2;1,0326
12/05/2004;07.00.00;2,8;1533,21;-200,0;14,0;997,13;304,0;1831,44;188,0;2053,46;1422,8;19,96;57,03;0,9417
12/05/2004;08.00.00;5,6;2040,0;-200,0;25,2;1449,18;302,0;1707,98;149,0;1873,12;1162,68;20,63;45,04;0,8537
12/05/2004;09.00.00;-200,0;2040,0;-200,0;13,5;980,53;435,0;1453,83;340,0;2768,86;2281,1;23,55;42,3;0,8975
12/05/2004;10.00.00;1,7;1173,68;-200,0;8,1;769,73;326,0;1845,35;-200,0;1963,66;1376,07;24,51;31,71;0,7072
12/05/2004;11.00.00;3,3;1653,85;-200,0;9,4;823,4;170,0;1837,89;142,0;1815,31;1207,77;25,15;33,99;0,8482
12/05/2004;12.00.00;2,4;1389,51;-200,0;4,6;636,11;266,0;1844,38;86,0;1524,08;750,12;28,49;28,68;0,8748
12/05/2004;13.00.00;2,6;1460,74;-200,0;5,6;663,4;118,0;2034,92;-200,0;1641,57;820,58;29,8;27,21;0,8051
12/05/2004;14.00.00;2,1;1366,44;-200,0;7,4;733,25;-200,0;1786,39;51,0;1513,2;701,99;28,57;33,02;0,9669
12/05/2004;15.00.00;1,4;1149,14;-200,0;6,3;679,15;144,0;2035,41;-200,0;1437,02;724,64;31,51;25,94;0,8725
12/05/2004;16.00.00;3,5;1791,97;-200,0;8,5;783,2;141,0;1909,13;-200,0;1370,17;915,05;26,11;21,69;0,5318
12/05/2004;17.00.00;2,6;1470,36;-200,0;13,5;966,11;353,0;1785,93;194,0;1996,71;1462,1;27,5;23,91;0,6431
12/05/2004;18.00.00;-200,0;1571,41;-200,0;9,8;819,36;422,0;1630,02;234,0;2209,88;1670,6;25,66;33,3;0,7613
12/05/2004;19.00.00;-200,0;1976,98;-200,0;12,3;949,04;659,0;1464,09;94,0;1642,96;909,44;22,33;40,54;0,7865
12/05/2004;20.00.00;4,3;1970,82;-200,0;6,4;695,19;171,0;1897,52;119,0;1707,35;1052,91;24,69;39,8;0,8714
12/05/2004;21.00.00;-200,0;1389,18;-200,0;8,3;748,42;303,0;1787,66;103,0;1751,5;934,77;23,32;46,49;1,0181
12/05/2004;22.00.00;1,6;1322,22;-200,0;7,6;765,84;108,0;1998,55;97,0;1786,76;804,77;25,29;50,76;1,1833
12/05/2004;23.00.00;-200,0;1108,66;-200,0;7,7;754,02;96,0;2119,29;54,0;1542,7;643,68;22,32;59,15;1,1044
13/05/2004;00.00.00;0,9;978,01;-200,0;4,6;605,4;88,0;2062,01;22,0;1177,2;455,95;18,16;45,8;0,6737
13/05/2004;01.00.00;0,9;1050,51;-200,0;8,0;775,11;-200,0;1948,16;37,0;1501,98;544,18;23,12;61,75;1,1179
13/05/2004;02.00.00;-200,0;1058,94;-200,0;6,2;677,65;57,0;2137,14;77,0;1747,12;824,7;21,35;65,13;1,1929
13/05/2004;03.00.00;2,5;1447,04;-200,0;6,3;669,83;281,0;1863,19;73,0;1467,18;852,56;19,91;54,13;0,932
13/05/2004;04.00.00;-200,0;1220,19;-200,0;5,3;649,13;219,0;1909,34;79,0;1554,05;790,76;18,46;55,78;0,8733
13/05/2004;05.00.00;0,5;968,54;-200,0;3,0;575,15;199,0;2055,09;-200,0;1772,73;963,27;17,49;54,16;0,9058
13/05/2004;06.00.00;2,3;1416,19;-200,0;14,8;1031,19;130,0;1982,56;93,0;1586,43;873,08;19,46;51,91;0,8977
13/05/2004;07.00.00;3,2;1712,67;-200,0;13,0;967,65;175,0;1948,52;183,0;2121,37;1326,98;23,42;49,41;1,0668
13/05/2004;08.00.00;1,9;-200,0;-200,0;-200,0;-200,0;-200,0;-200,0;-200,0;-200,0;-200,0;-200,0;-200,0;-200,0
13/05/2004;09.00.00;-200,0;1590,91;-200,0;12,5;970,86;-200,0;1426,57;211,0;2312,12;1454,79;26,83;47,15;1,1843
13/05/2004;10.00.00;2,1;1409,94;-200,0;33,9;1804,89;360,0;1827,62;112,0;1707,3;1012,76;24,06;43,57;0,9269
13/05/2004;11.00.00;-200,0;1201,1;-200,0;8,8;781,46;-200,0;1879,03;94,0;1442,54;921,82;24,0;29,63;0,6056
13/05/2004;12.00.00;2,8;1520,38;-200,0;6,2;671,14;109,0;2000,54;67,0;1395,56;732,99;27,56;25,87;0,6471
13/05/2004;13.00.00;1,6;1277,41;-200,0;6,7;697,17;-200,0;1853,02;40,0;1333,12;607,69;24,53;33,81;0,668
13/05/2004;14.00.00;-200,0;1159,18;-200,0;7,2;729,54;260,0;1909,08;59,0;1447,92;714,93;29,22;28,67;0,7702
13/05/2004;15.00.00;-200,0;1370,42;-200,0;6,4;711,25;-200,0;1792,85;90,0;1489,84;809,13;28,45;25,24;0,7475
13/05/2004;16.00.00;2,0;1299,15;-200,0;6,2;686,69;-200,0;1952,84;-200,0;1503,56;822,98;27,64;27,8;0,7345
13/05/2004;17.00.00;1,3;1170,07;-200,0;5,4;633,55;-200,0;1913,57;184,0;1890,41;1427,54;24,88;27,09;0,5942
13/05/2004;18.00.00;-200,0;1470,16;-200,0;11,3;891,77;358,0;1659,97;177,0;2026,1;1356,91;28,3;32,72;0,9051
13/05/2004;19.00.00;4,0;1855,75;-200,0;26,2;1506,58;366,0;1689,31;255,0;2304,36;1820,9;25,18;32,14;0,8058
13/05/2004;20.00.00;2,2;1382,2;-200,0;10,5;860,71;578,0;1613,05;92,0;1566,85;864,1;22,7;39,51;0,7983
13/05/2004;21.00.00;-200,0;1943,51;-200,0;4,9;604,71;-200,0;1284,78;92,0;1444,69;818,91;18,0;35,27;0,5685
13/05/2004;22.00.00;1,4;1135,9;-200,0;3,8;601,08;-200,0;2115,42;59,0;1538,64;677,66;22,39;44,04;0,8319
13/05/2004;23.00.00;0,9;1045,69;-200,0;4,2;611,88;112,0;2044,24;38,0;1383,67;582,42;24,79;48,44;1,071
14/05/2004;00.00.00;-200,0;988,6;-200,0;3,2;567,77;103,0;2092,79;79,0;1681,66;792,25;23,71;53,45;1,1617
14/05/2004;01.00.00;1,7;1257,12;-200,0;4,3;619,72;-200,0;1969,19;29,0;1365,02;511,04;18,68;53,55;0,9506
14/05/2004;02.00.00;-200,0;1116,02;-200,0;4,0;592,84;216,0;1865,2;59,0;1516,0;675,48;17,89;57,32;0,9457
14/05/2004;03.00.00;1,6;1243,22;-200,0;8,8;811,6;166,0;1926,05;98,0;1645,34;937,45;19,86;53,03;0,9378
14/05/2004;04.00.00;1,0;1149,72;-200,0;8,0;768,9;66,0;2062,29;96,0;1628,72;884,57;17,1;62,73;0,9201
14/05/2004;05.00.00;1,8;1274,07;-200,0;17,4;1169,46;101,0;1998,36;74,0;1641,86;747,72;20,2;57,77;1,0797
14/05/2004;06.00.00;1,6;1254,93;-200,0;8,0;771,66;151,0;2046,79;77,0;1557,01;764,07;21,92;46,8;0,9437
14/05/2004;07.00.00;2,5;1523,31;-200,0;11,8;910,78;256,0;1850,83;206,0;2111,51;1559,42;23,88;47,42;0,91
14/05/2004;08.00.00;2,7;1582,95;-200,0;27,7;1547,7;455,0;1755,2;165,0;1999,56;1320,39;22,43;48,94;0,9207
14/05/2004;09.00.00;5,2;2040,0;-200,0;20,6;1262,45;444,0;1641,0;150,0;1820,96;1160,26;23,51;39,88;0,8611
14/05/2004;10.00.00;2,4;1417,65;-200,0;9,4;814,63;167,0;1901,88;-200,0;1977,38;1510,16;23,46;34,45;0,6377
14/05/2004;11.00.00;2,0;1286,1;-200,0;11,9;889,56;126,0;2046,26;118,0;1665,99;985,1;24,77;33,23;0,7102
14/05/2004;12.00.00;1,7;1259,57;-200,0;9,3;815,16;82,0;2098,91;80,0;1539,95;812,04;27,0;31,59;0,7786
14/05/2004;13.00.00;2,9;1529,63;-200,0;3,7;561,38;-200,0;1977,12;91,0;1449,47;907,95;28,99;19,83;0,5567
14/05/2004;14.00.00;2,2;1385,81;-200,0;5,3;686,83;-200,0;1879,52;87,0;1599,83;804,15;30,58;27,96;0,8614
14/05/2004;15.00.00;-200,0;1338,12;-200,0;7,0;714,02;140,0;1956,62;72,0;1368,93;706,58;27,32;20,6;0,5252
14/05/2004;16.00.00;1,0;1081,71;-200,0;12,9;970,73;-200,0;2150,3;88,0;1579,6;881,55;31,74;25,12;0,8786
14/05/2004;17.00.00;1,8;1263,32;-200,0;13,9;992,6;124,0;2081,61;59,0;1345,18;698,33;27,71;26,83;0,7053
14/05/2004;18.00.00;4,7;2040,0;-200,0;12,3;902,52;269,0;1741,66;162,0;1884,01;1274,26;27,41;27,23;0,6983
14/05/2004;19.00.00;2,3;1403,91;-200,0;13,3;959,83;611,0;1596,73;156,0;1723,89;1288,21;24,93;28,48;0,5856
14/05/2004;20.00.00;3,1;1642,08;-200,0;19,7;1230,24;479,0;1600,74;-200,0;1780,85;1042,54;20,37;36,51;0,6958
14/05/2004;21.00.00;-200,0;1181,96;-200,0;3,7;600,25;217,0;1979,32;-200,0;1689,67;835,52;25,69;50,72;1,1805
14/05/2004;22.00.00;1,0;1015,62;-200,0;4,2;607,88;119,0;2058,99;55,0;1485,85;671,82;24,1;40,45;0,8309
14/05/2004;23.00.00;2,0;1377,87;-200,0;7,4;760,57;44,0;2072,01;45,0;1543,46;548,42;20,86;60,06;1,1017
15/05/2004;00.00.00;1,3;1119,76;-200,0;4,3;620,29;57,0;2045,99;47,0;1418,32;650,26;20,7;53,8;0,93
15/05/2004;01.00.00;-200,0;1183,0;-200,0;3,2;582,69;115,0;2001,58;39,0;1477,28;591,97;20,8;58,14;1,0264
15/05/2004;02.00.00;1,6;1172,02;-200,0;3,0;565,25;79,0;2089,14;64,0;1467,45;697,26;16,15;54,33;0,7594
15/05/2004;03.00.00;1,2;1137,58;-200,0;7,2;748,29;236,0;1929,71;75,0;1509,19;826,23;18,04;56,52;0,8537
15/05/2004;04.00.00;1,1;-200,0;-200,0;5,9;-200,0;223,0;-200,0;82,0;-200,0;-200,0;-200,0;-200,0;-200,0
15/05/2004;05.00.00;1,3;1116,92;-200,0;5,9;701,84;126,0;2093,22;97,0;1522,59;870,0;17,26;52,73;0,7711
15/05/2004;06.00.00;1,6;-200,0;-200,0;8,9;-200,0;172,0;-200,0;72,0;-200,0;-200,0;-200,0;-200,0;-200,0
15/05/2004;07.00.00;4,3;1975,71;-200,0;11,5;885,36;715,0;1347,98;110,0;1608,35;944,3;18,89;49,34;0,7014
15/05/2004;08.00.00;1,9;1354,49;-200,0;14,8;1058,53;547,0;1581,86;170,0;2098,13;1269,37;23,74;56,29;1,1637
15/05/2004;09.00.00;-200,0;1489,99;-200,0;8,7;811,18;397,0;1738,43;138,0;1795,75;1145,3;24,03;36,54;0,7422
15/05/2004;10.00.00;1,7;1145,65;-200,0;7,4;753,58;-200,0;1863,73;84,0;1478,56;780,2;22,16;38,23;0,7013
15/05/2004;11.00.00;2,6;1475,28;-200,0;-200,0;851,29;-200,0;1898,34;76,0;1629,6;822,62;28,93;34,61;1,012
15/05/2004;12.00.00;3,0;1627,6;-200,0;8,4;764,78;163,0;1950,37;129,0;1645,56;1119,52;26,17;24,3;0,649
15/05/2004;13.00.00;1,6;1246,2;-200,0;7,2;718,87;94,0;2014,62;55,0;1406,79;658,4;26,81;30,22;0,7872
15/05/2004;14.00.00;1,6;1231,77;-200,0;4,6;630,88;115,0;1978,19;51,0;1333,85;629,96;29,33;23,0;0,6618
15/05/2004;15.00.00;1,4;1068,09;-200,0;-200,0;731,68;-200,0;2064,08;53,0;1158,73;628,73;31,4;11,91;0,3584
15/05/2004;16.00.00;1,8;1244,47;-200,0;5,5;641,72;-200,0;1953,04;-200,0;1536,06;829,71;26,9;28,29;0,78
15/05/2004;17.00.00;2,6;1429,51;-200,0;14,5;1003,44;212,0;1941,87;110,0;1644,2;964,71;28,55;21,2;0,6983
15/05/2004;18.00.00;3,0;1519,27;-200,0;9,3;783,18;454,0;1748,38;172,0;1902,58;1375,33;28,49;24,41;0,6892
15/05/2004;19.00.00;3,5;1782,38;-200,0;11,5;910,07;220,0;1881,42;340,0;2775,0;2309,46;27,99;36,81;1,048
15/05/2004;20.00.00;3,3;1755,93;-200,0;11,2;887,65;569,0;1436,25;171,0;1946,84;1306,12;25,75;35,98;0,8811
15/05/2004;21.00.00;-200,0;1065,51;-200,0;10,8;891,94;339,0;1892,82;-200,0;1849,49;1061,36;23,37;46,96;1,0235
15/05/2004;22.00.00;1,3;1114,53;-200,0;4,9;669,5;58,0;2113,57;142,0;1862,13;1163,71;21,15;53,08;0,9226
15/05/2004;23.00.00;-200,0;1075,85;-200,0;4,0;607,96;66,0;2059,12;53,0;1423,85;605,11;21,77;48,15;0,8979
16/05/2004;00.00.00;1,1;1144,37;-200,0;2,9;560,17;-200,0;2139,47;-200,0;1394,1;490,94;18,6;58,85;0,956
16/05/2004;01.00.00;1,0;1027,07;-200,0;4,0;609,78;40,0;2142,56;39,0;1266,95;550,31;14,1;53,96;0,7155
16/05/2004;02.00.00;1,1;1151,42;-200,0;-200,0;609,38;74,0;2062,53;-200,0;1643,76;668,36;20,32;70,71;1,2039
16/05/2004;03.00.00;-200,0;986,63;-200,0;3,2;572,05;117,0;2059,27;33,0;1307,34;553,08;21,09;56,69;0,9418
16/05/2004;04.00.00;0,6;915,84;-200,0;4,9;636,97;84,0;2054,15;-200,0;1333,57;541,17;14,72;64,67;0,79
16/05/2004;05.00.00;-200,0;1326,68;-200,0;5,4;646,31;-200,0;2066,4;44,0;1422,99;568,96;17,93;61,96;0,9978
16/05/2004;06.00.00;1,0;1053,69;-200,0;14,5;1027,82;195,0;1917,74;88,0;1652,76;903,96;21,98;56,46;1,0153
16/05/2004;07.00.00;1,7;1269,58;-200,0;6,3;695,95;143,0;2014,81;108,0;1828,27;1038,42;25,89;47,8;1,0983
16/05/2004;08.00.00;1,7;1361,52;-200,0;-200,0;759,33;200,0;1957,6;109,0;1694,45;938,67;23,02;46,06;0,9558
16/05/2004;09.00.00;3,9;1839,28;-200,0;11,5;876,15;-200,0;1577,78;162,0;1840,14;1283,29;22,82;31,39;0,6327
16/05/2004;10.00.00;1,8;-200,0;-200,0;-200,0;-200,0;-200,0;-200,0;-200,0;-200,0;-200,0;-200,0;-200,0;-200,0
16/05/2004;11.00.00;1,3;1160,32;-200,0;-200,0;601,75;104,0;2018,33;78,0;1592,47;786,56;29,53;34,9;0,9711
16/05/2004;12.00.00;1,7;1216,44;-200,0;3,1;548,55;74,0;2078,34;-200,0;1419,08;768,09;26,52;30,09;0,7383
16/05/2004;13.00.00;-200,0;1446,22;-200,0;3,7;590,84;167,0;1953,49;-200,0;1354,1;807,79;27,01;11,7;0,3611
16/05/2004;14.00.00;1,4;1171,47;-200,0;3,5;579,1;-200,0;1965,69;68,0;1261,21;768,32;28,14;18,44;0,446
16/05/2004;15.00.00;-200,0;1044,66;-200,0;2,8;549,71;81,0;2122,88;-200,0;1337,92;598,68;27,37;20,41;0,6104
16/05/2004;16.00.00;1,6;1154,13;-200,0;4,6;613,23;67,0;2057,11;75,0;1392,25;816,59;29,35;26,23;0,7151
16/05/2004;17.00.00;0,9;1035,32;-200,0;2,7;557,1;191,0;1953,45;61,0;1496,49;678,04;31,86;28,01;0,9821
16/05/2004;18.00.00;2,0;1339,04;-200,0;10,9;898,24;296,0;1830,1;109,0;1718,66;1003,43;28,46;28,57;0,7788
16/05/2004;19.00.00;-200,0;1960,12;-200,0;8,2;765,18;-200,0;1734,33;128,0;1793,13;990,11;26,27;36,33;0,8411
16/05/2004;20.00.00;2,0;1314,72;-200,0;7,4;717,74;139,0;1906,44;87,0;1517,45;878,46;24,99;32,36;0,7198
16/05/2004;21.00.00;1,5;1167,61;-200,0;7,6;757,86;145,0;2028,15;71,0;1592,05;791,38;21,15;45,2;0,8625
16/05/2004;22.00.00;1,1;1113,92;-200,0;4,8;642,94;107,0;2024,6;58,0;1519,4;692,79;24,75;49,19;1,1163
16/05/2004;23.00.00;0,8;1049,0;-200,0;2,7;558,88;55,0;2058,89;28,0;1427,34;397,09;21,62;53,04;1,0631
17/05/2004;00.00.00;-200,0;1176,7;-200,0;5,0;647,72;100,0;1982,13;51,0;1491,07;688,11;20,56;53,75;1,0312
17/05/2004;01.00.00;1,6;1293,97;-200,0;8,5;817,64;122,0;1964,1;110,0;2019,17;1028,29;26,51;66,68;1,6114
17/05/2004;02.00.00;1,2;1127,31;-200,0;3,6;602,76;197,0;1931,51;46,0;1497,0;552,38;20,22;61,79;1,0186
17/05/2004;03.00.00;-200,0;922,76;-200,0;7,9;750,67;118,0;1974,69;94,0;1596,61;927,96;17,95;55,09;0,7781
17/05/2004;04.00.00;1,8;1292,45;-200,0;4,3;623,79;99,0;2062,78;72,0;1546,48;700,02;18,77;60,56;0,9284
17/05/2004;05.00.00;3,6;1814,52;-200,0;11,6;941,36;178,0;1906,86;121,0;1948,56;1009,01;22,42;61,29;1,2736
17/05/2004;06.00.00;1,8;1289,24;-200,0;6,9;749,09;472,0;1644,9;81,0;1659,96;796,36;21,14;51,72;0,9833
17/05/2004;07.00.00;1,6;1256,58;-200,0;9,8;821,33;-200,0;2037,32;-200,0;1863,3;1208,87;19,08;56,38;0,8954
17/05/2004;08.00.00;4,5;2022,31;-200,0;26,9;1548,4;180,0;1818,15;340,0;2775,0;2303,02;25,0;48,5;1,1161
17/05/2004;09.00.00;6,5;2040,0;-200,0;23,0;1371,89;456,0;1503,91;182,0;1940,7;1394,85;23,12;30,22;0,6955
17/05/2004;10.00.00;3,3;1800,58;-200,0;10,2;889,29;301,0;1841,27;179,0;2144,18;1342,97;29,49;38,77;1,2404
17/05/2004;11.00.00;3,8;1796,9;-200,0;10,0;844,57;223,0;1819,81;128,0;1785,63;1094,86;29,11;30,9;0,9068
17/05/2004;12.00.00;2,4;1466,11;-200,0;6,0;672,28;-200,0;1972,28;46,0;1347,25;622,46;27,09;31,89;0,6925
17/05/2004;13.00.00;2,1;1452,69;-200,0;3,9;585,33;270,0;1889,98;93,0;1612,22;919,86;31,34;31,07;1,0288
17/05/2004;14.00.00;1,3;1116,57;-200,0;7,1;727,19;158,0;1975,71;-200,0;1398,08;598,44;29,42;25,52;0,7974
17/05/2004;15.00.00;-200,0;1285,37;-200,0;5,6;703,83;218,0;1913,29;89,0;1701,44;944,06;31,16;32,26;1,0536
17/05/2004;16.00.00;1,7;1236,8;-200,0;5,1;648,65;64,0;2010,45;86,0;1534,43;877,75;30,25;23,65;0,7642
17/05/2004;17.00.00;2,2;1340,16;-200,0;17,3;1126,17;-200,0;1777,17;-200,0;1480,78;739,03;27,09;29,47;0,7805
17/05/2004;18.00.00;2,8;1594,35;-200,0;10,6;871,58;287,0;1779,46;113,0;1687,47;1000,69;26,7;33,23;0,7798
17/05/2004;19.00.00;3,8;1769,39;-200,0;18,0;1147,91;178,0;1891,2;184,0;2000,47;1335,06;29,01;32,45;0,8891
17/05/2004;20.00.00;1,9;1329,28;-200,0;21,6;1307,98;403,0;1686,89;340,0;2775,0;2258,19;25,08;41,17;0,936
17/05/2004;21.00.00;2,7;1597,82;-200,0;8,4;793,39;228,0;1902,33;174,0;2023,28;1206,51;23,64;38,96;0,8841
17/05/2004;22.00.00;1,0;992,1;-200,0;4,3;618,2;108,0;2036,98;72,0;1487,59;684,35;21,25;44,48;0,7882
17/05/2004;23.00.00;1,0;1068,15;-200,0;4,8;631,21;-200,0;2119,97;58,0;1467,91;677,28;22,8;44,37;0,9244
18/05/2004;00.00.00;1,2;1235,64;-200,0;5,0;691,69;93,0;2013,21;59,0;1595,92;656,86;25,21;55,65;1,3122
18/05/2004;01.00.00;-200,0;1056,42;-200,0;6,6;689,85;159,0;2011,34;45,0;1523,69;664,33;18,16;58,93;0,9928
18/05/2004;02.00.00;0,7;1030,17;-200,0;-200,0;890,66;-200,0;1968,48;48,0;1493,05;616,21;19,84;65,0;1,1108
18/05/2004;03.00.00;1,2;1152,3;-200,0;5,0;670,65;160,0;1911,88;88,0;1793,47;866,59;22,45;63,67;1,1804
18/05/2004;04.00.00;0,9;1030,51;-200,0;7,1;751,89;418,0;1753,61;61,0;1440,13;762,37;19,64;57,68;1,0079
18/05/2004;05.00.00;2,2;-200,0;-200,0;4,5;-200,0;135,0;-200,0;131,0;-200,0;-200,0;-200,0;-200,0;-200,0
18/05/2004;06.00.00;1,3;1177,17;-200,0;11,7;926,12;131,0;2019,69;66,0;1502,26;678,24;18,96;56,61;0,956
18/05/2004;07.00.00;4,6;2040,0;-200,0;13,8;1009,33;562,0;1502,54;-200,0;1744,4;933,16;22,98;56,27;1,1161
18/05/2004;08.00.00;-200,0;1793,92;-200,0;16,2;1120,66;1034,0;1012,18;300,0;2599,39;2026,14;22,96;50,15;0,9742
18/05/2004;09.00.00;-200,0;1864,32;-200,0;13,8;1011,88;363,0;1748,07;175,0;2163,58;1371,92;26,6;47,14;1,1393
18/05/2004;10.00.00;-200,0;1203,68;-200,0;11,5;932,87;625,0;1496,77;140,0;1906,07;1069,96;28,29;36,0;1,0958
18/05/2004;11.00.00;2,2;1378,32;-200,0;10,3;847,46;194,0;1896,34;129,0;1853,67;1020,35;32,3;30,39;1,0276
18/05/2004;12.00.00;1,7;1194,22;-200,0;5,4;651,57;251,0;1862,06;128,0;1662,37;1065,88;29,32;25,31;0,7071
18/05/2004;13.00.00;-200,0;1084,64;-200,0;6,4;701,06;230,0;1948,88;-200,0;1545,99;827,63;29,61;25,85;0,7602
18/05/2004;14.00.00;1,6;1240,11;-200,0;6,7;709,84;123,0;2044,53;82,0;1399,15;778,88;29,84;23,94;0,7047
18/05/2004;15.00.00;1,3;1206,04;-200,0;3,6;573,41;334,0;1853,51;93,0;1546,65;831,45;28,92;24,75;0,7868
18/05/2004;16.00.00;1,6;1273,62;-200,0;4,9;602,58;413,0;1714,05;94,0;1516,49;857,57;30,13;23,69;0,6734
18/05/2004;17.00.00;2,3;1437,42;-200,0;8,1;737,56;177,0;1964,25;165,0;1827,66;1348,69;28,36;25,46;0,7659
18/05/2004;18.00.00;2,6;1499,06;-200,0;27,1;1503,37;437,0;1718,78;340,0;2723,89;2239,4;28,5;25,11;0,7083
18/05/2004;19.00.00;3,8;1867,0;-200,0;12,4;996,24;679,0;1377,63;-200,0;2340,15;1534,0;29,76;37,43;1,1817
18/05/2004;20.00.00;-200,0;1556,66;-200,0;14,0;958,03;174,0;1849,67;120,0;1767,92;1005,89;23,91;37,44;0,8895
18/05/2004;21.00.00;-200,0;1482,61;-200,0;6,2;698,96;239,0;1861,22;144,0;1860,03;1116,9;26,9;40,85;1,0505
18/05/2004;22.00.00;1,1;1118,34;-200,0;4,2;613,74;65,0;2143,8;-200,0;1550,84;724,18;25,97;42,64;1,0207
18/05/2004;23.00.00;0,8;1062,09;-200,0;2,5;542,44;122,0;2131,17;55,0;1492,38;679,3;21,89;44,06;0,8529
19/05/2004;00.00.00;0,9;1043,87;-200,0;5,4;658,24;92,0;1981,69;54,0;1434,54;624,89;17,02;60,77;0,8752
19/05/2004;01.00.00;2,0;1334,77;-200,0;2,8;543,83;89,0;2048,24;-200,0;1422,39;593,31;19,25;59,87;0,907
19/05/2004;02.00.00;-200,0;1294,95;-200,0;7,4;767,45;-200,0;2084,09;53,0;1522,52;623,98;22,56;50,77;1,0953
19/05/2004;03.00.00;2,2;1441,34;-200,0;7,0;711,78;108,0;2076,05;32,0;1451,98;547,67;19,75;63,32;1,0905
19/05/2004;04.00.00;2,4;1468,04;-200,0;6,4;728,07;-200,0;1924,42;71,0;1533,52;809,74;17,97;63,5;0,9151
19/05/2004;05.00.00;1,4;1164,39;-200,0;10,5;868,91;-200,0;1982,2;-200,0;1620,06;965,03;19,46;57,71;0,8625
19/05/2004;06.00.00;2,2;1419,31;-200,0;29,3;1617,38;380,0;1734,74;101,0;1792,36;986,25;22,94;62,22;1,1583
19/05/2004;07.00.00;2,8;1612,66;-200,0;15,4;1061,52;548,0;1525,29;123,0;1856,52;1025,95;23,39;51,59;1,1228
19/05/2004;08.00.00;4,4;1985,57;-200,0;11,2;905,79;740,0;1295,03;-200,0;2123,32;1512,4;23,02;39,08;0,7734
19/05/2004;09.00.00;-200,0;1666,23;-200,0;30,5;1644,57;376,0;1733,15;141,0;1846,2;1114,26;24,06;43,33;0,9235
19/05/2004;10.00.00;2,8;1563,02;-200,0;14,0;1008,15;395,0;1659,18;-200,0;1719,82;939,74;25,31;38,07;0,9163
19/05/2004;11.00.00;2,1;1443,05;-200,0;21,0;1272,13;161,0;2016,71;124,0;1735,28;1039,91;25,45;29,49;0,6706
19/05/2004;12.00.00;2,1;1415,96;-200,0;6,5;711,2;115,0;2016,87;-200,0;1768,6;993,56;31,56;31,64;1,0723
19/05/2004;13.00.00;2,1;1276,6;-200,0;11,6;897,44;288,0;1773,55;94,0;1469,22;822,63;28,48;17,58;0,4959
19/05/2004;14.00.00;1,6;1156,05;-200,0;6,6;722,67;97,0;2055,82;-200,0;1529,65;771,94;32,06;29,07;0,9817
19/05/2004;15.00.00;1,6;1123,81;-200,0;17,5;1135,89;89,0;2027,07;102,0;1554,03;874,8;32,84;19,11;0,597
19/05/2004;16.00.00;1,8;1238,46;-200,0;6,6;709,17;188,0;2022,96;57,0;1263,07;626,9;31,62;19,19;0,5948
19/05/2004;17.00.00;4,0;1940,21;-200,0;32,6;1743,54;242,0;1739,1;105,0;1623,11;955,3;28,26;25,35;0,7299
19/05/2004;18.00.00;1,7;1327,11;-200,0;17,5;1136,74;-200,0;1776,14;208,0;2086,17;1484,96;29,14;30,94;0,8621
19/05/2004;19.00.00;2,4;1466,82;-200,0;23,3;1361,65;1211,0;914,04;245,0;2374,75;1797,14;27,25;33,32;0,9302
19/05/2004;20.00.00;3,7;1834,32;-200,0;27,1;1527,5;251,0;1843,67;122,0;1766,94;1074,34;24,28;33,13;0,8499
19/05/2004;21.00.00;2,2;1411,35;-200,0;6,8;726,31;-200,0;1878,13;204,0;2139,66;1541,57;25,45;38,97;0,953
19/05/2004;22.00.00;-200,0;1208,93;-200,0;8,1;737,9;135,0;1950,07;61,0;1468,96;704,06;21,14;40,5;0,8226
19/05/2004;23.00.00;1,4;1212,47;-200,0;3,8;617,26;140,0;2017,6;51,0;1622,69;596,41;24,67;49,38;1,1522
20/05/2004;00.00.00;1,2;1118,81;-200,0;4,4;615,08;64,0;2168,93;66,0;1555,71;650,52;20,5;59,4;1,03
20/05/2004;01.00.00;1,0;1060,8;-200,0;4,8;631,92;-200,0;2110,51;88,0;1683,03;824,46;21,04;56,86;1,0537
20/05/2004;02.00.00;1,6;1315,08;-200,0;6,5;725,01;126,0;2085,55;61,0;1649,81;667,18;20,7;62,98;1,2344
20/05/2004;03.00.00;-200,0;-200,0;-200,0;7,2;-200,0;76,0;-200,0;-200,0;-200,0;-200,0;-200,0;-200,0;-200,0
20/05/2004;04.00.00;1,3;1150,19;-200,0;5,2;680,56;74,0;2015,95;-200,0;1517,83;759,49;21,31;55,74;0,9874
20/05/2004;05.00.00;2,1;1408,2;-200,0;7,7;764,43;178,0;1872,17;140,0;1864,55;1204,13;19,69;55,95;0,8923
20/05/2004;06.00.00;2,5;1554,87;-200,0;3,7;596,87;402,0;1693,31;101,0;1858,23;938,53;23,17;64,88;1,3359
20/05/2004;07.00.00;2,9;1586,28;-200,0;18,6;1188,13;293,0;1774,21;156,0;1929,48;1198,75;19,77;57,51;0,9305
20/05/2004;08.00.00;6,3;2040,0;-200,0;32,6;1751,17;426,0;1618,12;169,0;1940,83;1376,7;23,92;37,59;0,8981
20/05/2004;09.00.00;5,6;-200,0;-200,0;18,5;-200,0;760,0;-200,0;-200,0;-200,0;-200,0;-200,0;-200,0;-200,0
20/05/2004;10.00.00;3,9;1834,38;-200,0;7,1;718,22;326,0;1766,2;-200,0;1663,43;949,39;24,26;36,64;0,8576
20/05/2004;11.00.00;5,1;2040,0;-200,0;12,4;938,66;333,0;1709,93;102,0;1596,41;947,91;26,11;36,43;0,8777
20/05/2004;12.00.00;1,7;1274,23;-200,0;5,8;667,08;-200,0;1526,34;88,0;1417,24;818,36;29,53;24,84;0,6779
20/05/2004;13.00.00;1,4;1126,07;-200,0;7,6;731,37;137,0;2037,12;57,0;1347,8;635,35;29,65;21,51;0,5752
20/05/2004;14.00.00;2,1;1296,63;-200,0;8,5;771,73;147,0;1912,24;62,0;1326,04;754,68;30,5;20,53;0,5946
20/05/2004;15.00.00;-200,0;1142,47;-200,0;7,8;751,8;180,0;1923,75;-200,0;1242,23;573,16;30,94;20,43;0,6701
20/05/2004;16.00.00;1,7;1260,34;-200,0;11,0;880,18;336,0;1881,64;55,0;1465,04;724,44;31,06;27,98;0,9257
20/05/2004;17.00.00;1,6;1233,79;-200,0;11,0;878,88;257,0;1906,35;-200,0;1574,39;994,49;31,51;19,8;0,6823
20/05/2004;18.00.00;3,8;1803,86;-200,0;15,8;1081,42;540,0;1568,47;221,0;2111,96;1567,62;29,32;25,45;0,6701
20/05/2004;19.00.00;-200,0;1312,29;-200,0;22,2;1325,98;529,0;1504,86;165,0;1903,36;1207,25;26,98;23,35;0,6006
20/05/2004;20.00.00;-200,0;1600,71;-200,0;13,8;1029,13;368,0;1716,63;154,0;2000,33;1312,73;27,6;41,67;1,0582
20/05/2004;21.00.00;2,0;1424,5;-200,0;7,1;729,66;196,0;1909,7;148,0;2100,29;1233,11;28,77;47,65;1,3723
20/05/2004;22.00.00;1,2;1174,23;-200,0;6,6;703,76;100,0;2106,76;83,0;1638,23;775,3;23,41;44,32;0,9562
20/05/2004;23.00.00;0,6;967,0;-200,0;2,8;557,05;331,0;1903,53;64,0;1550,83;592,83;20,52;48,8;0,8105
21/05/2004;00.00.00;0,6;968,58;-200,0;4,0;627,77;-200,0;2172,02;50,0;1573,69;684,7;23,81;56,08;1,2556
21/05/2004;01.00.00;-200,0;-200,0;-200,0;2,8;-200,0;56,0;-200,0;46,0;-200,0;-200,0;-200,0;-200,0;-200,0
21/05/2004;02.00.00;-200,0;1231,62;-200,0;4,2;621,92;133,0;2074,58;-200,0;1471,11;772,05;15,96;60,51;0,8638
21/05/2004;03.00.00;1,6;1260,53;-200,0;4,8;648,79;150,0;1958,91;100,0;1667,88;809,73;21,83;55,6;1,0601
21/05/2004;04.00.00;1,5;1147,08;-200,0;-200,0;637,09;187,0;1948,43;131,0;1761,08;1013,67;19,23;50,38;0,8162
21/05/2004;05.00.00;1,2;1134,87;-200,0;11,0;871,1;124,0;2111,68;176,0;2002,17;1347,71;20,62;51,1;0,905
21/05/2004;06.00.00;-200,0;1409,37;-200,0;13,2;978,73;148,0;1974,64;163,0;2008,07;1238,18;22,26;54,18;1,0293
21/05/2004;07.00.00;1,4;1142,53;-200,0;20,9;1279,84;-200,0;1916,33;-200,0;1839,42;1151,2;23,01;46,81;0,9755
21/05/2004;08.00.00;1,5;1266,83;-200,0;15,9;1099,07;-200,0;1474,45;128,0;1763,68;983,56;25,26;46,72;1,0345
21/05/2004;09.00.00;3,2;-200,0;-200,0;14,5;-200,0;304,0;-200,0;228,0;-200,0;-200,0;-200,0;-200,0;-200,0
21/05/2004;10.00.00;2,2;1393,78;-200,0;17,6;1137,46;367,0;1808,76;203,0;2102,78;1514,28;27,45;31,13;0,833
21/05/2004;11.00.00;2,9;1601,26;-200,0;9,8;840,43;193,0;1959,94;46,0;1326,95;655,47;27,11;26,2;0,6799
21/05/2004;12.00.00;1,9;1369,95;-200,0;8,1;779,13;102,0;2024,64;-200,0;1598,81;684,51;30,15;36,17;1,078
21/05/2004;13.00.00;2,9;1591,06;-200,0;2,7;532,99;-200,0;1924,93;69,0;1552,08;711,81;30,69;29,94;0,8794
21/05/2004;14.00.00;1,3;1142,31;-200,0;8,7;790,3;232,0;1887,95;58,0;1411,45;724,87;28,09;32,35;0,8992
21/05/2004;15.00.00;1,8;1238,68;-200,0;8,0;797,42;118,0;1999,57;43,0;1324,74;580,08;32,3;25,78;0,8364
21/05/2004;16.00.00;1,5;1136,52;-200,0;7,2;716,9;-200,0;1874,32;-200,0;1508,5;965,39;28,89;21,55;0,6088
21/05/2004;17.00.00;-200,0;1877,65;-200,0;14,1;1022,21;264,0;1770,09;171,0;2073,69;1333,87;31,08;32,11;1,1215
21/05/2004;18.00.00;2,8;1571,39;-200,0;-200,0;1185,37;-200,0;1896,45;152,0;1912,76;1222,61;29,4;28,19;0,8609
21/05/2004;19.00.00;-200,0;2040,0;-200,0;12,8;963,0;555,0;1501,84;108,0;1797,42;971,82;31,31;33,19;1,0127
21/05/2004;20.00.00;2,0;1327,34;-200,0;12,9;981,15;-200,0;1843,26;166,0;1929,2;1244,55;25,98;36,21;0,8172
21/05/2004;21.00.00;1,7;1241,46;-200,0;6,2;689,44;199,0;1856,61;71,0;1391,19;792,74;24,43;26,35;0,5952
21/05/2004;22.00.00;1,3;1121,9;-200,0;9,7;851,44;208,0;1972,43;46,0;1454,48;582,08;23,8;53,77;1,0879
21/05/2004;23.00.00;1,7;1306,91;-200,0;6,2;688,65;53,0;2003,72;67,0;1475,07;781,59;22,03;52,54;0,9211
22/05/2004;00.00.00;-200,0;961,32;-200,0;2,8;580,9;-200,0;2157,89;65,0;1649,92;720,81;23,36;55,26;1,1861
22/05/2004;01.00.00;1,0;1039,01;-200,0;5,3;649,7;56,0;2204,31;44,0;1337,39;561,22;17,73;56,16;0,8648
22/05/2004;02.00.00;1,0;1107,11;-200,0;5,1;659,26;-200,0;2100,55;67,0;1513,2;748,91;18,36;59,08;0,9493
22/05/2004;03.00.00;0,6;989,52;-200,0;3,9;632,14;95,0;2062,02;41,0;1335,45;551,76;18,16;55,89;0,8796
22/05/2004;04.00.00;1,2;1143,18;-200,0;5,9;718,67;91,0;2135,51;75,0;1644,73;737,9;22,37;61,35;1,2129
22/05/2004;05.00.00;0,9;1011,09;-200,0;8,6;795,62;-200,0;2028,06;62,0;1556,45;717,24;24,39;49,93;1,0776
22/05/2004;06.00.00;0,8;1079,29;-200,0;10,7;884,51;243,0;1951,11;-200,0;1511,8;689,29;21,55;54,54;1,0572
22/05/2004;07.00.00;2,1;1386,48;-200,0;25,3;1450,54;-200,0;1960,07;87,0;1720,34;854,3;22,46;52,69;1,1264
22/05/2004;08.00.00;2,6;1449,09;-200,0;14,3;1014,79;199,0;1871,48;173,0;2058,72;1308,62;24,14;44,54;0,9521
22/05/2004;09.00.00;2,6;1537,9;-200,0;12,6;926,5;485,0;1701,85;95,0;1707,85;879,22;27,62;42,73;1,0878
22/05/2004;10.00.00;2,5;1462,7;-200,0;13,1;971,38;201,0;1960,32;108,0;1529,51;997,27;24,74;31,26;0,6525
22/05/2004;11.00.00;1,3;1116,86;-200,0;7,3;714,51;-200,0;1851,45;123,0;1656,17;1072,81;28,27;27,05;0,7039
22/05/2004;12.00.00;2,9;1597,78;-200,0;5,3;656,32;134,0;1982,91;63,0;1546,1;737,13;30,78;29,33;0,9391
22/05/2004;13.00.00;1,4;1158,19;-200,0;4,3;603,06;136,0;1998,87;42,0;1305,73;555,88;30,63;28,68;0,7938
22/05/2004;14.00.00;2,2;1308,7;-200,0;1,5;499,88;50,0;2011,34;59,0;1228,95;781,78;30,51;14,12;0,4624
22/05/2004;15.00.00;-200,0;950,45;-200,0;7,2;755,05;78,0;2102,17;77,0;1498,52;676,06;32,3;25,49;0,9077
22/05/2004;16.00.00;1,1;970,07;-200,0;3,3;572,89;57,0;2106,83;46,0;1235,16;564,18;24,72;20,78;0,381
22/05/2004;17.00.00;2,4;1452,47;-200,0;6,1;662,38;245,0;1926,7;-200,0;1666,58;1156,73;30,98;24,33;0,7297
22/05/2004;18.00.00;2,3;1433,6;-200,0;13,3;972,25;305,0;1808,54;169,0;1774,27;1381,65;27,52;21,45;0,5727
22/05/2004;19.00.00;1,9;1272,46;-200,0;12,0;895,38;471,0;1642,63;167,0;1776,86;1309,03;24,14;27,62;0,5985
22/05/2004;20.00.00;1,3;1225,83;-200,0;25,9;1495,69;423,0;1666,14;153,0;1976,41;1226,71;27,61;41,05;1,1195
22/05/2004;21.00.00;-200,0;1485,28;-200,0;4,3;642,08;284,0;1835,76;89,0;1676,29;907,78;28,04;41,04;1,1126
22/05/2004;22.00.00;1,6;-200,0;-200,0;11,4;-200,0;-200,0;-200,0;62,0;-200,0;-200,0;-200,0;-200,0;-200,0
22/05/2004;23.00.00;-200,0;1157,23;-200,0;6,5;719,17;83,0;2058,0;46,0;1479,39;573,94;24,7;49,3;1,1002
23/05/2004;00.00.00;0,8;1079,37;-200,0;4,7;642,53;83,0;2080,12;52,0;1555,76;685,9;25,15;55,85;1,2476
23/05/2004;01.00.00;-200,0;1002,82;-200,0;6,2;725,79;52,0;2127,95;64,0;1607,85;784,6;23,76;58,47;1,2018
23/05/2004;02.00.00;1,0;1057,96;-200,0;-200,0;643,14;55,0;2065,66;35,0;1485,97;471,58;23,91;57,69;1,2857
23/05/2004;03.00.00;0,7;1038,37;-200,0;2,2;542,53;172,0;1977,23;39,0;1575,1;650,98;21,94;64,14;1,2423
23/05/2004;04.00.00;0,9;1103,07;-200,0;5,5;684,92;47,0;2184,72;46,0;1587,54;659,72;20,78;62,91;1,1695
23/05/2004;05.00.00;1,9;1312,83;-200,0;2,8;572,72;137,0;1979,95;-200,0;1350,75;652,72;17,93;58,33;0,9224
23/05/2004;06.00.00;0,7;1062,34;-200,0;4,8;614,47;-200,0;2053,16;95,0;1652,58;923,07;21,43;53,68;0,9071
23/05/2004;07.00.00;-200,0;1450,68;-200,0;7,5;754,05;120,0;1978,93;54,0;1463,48;693,08;21,27;52,96;0,9286
23/05/2004;08.00.00;3,7;1812,19;-200,0;7,1;737,6;195,0;1857,08;132,0;1964,98;1112,23;28,51;46,9;1,2615
23/05/2004;09.00.00;2,9;1607,81;-200,0;14,3;1034,75;223,0;1918,39;174,0;2021,52;1320,81;25,11;45,98;1,0244
23/05/2004;10.00.00;2,1;-200,0;-200,0;7,3;-200,0;215,0;-200,0;-200,0;-200,0;-200,0;-200,0;-200,0;-200,0
23/05/2004;11.00.00;1,2;1102,99;-200,0;7,0;708,41;165,0;2033,62;109,0;1694,92;917,43;29,06;26,58;0,8168
23/05/2004;12.00.00;1,0;1068,85;-200,0;5,2;632,31;117,0;2073,79;86,0;1544,44;846,38;29,08;22,52;0,7101
23/05/2004;13.00.00;0,6;912,43;-200,0;5,1;644,16;118,0;2048,55;50,0;1370,72;637,68;33,18;21,58;0,7621
23/05/2004;14.00.00;1,2;1084,96;-200,0;3,3;578,76;133,0;1974,48;68,0;1403,11;693,67;29,04;28,17;0,7992
23/05/2004;15.00.00;-200,0;1000,78;-200,0;2,9;526,72;-200,0;2075,07;-200,0;1175,47;542,18;30,85;14,79;0,4349
23/05/2004;16.00.00;1,0;1058,53;-200,0;4,7;623,31;212,0;1931,83;40,0;1287,45;575,25;28,8;25,26;0,7229
23/05/2004;17.00.00;1,5;1209,59;-200,0;4,5;606,26;243,0;1894,6;63,0;1401,39;675,01;27,15;26,9;0,7085
23/05/2004;18.00.00;2,0;1370,84;-200,0;14,9;1036,53;-200,0;1883,12;151,0;1909,23;1170,92;27,77;33,76;0,9476
23/05/2004;19.00.00;1,7;1315,43;-200,0;5,8;671,0;331,0;1739,64;94,0;1633,8;920,49;27,89;32,58;0,9209
23/05/2004;20.00.00;3,3;1665,98;-200,0;20,5;1239,37;255,0;1826,03;96,0;1537,05;865,51;25,9;29,3;0,5943
23/05/2004;21.00.00;1,8;1268,44;-200,0;6,6;685,2;-200,0;1890,51;48,0;1340,84;628,12;24,08;35,88;0,7764
23/05/2004;22.00.00;1,5;1182,24;-200,0;4,2;606,3;60,0;2111,88;62,0;1480,96;724,43;21,35;39,42;0,8062
23/05/2004;23.00.00;-200,0;1022,18;-200,0;2,8;574,39;71,0;2124,61;52,0;1439,04;645,06;22,79;46,98;0,9325
24/05/2004;00.00.00;1,3;1125,67;-200,0;5,3;658,92;37,0;2107,47;-200,0;1414,04;551,01;19,08;52,29;0,9126
24/05/2004;01.00.00;-200,0;1069,9;-200,0;4,3;616,7;160,0;1958,16;25,0;1402,34;576,46;22,81;50,24;1,0061
24/05/2004;02.00.00;1,6;1315,86;-200,0;5,8;704,52;-200,0;2029,15;53,0;1593,59;694,72;20,96;65,21;1,2002
24/05/2004;03.00.00;1,3;1032,12;-200,0;8,0;747,97;127,0;1860,11;76,0;1443,46;874,77;17,71;51,85;0,7254
24/05/2004;04.00.00;1,1;1141,09;-200,0;8,3;787,64;129,0;2034,18;72,0;1534,52;739,29;20,17;64,59;1,0724
24/05/2004;05.00.00;1,6;1260,39;-200,0;11,5;891,58;232,0;1971,49;83,0;1684,01;837,16;19,79;61,99;1,094
24/05/2004;06.00.00;1,8;-200,0;-200,0;10,8;-200,0;485,0;-200,0;110,0;-200,0;-200,0;-200,0;-200,0;-200,0
24/05/2004;07.00.00;-200,0;2040,0;-200,0;8,7;799,53;389,0;1563,75;118,0;1832,7;1112,36;25,8;46,01;1,1094
24/05/2004;08.00.00;4,0;1836,29;-200,0;7,6;715,23;1014,0;1023,4;124,0;1743,87;1095,92;20,58;46,84;0,7757
24/05/2004;09.00.00;6,0;2040,0;-200,0;18,3;1164,92;638,0;1467,06;235,0;2200,95;1659,76;25,85;34,09;0,8255
24/05/2004;10.00.00;4,0;1994,34;-200,0;13,9;974,83;242,0;1792,17;106,0;1769,5;964,87;26,59;40,37;1,0792
24/05/2004;11.00.00;2,1;-200,0;-200,0;19,1;-200,0;289,0;-200,0;-200,0;-200,0;-200,0;-200,0;-200,0;-200,0
24/05/2004;12.00.00;1,5;1202,66;-200,0;7,3;738,34;225,0;1903,15;101,0;1605,0;926,2;29,58;25,7;0,7468
24/05/2004;13.00.00;0,9;997,45;-200,0;8,1;730,95;122,0;2005,9;55,0;1222,27;655,42;28,45;18,77;0,4404
24/05/2004;14.00.00;1,1;1040,45;-200,0;8,7;755,47;131,0;1917,74;56,0;1124,87;685,29;29,81;10,7;0,3635
24/05/2004;15.00.00;1,9;1302,0;-200,0;7,6;705,63;125,0;1979,23;117,0;1562,42;860,42;29,03;17,28;0,4838
24/05/2004;16.00.00;1,5;1258,25;-200,0;9,9;851,46;184,0;1961,72;134,0;1978,63;1057,14;32,6;28,65;1,0473
24/05/2004;17.00.00;2,5;1484,47;-200,0;7,5;726,96;235,0;1829,68;166,0;1862,61;1312,66;29,99;22,87;0,7081
24/05/2004;18.00.00;1,5;1234,91;-200,0;10,0;844,08;435,0;1611,04;203,0;2083,5;1590,35;32,96;26,9;0,9127
24/05/2004;19.00.00;3,9;-200,0;-200,0;14,8;-200,0;536,0;-200,0;262,0;-200,0;-200,0;-200,0;-200,0;-200,0
24/05/2004;20.00.00;4,2;1990,81;-200,0;6,1;683,86;632,0;1429,2;287,0;2582,02;1919,28;25,5;44,84;1,1273
24/05/2004;21.00.00;1,1;1112,32;-200,0;8,9;820,42;289,0;1949,45;142,0;1881,44;1093,21;22,59;47,1;0,9383
24/05/2004;22.00.00;1,5;1171,96;-200,0;4,3;601,06;95,0;2042,23;68,0;1368,27;693,01;20,72;40,27;0,674
24/05/2004;23.00.00;1,8;1194,06;-200,0;4,8;636,9;219,0;1833,42;64,0;1300,6;710,92;19,95;39,76;0,6057
25/05/2004;00.00.00;-200,0;1458,76;-200,0;3,7;611,14;65,0;2116,51;-200,0;1572,04;598,38;22,78;64,8;1,2765
25/05/2004;01.00.00;1,0;1106,89;-200,0;3,1;566,65;86,0;2137,45;55,0;1619,81;624,16;22,47;67,21;1,3193
25/05/2004;02.00.00;1,7;1301,99;-200,0;8,5;768,01;-200,0;1926,21;-200,0;1472,51;710,11;17,79;58,61;0,9295
25/05/2004;03.00.00;2,3;1463,13;-200,0;6,0;683,64;457,0;1696,96;63,0;1563,77;733,05;22,57;51,92;0,9852
25/05/2004;04.00.00;1,7;1279,99;-200,0;8,9;787,95;182,0;2021,71;65,0;1595,32;775,22;19,98;62,48;1,1562
25/05/2004;05.00.00;2,6;-200,0;-200,0;7,7;-200,0;134,0;-200,0;121,0;-200,0;-200,0;-200,0;-200,0;-200,0
25/05/2004;06.00.00;1,9;1407,1;-200,0;10,5;899,22;112,0;2076,45;72,0;1713,2;746,87;25,47;52,44;1,3562
25/05/2004;07.00.00;3,0;1707,77;-200,0;7,4;741,49;162,0;1939,47;145,0;2097,07;1088,2;25,07;53,75;1,329
25/05/2004;08.00.00;2,7;1555,61;-200,0;27,1;1531,44;456,0;1654,95;-200,0;1875,28;1057,8;23,95;46,61;1,0182
25/05/2004;09.00.00;3,2;1597,15;-200,0;23,4;1368,33;573,0;1499,34;-200,0;1563,18;972,07;24,0;34,35;0,6649
25/05/2004;10.00.00;3,1;1651,25;-200,0;12,6;949,03;186,0;1870,06;206,0;1997,66;1518,45;22,77;33,99;0,6868
25/05/2004;11.00.00;1,6;1120,37;-200,0;10,2;857,89;-200,0;1834,87;154,0;1914,68;1242,24;26,84;34,58;0,8633
25/05/2004;12.00.00;1,6;1232,75;-200,0;11,2;880,89;109,0;2052,59;73,0;1488,24;816,25;28,89;30,1;0,7965
25/05/2004;13.00.00;2,1;1390,35;-200,0;6,0;657,08;115,0;1997,53;-200,0;1503,23;862,96;28,13;26,0;0,7273
25/05/2004;14.00.00;3,1;-200,0;-200,0;3,5;-200,0;202,0;-200,0;66,0;-200,0;-200,0;-200,0;-200,0;-200,0
25/05/2004;15.00.00;0,7;951,16;-200,0;5,5;647,03;109,0;2060,93;64,0;1350,76;735,43;30,93;20,47;0,6176
25/05/2004;16.00.00;3,3;1666,73;-200,0;7,6;725,95;304,0;1829,45;69,0;1441,59;614,71;30,16;23,78;0,718
25/05/2004;17.00.00;2,0;1257,21;-200,0;10,0;844,69;205,0;1956,08;130,0;1577,88;1116,4;28,81;10,0;0,2557
25/05/2004;18.00.00;4,2;1982,12;-200,0;-200,0;1394,86;616,0;1358,05;141,0;1830,07;1263,72;29,65;25,3;0,8575
25/05/2004;19.00.00;5,0;2040,0;-200,0;11,4;894,5;1151,0;1015,55;206,0;2163,75;1436,29;29,16;35,1;0,9911
25/05/2004;20.00.00;5,0;2040,0;-200,0;10,0;832,86;270,0;1795,97;260,0;2297,34;1850,02;24,89;33,67;0,7925
25/05/2004;21.00.00;1,5;1236,01;-200,0;6,0;705,93;-200,0;1504,96;113,0;1779,23;1041,49;28,6;37,94;1,0745
25/05/2004;22.00.00;1,2;1064,67;-200,0;-200,0;720,67;-200,0;2029,11;65,0;1557,23;734,9;24,29;39,73;0,8963
25/05/2004;23.00.00;1,1;-200,0;-200,0;2,4;-200,0;69,0;-200,0;40,0;-200,0;-200,0;-200,0;-200,0;-200,0
26/05/2004;00.00.00;1,0;1163,63;-200,0;5,5;695,36;77,0;2041,63;47,0;1553,9;549,54;23,82;55,55;1,2403
26/05/2004;01.00.00;1,9;1375,97;-200,0;3,2;569,19;-200,0;2026,84;31,0;1423,59;534,9;22,07;59,8;1,1786
26/05/2004;02.00.00;1,3;1157,47;-200,0;3,8;603,72;-200,0;1903,75;96,0;1719,17;963,47;23,01;48,84;1,0157
26/05/2004;03.00.00;0,8;1065,45;-200,0;11,3;887,9;235,0;1986,79;48,0;1526,85;553,32;21,51;57,28;1,0835
26/05/2004;04.00.00;1,2;1111,2;-200,0;10,2;866,98;265,0;1825,41;39,0;1459,08;570,27;19,88;56,07;0,9551
26/05/2004;05.00.00;0,9;1038,92;-200,0;7,5;763,13;101,0;2036,49;77,0;1641,33;827,95;22,33;54,27;1,0277
26/05/2004;06.00.00;1,8;1300,08;-200,0;5,3;640,83;241,0;1855,1;109,0;1674,89;942,88;20,11;49,73;0,8618
26/05/2004;07.00.00;3,3;1738,31;-200,0;26,7;1509,11;172,0;1984,4;210,0;2264,18;1545,51;23,65;47,35;1,0222
26/05/2004;08.00.00;2,7;1583,03;-200,0;15,4;1057,95;690,0;1472,48;198,0;2246,62;1540,81;24,57;48,99;1,1213
26/05/2004;09.00.00;3,0;1556,53;-200,0;18,3;1173,07;370,0;1752,78;247,0;2246,09;1776,67;25,52;30,52;0,7325
26/05/2004;10.00.00;2,4;1442,65;-200,0;17,9;1169,79;415,0;1758,9;-200,0;2170,7;1445,31;26,97;44,31;1,1275
26/05/2004;11.00.00;2,1;1318,85;-200,0;4,3;611,24;189,0;1938,07;133,0;1670,96;1026,85;24,67;33,5;0,7543
26/05/2004;12.00.00;2,1;1311,59;-200,0;6,0;670,05;90,0;2024,12;59,0;1405,61;656,44;28,37;27,14;0,7262
26/05/2004;13.00.00;2,1;1315,82;-200,0;6,8;743,94;246,0;1875,1;92,0;1631,37;876,74;30,45;29,03;0,9185
26/05/2004;14.00.00;3,3;1676,69;-200,0;6,8;708,85;232,0;1825,11;47,0;1225,4;618,59;31,08;15,44;0,4857
26/05/2004;15.00.00;-200,0;1119,51;-200,0;3,8;576,52;157,0;2020,03;-200,0;1662,07;1104,9;28,88;18,76;0,5447
26/05/2004;16.00.00;2,1;1326,12;-200,0;8,0;741,31;72,0;2089,87;-200,0;1594,99;987,75;33,3;22,09;0,85
26/05/2004;17.00.00;1,3;1118,96;-200,0;10,2;825,17;358,0;1840,41;92,0;1684,8;875,86;28,53;31,32;0,8422
26/05/2004;18.00.00;2,6;1483,31;-200,0;27,0;1500,64;282,0;1808,02;178,0;2045,24;1409,53;31,41;27,12;0,9181
26/05/2004;19.00.00;3,0;1588,69;-200,0;23,8;1408,16;549,0;1531,64;130,0;1851,33;951,62;29,29;33,33;0,9751
26/05/2004;20.00.00;2,0;1292,12;-200,0;12,4;937,21;-200,0;1936,88;92,0;1642,96;855,82;25,94;32,47;0,8892
26/05/2004;21.00.00;-200,0;1314,25;-200,0;-200,0;811,88;193,0;1934,66;132,0;1992,67;1120,17;29,49;42,52;1,2441
26/05/2004;22.00.00;1,3;1162,58;-200,0;8,0;786,1;156,0;2063,47;45,0;1495,76;585,18;22,25;53,13;1,081
26/05/2004;23.00.00;0,9;1047,65;-200,0;4,7;616,95;63,0;2084,71;-200,0;1551,85;562,98;25,27;54,06;1,2648
27/05/2004;00.00.00;2,7;1627,48;-200,0;2,4;540,24;81,0;1997,93;-200,0;1461,64;741,17;24,55;52,21;1,1029
27/05/2004;01.00.00;-200,0;1173,17;-200,0;10,1;831,47;125,0;2044,57;50,0;1522,85;678,51;20,42;58,85;1,016
27/05/2004;02.00.00;-200,0;1595,85;-200,0;3,5;602,83;290,0;1889,6;42,0;1622,89;561,52;24,04;60,16;1,3564
27/05/2004;03.00.00;2,3;1462,72;-200,0;14,7;1046,01;130,0;1999,76;-200,0;1525,68;800,53;20,59;60,42;1,0589
27/05/2004;04.00.00;1,2;1155,07;-200,0;7,5;754,81;217,0;1919,21;75,0;1580,05;757,8;21,84;62,84;1,097
27/05/2004;05.00.00;1,7;1297,14;-200,0;5,6;682,87;-200,0;2140,46;105,0;1742,86;873,21;22,28;61,0;1,2015
27/05/2004;06.00.00;1,7;1213,51;-200,0;3,5;572,66;451,0;1715,9;213,0;2182,08;1499,62;22,28;51,98;0,9709
27/05/2004;07.00.00;-200,0;1600,98;-200,0;16,6;1159,2;233,0;1869,6;73,0;1722,35;743,76;25,21;52,1;1,2205
27/05/2004;08.00.00;2,4;1464,58;-200,0;9,2;825,79;425,0;1728,77;141,0;1887,24;1111,51;26,38;42,63;1,1382
27/05/2004;09.00.00;2,9;1602,87;-200,0;19,0;1221,35;-200,0;1505,98;196,0;2022,33;1412,58;22,59;35,27;0,7467
27/05/2004;10.00.00;3,0;1628,85;-200,0;26,2;1516,59;-200,0;1887,74;192,0;2102,07;1459,22;29,99;33,88;1,1048
27/05/2004;11.00.00;2,3;1345,1;-200,0;5,9;679,02;365,0;1716,16;113,0;1559,09;1018,43;25,26;30,51;0,6849
27/05/2004;12.00.00;-200,0;1320,52;-200,0;10,0;841,42;142,0;2018,7;122,0;1599,42;1029,99;31,69;18,85;0,6196
27/05/2004;13.00.00;1,6;1288,24;-200,0;5,1;642,33;239,0;1981,46;48,0;1517,9;614,99;32,67;28,6;0,9499
27/05/2004;14.00.00;2,0;1276,85;-200,0;-200,0;797,61;241,0;1849,49;65,0;1173,91;749,8;28,74;10,0;0,2491
27/05/2004;15.00.00;1,3;1213,03;-200,0;6,3;704,71;-200,0;1972,63;112,0;1717,27;964,74;30,27;35,46;1,0458
27/05/2004;16.00.00;2,7;1470,75;-200,0;7,0;717,85;234,0;1887,23;60,0;1402,88;725,73;28,71;30,01;0,7837
27/05/2004;17.00.00;-200,0;1107,96;-200,0;15,9;1036,73;752,0;1482,62;44,0;1322,18;615,49;29,99;23,0;0,7659
27/05/2004;18.00.00;-200,0;1815,07;-200,0;18,1;1156,32;456,0;1641,64;121,0;1639,93;1099,84;29,01;27,21;0,6779
27/05/2004;19.00.00;-200,0;1924,89;-200,0;11,9;939,05;461,0;1609,19;205,0;2174,15;1497,71;30,15;32,4;1,06
27/05/2004;20.00.00;2,2;1492,81;-200,0;26,9;1509,19;421,0;1771,68;147,0;1909,73;1171,31;30,0;32,28;1,0425
27/05/2004;21.00.00;1,7;1236,08;-200,0;-200,0;641,75;-200,0;1774,13;66,0;1648,0;765,59;28,88;40,85;1,1917
27/05/2004;22.00.00;1,6;1217,25;-200,0;6,0;686,86;335,0;1789,27;-200,0;1416,0;708,51;23,67;43,83;0,8803
27/05/2004;23.00.00;1,5;1269,0;-200,0;3,1;575,08;83,0;2010,33;32,0;1318,61;490,1;23,17;48,42;0,9258
28/05/2004;00.00.00;0,6;905,62;-200,0;2,3;533,44;-200,0;2173,69;32,0;1353,77;568,04;19,34;53,34;0,859
28/05/2004;01.00.00;1,5;1217,19;-200,0;3,0;568,29;163,0;2051,77;40,0;1465,94;518,59;20,3;48,72;0,8879
28/05/2004;02.00.00;1,1;1118,56;-200,0;5,0;663,06;66,0;2101,8;-200,0;1628,6;597,7;23,34;57,28;1,2007
28/05/2004;03.00.00;-200,0;1418,31;-200,0;6,5;718,14;149,0;1909,65;30,0;1548,04;569,5;24,47;58,52;1,2556
28/05/2004;04.00.00;0,8;-200,0;-200,0;9,5;-200,0;172,0;-200,0;111,0;-200,0;-200,0;-200,0;-200,0;-200,0
28/05/2004;05.00.00;3,9;1967,97;-200,0;12,4;948,32;166,0;1948,91;77,0;1627,07;808,47;20,73;54,21;1,0614
28/05/2004;06.00.00;1,4;1180,46;-200,0;9,6;843,86;216,0;1963,24;68,0;1583,31;747,27;22,65;58,12;1,1596
28/05/2004;07.00.00;4,3;2000,59;-200,0;10,4;865,4;163,0;1806,83;100,0;1622,62;963,86;24,3;46,93;1,0442
28/05/2004;08.00.00;3,3;1689,46;-200,0;24,4;1424,74;-200,0;1797,09;-200,0;1830,3;1175,38;23,33;45,5;0,8773
28/05/2004;09.00.00;2,5;1572,14;-200,0;13,1;995,94;665,0;1464,58;182,0;2131,0;1453,41;27,09;46,19;1,1744
28/05/2004;10.00.00;2,9;1597,19;-200,0;6,8;724,5;141,0;1990,21;145,0;1812,0;1198,27;26,59;34,64;0,8973
28/05/2004;11.00.00;2,9;1534,63;-200,0;12,9;927,76;223,0;1854,28;95,0;1630,23;836,49;28,71;31,77;0,9168
28/05/2004;12.00.00;-200,0;1030,68;-200,0;12,5;919,44;164,0;2063,72;67,0;1417,68;692,02;30,87;26,49;0,8173
28/05/2004;13.00.00;2,1;1288,94;-200,0;5,0;657,28;73,0;2037,66;77,0;1643,95;736,73;30,58;30,3;0,9354
28/05/2004;14.00.00;-200,0;1167,37;-200,0;13,4;956,62;-200,0;1710,38;-200,0;1196,23;610,17;30,2;21,02;0,6227
28/05/2004;15.00.00;1,8;1350,2;-200,0;7,7;770,0;95,0;2009,34;47,0;1378,0;643,29;31,02;28,12;0,8879
28/05/2004;16.00.00;-200,0;1209,77;-200,0;8,3;746,25;-200,0;1939,0;-200,0;1383,93;687,48;30,89;21,8;0,7154
28/05/2004;17.00.00;-200,0;1234,78;-200,0;8,2;765,73;-200,0;1933,21;72,0;1386,57;765,27;29,83;19,81;0,4975
28/05/2004;18.00.00;2,0;1378,55;-200,0;20,9;1265,66;267,0;1844,99;146,0;1881,21;1243,28;29,26;30,37;0,8817
28/05/2004;19.00.00;-200,0;-200,0;-200,0;9,0;-200,0;396,0;-200,0;-200,0;-200,0;-200,0;-200,0;-200,0;-200,0
28/05/2004;20.00.00;3,6;1847,12;-200,0;11,9;918,79;313,0;1811,67;260,0;2413,53;1805,81;28,66;38,14;1,0475
28/05/2004;21.00.00;2,5;1499,78;-200,0;6,7;683,18;208,0;1976,69;62,0;1239,17;739,42;25,65;26,05;0,5982
28/05/2004;22.00.00;1,6;1184,5;-200,0;3,3;587,21;90,0;2009,7;-200,0;1701,04;990,23;26,34;44,38;1,0792
28/05/2004;23.00.00;1,5;1261,74;-200,0;5,8;656,82;58,0;2122,27;-200,0;1335,87;531,87;23,07;46,4;0,9338
29/05/2004;00.00.00;1,7;1232,09;-200,0;4,3;610,46;116,0;2050,77;82,0;1646,1;738,65;25,2;46,93;1,093
29/05/2004;01.00.00;0,6;-200,0;-200,0;5,6;-200,0;87,0;-200,0;57,0;-200,0;-200,0;-200,0;-200,0;-200,0
29/05/2004;02.00.00;-200,0;969,95;-200,0;4,1;630,11;97,0;2104,17;67,0;1527,61;751,07;21,34;54,03;0,9046
29/05/2004;03.00.00;2,3;1477,89;-200,0;7,3;745,16;-200,0;2162,68;37,0;1461,29;623,93;22,28;57,27;1,1625
29/05/2004;04.00.00;0,8;985,33;-200,0;5,6;656,46;-200,0;1873,88;56,0;1427,18;645,79;18,42;50,06;0,7735
29/05/2004;05.00.00;1,0;1165,53;-200,0;5,1;632,51;138,0;2089,83;-200,0;1503,17;758,04;19,81;56,68;1,0649
29/05/2004;06.00.00;-200,0;1211,61;-200,0;5,7;687,64;81,0;2060,54;79,0;1612,73;781,99;20,47;59,07;0,9892
29/05/2004;07.00.00;-200,0;1190,44;-200,0;4,8;636,08;294,0;1859,42;169,0;2072,44;1251,51;24,17;49,92;1,0537
29/05/2004;08.00.00;2,4;1522,17;-200,0;20,7;1277,54;-200,0;1915,09;-200,0;2252,87;1339,2;28,56;48,22;1,3429
29/05/2004;09.00.00;2,0;1444,7;-200,0;19,9;1273,89;523,0;1594,6;140,0;2059,53;1115,53;30,85;44,99;1,4505
29/05/2004;10.00.00;2,1;1403,17;-200,0;31,2;1683,74;412,0;1730,24;157,0;2025,05;1284,75;28,96;41,04;1,0795
29/05/2004;11.00.00;1,9;1361,14;-200,0;6,7;727,01;277,0;1854,82;124,0;1810,62;1044,69;29,89;39,86;1,1614
29/05/2004;12.00.00;1,3;1071,96;-200,0;5,0;624,89;-200,0;1981,62;60,0;1309,72;667,42;26,32;24,29;0,6319
29/05/2004;13.00.00;1,2;-200,0;-200,0;3,1;-200,0;133,0;-200,0;55,0;-200,0;-200,0;-200,0;-200,0;-200,0
29/05/2004;14.00.00;-200,0;1170,56;-200,0;7,9;737,8;142,0;2027,41;125,0;1669,4;1093,75;29,64;26,04;0,8439
29/05/2004;15.00.00;1,9;1278,94;-200,0;7,1;722,34;179,0;2055,98;56,0;1430,11;780,35;30,15;25,06;0,7439
29/05/2004;16.00.00;2,5;1498,33;-200,0;10,9;847,48;92,0;2017,58;56,0;1461,46;669,92;30,88;26,01;0,783
29/05/2004;17.00.00;1,7;1306,87;-200,0;5,9;690,28;-200,0;1919,03;88,0;1653,55;933,11;29,77;33,37;1,0312
29/05/2004;18.00.00;4,7;2038,17;-200,0;15,2;1042,13;666,0;1365,6;181,0;1991,35;1376,92;25,97;26,84;0,7329
29/05/2004;19.00.00;3,7;1854,22;-200,0;10,7;852,17;278,0;1774,21;-200,0;2042,12;1338,06;30,38;32,64;1,0326
29/05/2004;20.00.00;-200,0;1198,98;-200,0;18,5;1177,96;288,0;1933,53;118,0;1662,55;1111,1;25,54;29,95;0,7739
29/05/2004;21.00.00;1,1;1131,35;-200,0;9,1;842,71;550,0;1608,32;101,0;1855,6;892,28;26,87;50,19;1,3667
29/05/2004;22.00.00;-200,0;1079,0;-200,0;2,6;558,58;96,0;2089,6;59,0;1557,38;674,17;29,24;42,49;1,1916
29/05/2004;23.00.00;1,7;1249,07;-200,0;-200,0;573,29;41,0;2076,64;42,0;1441,72;569,16;22,05;46,97;0,9612
30/05/2004;00.00.00;-200,0;976,85;-200,0;1,6;491,55;62,0;2050,47;35,0;1267,4;693,33;17,94;50,33;0,6937
30/05/2004;01.00.00;0,5;933,5;-200,0;2,3;507,76;-200,0;2057,98;44,0;1427,63;562,56;21,63;51,69;1,0035
30/05/2004;02.00.00;-200,0;1099,69;-200,0;2,5;563,21;124,0;1974,35;39,0;1494,24;524,74;23,91;53,07;1,1452
30/05/2004;03.00.00;0,6;976,79;-200,0;3,3;609,21;58,0;2133,53;49,0;1665,26;698,25;25,45;54,71;1,3544
30/05/2004;04.00.00;0,8;1001,08;-200,0;4,0;598,84;116,0;2037,27;51,0;1408,8;615,45;19,25;49,89;0,8833
30/05/2004;05.00.00;1,0;1090,51;-200,0;5,2;657,09;101,0;2046,52;35,0;1536,46;482,25;23,2;50,99;1,0886
30/05/2004;06.00.00;1,5;1251,99;-200,0;5,9;714,68;186,0;1958,98;-200,0;1621,04;710,0;22,07;61,8;1,2192
30/05/2004;07.00.00;2,5;1563,6;-200,0;7,5;778,95;144,0;1965,38;-200,0;1677,9;742,52;23,82;52,01;1,1458
30/05/2004;08.00.00;2,7;1670,34;-200,0;11,0;925,64;306,0;1791,9;195,0;2365,83;1428,07;30,53;48,62;1,5218
30/05/2004;09.00.00;-200,0;1183,61;-200,0;6,0;673,94;558,0;1637,43;103,0;1766,46;963,78;23,53;45,22;0,9549
30/05/2004;10.00.00;-200,0;1216,12;-200,0;7,9;797,57;-200,0;2078,74;94,0;1813,59;895,7;28,34;43,84;1,2875
30/05/2004;11.00.00;1,5;1148,65;-200,0;10,1;850,05;177,0;2099,8;132,0;1718,09;1059,95;29,97;21,47;0,7289
30/05/2004;12.00.00;1,2;1112,13;-200,0;4,8;629,59;-200,0;1912,63;35,0;1233,64;544,31;32,24;20,45;0,6933
30/05/2004;13.00.00;-200,0;1054,18;-200,0;5,7;666,51;-200,0;2052,91;-200,0;1253,5;501,69;31,06;19,72;0,6459
30/05/2004;14.00.00;0,6;884,46;-200,0;5,2;658,74;73,0;2088,22;40,0;1303,59;640,63;31,98;19,6;0,6658
30/05/2004;15.00.00;-200,0;939,06;-200,0;6,1;642,89;81,0;2053,97;45,0;1318,51;627,92;30,75;19,83;0,5463
30/05/2004;16.00.00;1,1;1029,27;-200,0;5,4;645,94;-200,0;2135,63;51,0;1313,72;540,83;31,9;19,71;0,646
30/05/2004;17.00.00;0,5;963,16;-200,0;8,8;775,31;109,0;2155,14;61,0;1462,0;582,8;30,18;24,84;0,8413
30/05/2004;18.00.00;2,4;1420,74;-200,0;10,3;860,31;184,0;1912,26;64,0;1452,46;751,73;31,31;26,78;0,8351
30/05/2004;19.00.00;1,3;1152,14;-200,0;12,2;918,03;349,0;1839,71;145,0;1854,26;1174,4;28,3;26,72;0,8447
30/05/2004;20.00.00;2,3;1439,94;-200,0;9,7;870,51;385,0;1758,79;79,0;1509,67;847,76;28,58;23,79;0,7272
30/05/2004;21.00.00;1,7;1221,3;-200,0;3,9;612,46;234,0;1888,68;95,0;1604,14;816,87;26,48;34,37;0,8796
30/05/2004;22.00.00;-200,0;1040,91;-200,0;2,6;541,18;-200,0;2071,22;-200,0;1456,43;536,37;27,49;41,24;1,1194
30/05/2004;23.00.00;1,4;1162,19;-200,0;2,9;580,79;141,0;2049,21;74,0;1574,36;787,84;23,93;47,1;0,975
31/05/2004;00.00.00;1,4;1164,53;-200,0;7,3;725,35;201,0;1877,64;28,0;1282,07;456,72;19,6;46,23;0,7669
31/05/2004;01.00.00;1,1;1113,92;-200,0;4,2;634,56;106,0;2003,7;52,0;1644,92;592,95;24,87;52,29;1,2674
31/05/2004;02.00.00;1,1;1036,75;-200,0;5,7;668,77;-200,0;1943,46;42,0;1432,74;572,01;20,04;50,88;0,8504
31/05/2004;03.00.00;2,0;1339,51;-200,0;2,7;532,37;158,0;1954,5;65,0;1508,07;818,68;20,37;56,52;1,0511
31/05/2004;04.00.00;1,6;1262,78;-200,0;6,7;703,03;137,0;2009,0;-200,0;1452,92;623,71;20,66;51,17;0,85
31/05/2004;05.00.00;2,3;1544,35;-200,0;7,2;727,61;168,0;1905,84;40,0;1439,65;616,34;25,1;50,5;1,1092
31/05/2004;06.00.00;0,8;1016,97;-200,0;3,1;529,3;332,0;1804,68;75,0;1531,05;814,31;18,87;45,34;0,8281
31/05/2004;07.00.00;-200,0;1651,95;-200,0;13,5;1007,32;593,0;1513,78;224,0;2482,17;1589,09;30,45;47,38;1,4735
31/05/2004;08.00.00;1,9;1348,9;-200,0;8,6;792,97;561,0;1538,37;130,0;1815,92;1089,65;27,5;39,48;1,018
31/05/2004;09.00.00;3,3;1777,33;-200,0;12,4;932,17;374,0;1766,6;211,0;2350,7;1435,47;27,13;43,68;1,2009
31/05/2004;10.00.00;3,3;1769,85;-200,0;18,0;1189,39;-200,0;1859,9;137,0;1869,8;1235,61;27,86;36,52;1,0487
31/05/2004;11.00.00;3,6;-200,0;-200,0;9,5;-200,0;104,0;-200,0;86,0;-200,0;-200,0;-200,0;-200,0;-200,0
31/05/2004;12.00.00;1,2;-200,0;-200,0;6,3;-200,0;-200,0;-200,0;-200,0;-200,0;-200,0;-200,0;-200,0;-200,0
31/05/2004;13.00.00;1,3;1154,59;-200,0;5,6;673,2;188,0;1949,64;69,0;1433,88;673,56;32,3;25,47;0,8603
31/05/2004;14.00.00;-200,0;1176,31;-200,0;5,4;668,52;-200,0;2029,6;75,0;1537,45;742,7;32,62;25,22;0,8967
31/05/2004;15.00.00;1,0;1074,54;-200,0;6,5;702,1;177,0;2008,26;-200,0;1492,21;876,19;31,86;21,86;0,7682
31/05/2004;16.00.00;2,3;1440,04;-200,0;4,4;646,68;207,0;1947,43;130,0;1793,01;1063,83;31,11;29,78;0,9347
31/05/2004;17.00.00;-200,0;1329,35;-200,0;15,1;1014,74;137,0;2002,53;68,0;1439,57;722,83;30,71;25,86;0,8241
31/05/2004;18.00.00;3,0;1682,01;-200,0;9,0;816,74;327,0;1780,92;316,0;2673,66;2081,19;29,82;30,99;0,9452
31/05/2004;19.00.00;4,0;1978,59;-200,0;8,2;777,99;-200,0;1314,63;285,0;2554,77;1786,91;31,45;30,82;1,0757
31/05/2004;20.00.00;2,7;1590,92;-200,0;19,5;1258,55;274,0;1874,2;168,0;2064,2;1310,44;29,16;37,87;1,1359
31/05/2004;21.00.00;1,5;1184,15;-200,0;7,4;729,59;-200,0;1978,32;119,0;1535,06;1037,7;20,8;35,17;0,5613
31/05/2004;22.00.00;1,3;1195,17;-200,0;5,5;671,28;133,0;2011,58;-200,0;1582,59;628,28;26,7;41,52;1,0405
31/05/2004;23.00.00;0,8;1024,68;-200,0;5,3;688,37;87,0;2112,65;50,0;1572,89;650,26;24,57;49,9;1,0749
01/06/2004;00.00.00;1,1;1073,29;-200,0;3,1;577,76;114,0;1951,31;-200,0;1537,73;664,29;23,25;53,41;1,1419
01/06/2004;01.00.00;1,7;1220,23;-200,0;4,8;653,56;147,0;1919,82;39,0;1457,47;399,65;21,71;57,1;1,1361
01/06/2004;02.00.00;0,8;1135,24;-200,0;6,5;718,04;195,0;1965,2;94,0;1934,74;890,95;24,24;61,86;1,3696
01/06/2004;03.00.00;0,8;1032,48;-200,0;10,5;876,14;115,0;2029,48;69,0;1594,58;775,5;23,72;49,85;1,0539
01/06/2004;04.00.00;1,5;1197,76;-200,0;5,1;682,37;186,0;2041,91;74,0;1511,92;718,26;20,45;51,49;0,9165
01/06/2004;05.00.00;1,2;1149,83;-200,0;-200,0;705,49;242,0;1906,88;59,0;1606,84;725,78;23,3;55,71;1,1756
01/06/2004;06.00.00;1,9;1321,86;-200,0;10,6;872,54;206,0;1944,39;139,0;1815,01;1075,25;21,34;48,08;0,8663
01/06/2004;07.00.00;2,9;1657,07;-200,0;13,1;960,31;236,0;1871,07;132,0;1964,89;1108,23;21,56;64,86;1,1664
01/06/2004;08.00.00;1,6;1195,36;-200,0;15,3;1093,44;-200,0;1633,22;150,0;1981,24;1213,58;24,27;46,21;0,9187
01/06/2004;09.00.00;4,2;2005,46;-200,0;29,7;1625,72;341,0;1720,67;126,0;1881,14;1152,32;28,55;38,58;1,1452
01/06/2004;10.00.00;-200,0;1374,02;-200,0;6,5;710,0;242,0;1902,4;129,0;1854,98;1101,9;30,02;31,74;0,9893
01/06/2004;11.00.00;2,0;-200,0;-200,0;5,2;-200,0;248,0;-200,0;68,0;-200,0;-200,0;-200,0;-200,0;-200,0
01/06/2004;12.00.00;1,4;1092,78;-200,0;3,9;614,39;170,0;1959,51;93,0;1595,05;1004,16;31,81;26,4;0,9464
01/06/2004;13.00.00;1,3;1065,82;-200,0;10,7;855,87;178,0;2006,86;98,0;1583,05;982,47;32,18;23,95;0,7546
01/06/2004;14.00.00;2,7;1547,39;-200,0;7,7;741,72;79,0;2043,28;63,0;1237,43;661,8;30,37;19,3;0,5109
01/06/2004;15.00.00;1,6;1243,73;-200,0;3,6;561,54;134,0;1969,14;-200,0;1553,85;752,33;32,68;19,61;0,7067
01/06/2004;16.00.00;-200,0;1428,32;-200,0;6,6;742,01;66,0;1943,29;-200,0;1828,62;991,76;33,25;28,31;1,0374
01/06/2004;17.00.00;2,3;1447,19;-200,0;9,7;818,31;163,0;1955,96;103,0;1716,9;863,42;32,66;30,31;0,9746
01/06/2004;18.00.00;3,6;1792,79;-200,0;6,0;681,84;359,0;1771,16;149,0;1840,67;1132,94;32,73;27,51;0,9849
01/06/2004;19.00.00;-200,0;1784,41;-200,0;17,0;1123,99;713,0;1386,39;175,0;1911,58;1377,13;30,74;23,27;0,715
01/06/2004;20.00.00;3,0;1680,21;-200,0;8,5;788,99;446,0;1695,66;128,0;1775,08;1074,48;28,82;37,01;1,0129
01/06/2004;21.00.00;2,9;1644,28;-200,0;11,4;944,23;229,0;1839,41;87,0;1817,78;789,61;28,96;46,75;1,3242
01/06/2004;22.00.00;1,4;1232,81;-200,0;3,5;611,17;105,0;2078,55;48,0;1545,31;610,35;25,47;50,48;1,0717
01/06/2004;23.00.00;2,5;1467,68;-200,0;4,5;637,78;79,0;1945,76;55,0;1500,98;608,21;22,56;51,65;1,0054
02/06/2004;00.00.00;1,5;1276,1;-200,0;6,6;712,78;147,0;2025,44;-200,0;1469,74;587,11;23,1;58,64;1,1769
02/06/2004;01.00.00;0,8;1036,01;-200,0;6,5;711,16;62,0;2035,14;63,0;1487,29;850,72;21,14;54,66;1,0371
02/06/2004;02.00.00;1,2;1096,52;-200,0;6,1;676,13;84,0;2099,18;80,0;1572,85;813,8;20,78;59,33;1,0649
02/06/2004;03.00.00;1,6;1300,68;-200,0;5,5;657,99;205,0;1916,68;46,0;1445,25;651,21;21,67;53,4;1,0487
02/06/2004;04.00.00;-200,0;1157,31;-200,0;3,5;582,08;-200,0;2055,82;54,0;1399,62;702,58;20,54;57,65;0,9008
02/06/2004;05.00.00;2,1;1443,14;-200,0;5,9;705,45;383,0;1752,23;98,0;1728,84;908,61;22,01;61,04;1,1435
02/06/2004;06.00.00;2,5;1496,54;-200,0;7,8;760,88;287,0;1875,96;88,0;1635,29;856,13;19,64;48,58;0,8495
02/06/2004;07.00.00;1,6;1262,08;-200,0;10,7;874,15;516,0;1666,32;137,0;1830,54;1154,86;24,89;43,49;0,9796
02/06/2004;08.00.00;5,1;2040,0;-200,0;9,0;801,65;220,0;1789,54;182,0;2081,89;1370,66;25,67;43,95;1,0929
02/06/2004;09.00.00;-200,0;1531,96;-200,0;19,0;1211,76;682,0;1494,22;131,0;1751,57;1121,55;25,32;37,67;0,7931
02/06/2004;10.00.00;2,1;1409,6;-200,0;7,8;761,16;227,0;1920,71;159,0;2058,27;1236,95;29,57;37,39;1,1453
02/06/2004;11.00.00;-200,0;1180,97;-200,0;15,9;1090,92;-200,0;1925,33;107,0;1715,78;946,34;31,33;27,53;0,8662
02/06/2004;12.00.00;2,3;1432,17;-200,0;7,8;764,68;157,0;1958,96;60,0;1536,96;613,26;27,28;34,67;0,8697
02/06/2004;13.00.00;1,4;1123,67;-200,0;9,8;836,2;181,0;1961,42;72,0;1345,59;720,54;29,76;16,76;0,5519
02/06/2004;14.00.00;1,2;1043,37;-200,0;9,0;793,8;94,0;2022,73;68,0;1509,76;727,72;30,25;27,68;0,9099
02/06/2004;15.00.00;-200,0;1152,41;-200,0;13,4;956,31;70,0;2058,39;87,0;1368,32;845,55;30,08;16,98;0,5693
02/06/2004;16.00.00;0,9;983,37;-200,0;7,4;724,56;180,0;1983,8;-200,0;1512,85;1048,91;33,45;12,43;0,5559
02/06/2004;17.00.00;-200,0;1232,79;-200,0;8,4;774,85;223,0;1893,33;109,0;1656,21;977,19;30,9;24,4;0,841
02/06/2004;18.00.00;1,9;1255,25;-200,0;12,0;906,66;255,0;1911,91;89,0;1492,4;882,32;29,97;24,8;0,7116
02/06/2004;19.00.00;2,9;1571,25;-200,0;27,8;1530,76;210,0;1826,14;219,0;2012,24;1536,0;25,45;24,25;0,5799
02/06/2004;20.00.00;3,5;1767,54;-200,0;8,0;739,42;115,0;1911,58;296,0;2429,23;1986,1;29,52;25,74;0,7432
02/06/2004;21.00.00;2,3;1400,56;-200,0;6,2;685,15;-200,0;1750,02;122,0;1817,7;982,86;24,48;38,76;0,9681
02/06/2004;22.00.00;2,1;1428,47;-200,0;5,8;705,4;-200,0;1981,86;56,0;1541,61;756,21;25,78;48,34;1,2184
02/06/2004;23.00.00;1,6;1228,96;-200,0;3,9;627,37;68,0;2127,01;-200,0;1625,45;609,06;25,01;50,73;1,1595
03/06/2004;00.00.00;0,9;1054,99;-200,0;5,8;703,8;93,0;2052,7;60,0;1621,77;714,92;26,28;51,64;1,3215
03/06/2004;01.00.00;1,2;1086,68;-200,0;2,7;550,75;150,0;1972,32;-200,0;1518,64;786,08;20,15;56,61;0,925
03/06/2004;02.00.00;1,3;1191,16;-200,0;4,9;633,88;128,0;1995,28;87,0;1491,12;863,63;16,23;55,88;0,7841
03/06/2004;03.00.00;0,6;998,99;-200,0;5,2;677,07;108,0;2086,9;44,0;1370,69;443,38;22,46;49,48;0,9393
03/06/2004;04.00.00;-200,0;1084,4;-200,0;4,1;632,71;362,0;1874,79;62,0;1579,29;749,54;25,87;48,91;1,098
03/06/2004;05.00.00;-200,0;1327,01;-200,0;9,7;811,4;129,0;2055,71;90,0;1781,0;860,89;25,24;53,2;1,2811
03/06/2004;06.00.00;1,8;1288,53;-200,0;8,2;771,52;118,0;1956,64;118,0;1879,25;940,88;23,98;50,56;1,1442
03/06/2004;07.00.00;3,0;1632,39;-200,0;11,4;903,37;330,0;1828,31;111,0;1769,4;990,66;23,61;51,89;1,1272
03/06/2004;08.00.00;3,8;1879,48;-200,0;11,7;951,53;389,0;1722,52;152,0;2024,1;1243,76;27,42;47,08;1,2312
03/06/2004;09.00.00;-200,0;1346,05;-200,0;13,9;1012,42;-200,0;1535,22;143,0;1847,72;1099,48;25,15;41,66;0,9039
03/06/2004;10.00.00;3,1;1679,53;-200,0;8,3;753,82;259,0;1779,89;-200,0;1703,09;974,07;29,34;32,57;0,8959
03/06/2004;11.00.00;2,1;1304,93;-200,0;12,2;933,53;209,0;1877,09;116,0;1640,36;1032,7;30,61;22,73;0,6644
03/06/2004;12.00.00;-200,0;1361,84;-200,0;10,9;928,8;127,0;1960,74;82,0;1637,56;888,28;32,75;27,96;0,9722
03/06/2004;13.00.00;2,3;1478,38;-200,0;12,8;981,9;230,0;1865,86;115,0;1899,02;1009,8;36,94;25,67;1,1783
03/06/2004;14.00.00;1,4;1067,19;-200,0;7,4;702,07;-200,0;2001,28;-200,0;1200,92;661,33;32,71;10,0;0,4041
03/06/2004;15.00.00;2,2;1338,84;-200,0;5,3;657,52;128,0;1866,08;65,0;1353,05;640,0;31,08;16,46;0,4471
03/06/2004;16.00.00;1,2;1029,17;-200,0;5,8;664,11;158,0;1945,02;98,0;1489,28;923,31;31,87;17,79;0,5626
03/06/2004;17.00.00;1,5;1165,98;-200,0;11,7;889,67;249,0;1891,95;121,0;1621,56;1055,88;27,89;23,63;0,6031
03/06/2004;18.00.00;-200,0;1688,71;-200,0;14,9;1021,53;202,0;1919,19;107,0;1526,57;952,67;29,24;21,89;0,5109
03/06/2004;19.00.00;-200,0;1631,84;-200,0;14,7;1026,33;-200,0;1416,48;250,0;2314,9;1780,4;28,78;29,44;0,8643
03/06/2004;20.00.00;3,0;1571,1;-200,0;12,0;910,49;560,0;1554,87;151,0;1890,37;1253,91;27,34;32,92;0,8515
03/06/2004;21.00.00;3,9;1902,02;-200,0;13,5;970,19;223,0;1883,27;178,0;2061,27;1326,38;27,4;37,84;0,9904
03/06/2004;22.00.00;1,5;1238,41;-200,0;4,5;618,88;119,0;1990,36;58,0;1424,91;660,94;24,16;39,71;0,939
03/06/2004;23.00.00;1,2;1143,75;-200,0;6,9;731,41;-200,0;2052,67;69,0;1555,64;855,51;26,84;44,44;1,1383
04/06/2004;00.00.00;0,8;996,08;-200,0;4,3;632,56;175,0;1952,31;42,0;1430,93;499,15;23,69;45,79;0,9576
04/06/2004;01.00.00;-200,0;984,65;-200,0;3,9;595,47;183,0;1988,15;48,0;1507,06;679,38;22,88;55,95;1,1708
04/06/2004;02.00.00;1,2;1105,95;-200,0;3,7;587,07;134,0;1994,23;67,0;1649,74;850,4;21,74;58,71;1,1755
04/06/2004;03.00.00;2,0;1393,42;-200,0;-200,0;665,89;184,0;2020,82;-200,0;1380,53;486,03;22,54;52,61;1,068
04/06/2004;04.00.00;-200,0;1204,86;-200,0;7,5;765,3;247,0;1923,61;37,0;1599,79;644,57;24,05;63,45;1,4191
04/06/2004;05.00.00;1,8;1253,58;-200,0;-200,0;681,29;-200,0;1910,34;63,0;1485,62;746,44;21,16;52,48;0,9631
04/06/2004;06.00.00;-200,0;1706,76;-200,0;11,7;910,48;149,0;1895,81;62,0;1622,83;765,68;22,38;58,84;1,1629
04/06/2004;07.00.00;-200,0;1962,26;-200,0;10,1;840,86;276,0;1770,57;64,0;1480,75;735,49;24,12;44,25;0,9752
04/06/2004;08.00.00;3,8;-200,0;-200,0;15,2;-200,0;524,0;-200,0;222,0;-200,0;-200,0;-200,0;-200,0;-200,0
04/06/2004;09.00.00;-200,0;1825,73;-200,0;9,8;811,75;-200,0;1621,73;-200,0;1878,15;1077,75;25,59;40,48;0,935
04/06/2004;10.00.00;-200,0;1223,74;-200,0;15,0;1055,4;440,0;1738,48;120,0;1810,0;1027,42;27,57;35,05;1,0003
04/06/2004;11.00.00;1,6;1239,19;-200,0;7,9;778,67;293,0;1843,39;103,0;1757,46;987,46;31,48;29,64;1,0746
04/06/2004;12.00.00;1,5;1187,11;-200,0;13,4;1001,57;201,0;1938,0;97,0;1640,69;989,4;31,29;22,53;0,8126
04/06/2004;13.00.00;1,2;1071,5;-200,0;8,8;795,1;-200,0;2152,19;-200,0;1520,71;907,51;31,95;22,7;0,6991
04/06/2004;14.00.00;1,6;1169,93;-200,0;6,4;687,68;244,0;1862,61;75,0;1341,0;762,54;33,76;18,52;0,6164
04/06/2004;15.00.00;-200,0;1512,71;-200,0;-200,0;820,19;203,0;1926,31;79,0;1460,67;754,94;31,95;18,95;0,5795
04/06/2004;16.00.00;2,7;1523,0;-200,0;8,0;760,26;400,0;1724,26;66,0;1563,52;727,42;32,84;25,29;0,9005
04/06/2004;17.00.00;2,3;1355,87;-200,0;14,2;988,45;205,0;1946,86;-200,0;1496,79;946,19;31,35;23,8;0,6366
04/06/2004;18.00.00;3,8;1898,24;-200,0;9,9;850,75;-200,0;1874,78;-200,0;1478,33;766,17;31,29;28,79;0,9076
04/06/2004;19.00.00;2,5;1522,95;-200,0;18,6;1191,55;391,0;1775,49;211,0;2088,71;1523,95;28,56;28,31;0,8648
04/06/2004;20.00.00;-200,0;1981,86;-200,0;15,9;1054,51;425,0;1583,75;117,0;1566,29;1103,59;23,64;32,1;0,7336
04/06/2004;21.00.00;1,1;1094,26;-200,0;4,8;631,43;181,0;2006,17;181,0;2024,07;1292,03;26,96;32,7;0,8146
04/06/2004;22.00.00;1,8;1327,55;-200,0;9,4;821,95;217,0;1943,53;-200,0;1714,44;762,62;28,78;41,27;1,1506
04/06/2004;23.00.00;1,3;1140,88;-200,0;2,6;559,98;66,0;2092,15;64,0;1469,61;650,6;26,58;30,86;0,8047
05/06/2004;00.00.00;0,8;998,17;-200,0;2,3;543,7;-200,0;2146,99;54,0;1614,11;722,44;25,75;48,08;1,2017
05/06/2004;01.00.00;1,0;1053,11;-200,0;-200,0;542,38;77,0;2136,67;55,0;1594,59;684,16;25,5;53,48;1,2399
05/06/2004;02.00.00;0,8;1041,76;-200,0;5,3;689,58;311,0;1904,09;-200,0;1616,22;737,88;22,71;58,51;1,1708
05/06/2004;03.00.00;0,8;1036,79;-200,0;2,6;542,86;75,0;2174,68;-200,0;1589,29;675,51;22,75;54,96;1,0855
05/06/2004;04.00.00;0,8;993,6;-200,0;4,4;616,16;158,0;2002,0;64,0;1551,96;779,87;21,29;57,43;1,0034
05/06/2004;05.00.00;1,9;1291,24;-200,0;8,1;777,29;-200,0;2033,37;55,0;1435,78;523,69;22,4;42,99;0,8426
05/06/2004;06.00.00;-200,0;1546,59;-200,0;7,6;764,41;201,0;1921,32;55,0;1594,36;602,52;25,05;50,75;1,1573
05/06/2004;07.00.00;1,0;1104,92;-200,0;7,7;752,87;169,0;1990,99;-200,0;1754,94;1060,76;27,27;38,9;0,9536
05/06/2004;08.00.00;5,1;2040,0;-200,0;7,0;728,71;-200,0;1460,11;-200,0;2135,38;1595,33;25,79;36,92;0,9207
05/06/2004;09.00.00;2,7;1520,07;-200,0;12,4;943,43;505,0;1546,0;138,0;1907,8;1097,84;26,46;37,37;0,9578
05/06/2004;10.00.00;-200,0;1502,38;-200,0;13,8;1025,49;289,0;1864,24;116,0;1890,69;919,59;28,65;40,02;1,1638
05/06/2004;11.00.00;1,0;1120,61;-200,0;9,6;829,02;102,0;2058,13;54,0;1503,51;623,25;31,06;31,16;0,9631
05/06/2004;12.00.00;2,4;1395,03;-200,0;12,4;931,23;147,0;1963,58;61,0;1348,17;655,33;28,01;25,66;0,5995
05/06/2004;13.00.00;1,5;1166,89;-200,0;4,5;617,55;-200,0;1980,85;44,0;1232,63;741,79;27,1;22,62;0,6088
05/06/2004;14.00.00;2,0;1236,14;-200,0;3,3;575,74;176,0;1935,55;42,0;1245,33;623,89;31,09;17,35;0,5252
05/06/2004;15.00.00;2,0;1205,02;-200,0;5,9;658,96;82,0;2052,89;62,0;1259,61;649,36;29,92;17,58;0,4868
05/06/2004;16.00.00;2,3;1468,86;-200,0;6,4;692,03;226,0;1840,43;66,0;1443,59;644,56;31,17;23,05;0,6826
05/06/2004;17.00.00;1,5;1142,34;-200,0;8,1;753,74;305,0;1844,72;-200,0;1500,28;965,96;31,39;15,79;0,5028
05/06/2004;18.00.00;2,2;1380,07;-200,0;8,4;775,17;165,0;1934,45;159,0;1940,2;1249,01;29,99;28,54;0,9446
05/06/2004;19.00.00;2,2;1317,76;-200,0;4,6;629,35;-200,0;1817,85;106,0;1724,64;917,79;32,76;27,36;0,9379
05/06/2004;20.00.00;3,2;1744,96;-200,0;7,3;732,64;275,0;1803,83;64,0;1578,6;826,36;29,31;37,77;1,0496
05/06/2004;21.00.00;1,9;1322,08;-200,0;8,9;827,99;272,0;1806,4;-200,0;1649,8;660,62;27,96;43,11;1,203
05/06/2004;22.00.00;1,7;1242,81;-200,0;5,2;677,96;78,0;2094,54;43,0;1366,73;626,49;27,31;34,59;0,9148
05/06/2004;23.00.00;1,5;1168,33;-200,0;5,4;627,3;84,0;1948,9;52,0;1411,32;611,58;22,58;44,39;0,7849
06/06/2004;00.00.00;0,5;974,71;-200,0;3,7;623,37;100,0;2094,1;47,0;1524,51;657,03;26,03;46,59;1,1697
06/06/2004;01.00.00;1,6;1269,67;-200,0;4,7;636,94;-200,0;2109,71;-200,0;1449,09;559,92;23,01;44,67;1,0248
06/06/2004;02.00.00;1,4;1189,66;-200,0;5,1;670,29;36,0;2104,44;-200,0;1411,08;719,32;24,0;50,37;0,9658
06/06/2004;03.00.00;1,0;1053,37;-200,0;4,1;625,97;70,0;2032,93;-200,0;1839,14;969,52;20,34;68,35;1,1431
06/06/2004;04.00.00;1,3;1219,92;-200,0;4,4;634,3;-200,0;2051,4;-200,0;1358,31;716,98;19,55;58,58;0,8433
06/06/2004;05.00.00;1,2;1174,08;-200,0;1,6;533,35;147,0;1941,2;51,0;1687,04;641,95;24,79;63,32;1,4372
06/06/2004;06.00.00;1,7;1317,06;-200,0;4,3;638,59;50,0;2069,69;-200,0;1653,79;651,93;24,7;55,01;1,2953
06/06/2004;07.00.00;1,5;1148,59;-200,0;5,8;692,48;197,0;2004,56;91,0;1707,68;800,58;23,18;43,43;0,9074
06/06/2004;08.00.00;2,4;1501,03;-200,0;9,0;846,48;359,0;1756,61;151,0;1950,96;1121,16;24,45;40,89;0,9825
06/06/2004;09.00.00;2,1;1472,57;-200,0;6,6;720,59;304,0;1827,57;90,0;1797,56;890,51;29,74;41,08;1,271
06/06/2004;10.00.00;-200,0;1177,21;-200,0;10,6;876,34;243,0;1965,94;74,0;1605,1;770,92;26,4;35,67;0,9736
06/06/2004;11.00.00;1,5;1153,6;-200,0;4,1;603,6;319,0;1768,62;55,0;1481,58;699,28;33,27;26,25;1,0076
06/06/2004;12.00.00;3,2;1619,8;-200,0;7,6;725,31;111,0;1967,19;39,0;1202,64;557,04;29,22;17,86;0,4996
06/06/2004;13.00.00;0,9;1190,3;-200,0;3,2;591,99;117,0;2051,03;56,0;1716,06;676,31;33,09;38,99;1,4004
06/06/2004;14.00.00;1,1;1016,42;-200,0;3,5;556,69;-200,0;2061,64;54,0;1312,79;614,16;31,66;20,05;0,6221
06/06/2004;15.00.00;-200,0;1090,66;-200,0;3,3;574,59;71,0;2068,47;49,0;1248,21;649,8;33,69;18,51;0,6731
06/06/2004;16.00.00;1,0;1013,41;-200,0;3,9;595,19;92,0;2117,98;98,0;1603,07;850,3;31,23;21,32;0,6946
06/06/2004;17.00.00;2,0;1241,98;-200,0;9,7;810,01;212,0;1836,57;80,0;1501,26;813,89;31,49;21,34;0,6977
06/06/2004;18.00.00;2,4;1436,75;-200,0;7,3;720,18;152,0;1951,46;-200,0;1452,82;691,66;31,1;26,03;0,9057
06/06/2004;19.00.00;2,0;1295,99;-200,0;8,2;790,16;-200,0;1709,49;-200,0;1748,72;1123,95;27,98;35,58;0,9507
06/06/2004;20.00.00;-200,0;1493,47;-200,0;6,0;681,71;126,0;1985,22;-200,0;1608,19;767,5;30,26;32,86;0,9651
06/06/2004;21.00.00;1,8;1286,43;-200,0;5,1;676,21;172,0;1940,14;-200,0;1547,19;647,81;26,46;32,33;0,7643
06/06/2004;22.00.00;1,0;1071,67;-200,0;4,3;622,24;104,0;2069,05;-200,0;1465,08;582,3;25,74;41,99;1,0404
06/06/2004;23.00.00;-200,0;972,09;-200,0;3,1;566,01;-200,0;2107,12;36,0;1320,45;597,79;23,0;44,82;0,851
07/06/2004;00.00.00;1,4;1173,5;-200,0;3,8;594,41;127,0;2023,46;50,0;1373,13;633,26;18,95;57,83;0,9294
07/06/2004;01.00.00;1,2;1134,19;-200,0;6,6;705,12;71,0;2078,54;101,0;1844,08;908,51;22,9;59,43;1,2809
07/06/2004;02.00.00;1,3;1234,76;-200,0;5,5;675,02;92,0;2065,97;51,0;1731,05;621,54;27,61;55,91;1,5035
07/06/2004;03.00.00;1,2;1130,79;-200,0;3,6;618,32;86,0;2081,51;65,0;1566,55;725,22;24,18;49,59;1,0865
07/06/2004;04.00.00;1,9;1330,5;-200,0;5,9;706,92;-200,0;1987,98;75,0;1577,34;742,37;22,74;49,24;0,9956
07/06/2004;05.00.00;1,8;1264,85;-200,0;5,6;659,61;158,0;1969,29;65,0;1547,81;680,17;22,76;53,65;1,0359
07/06/2004;06.00.00;-200,0;1307,38;-200,0;10,2;869,5;301,0;1890,12;82,0;1626,5;811,92;24,12;52,39;1,1051
07/06/2004;07.00.00;1,6;1319,49;-200,0;12,2;964,49;365,0;1746,32;179,0;2063,39;1330,76;26,21;45,11;1,1016
07/06/2004;08.00.00;-200,0;2040,0;-200,0;24,1;1388,79;567,0;1571,4;147,0;1749,9;1182,1;23,96;40,24;0,8871
07/06/2004;09.00.00;-200,0;1866,59;-200,0;11,9;930,88;-200,0;1627,5;131,0;1840,75;987,86;29,84;35,02;1,1013
07/06/2004;10.00.00;-200,0;1527,91;-200,0;11,1;889,21;375,0;1710,6;235,0;2336,55;1729,52;30,34;33,21;1,0312
07/06/2004;11.00.00;0,8;957,37;-200,0;5,8;665,96;472,0;1638,79;66,0;1343,1;725,44;31,55;17,07;0,6309
07/06/2004;12.00.00;1,7;1169,15;-200,0;7,2;742,47;102,0;2023,38;-200,0;1641,9;960,29;32,02;19,75;0,7488
07/06/2004;13.00.00;-200,0;1166,76;-200,0;3,7;588,9;74,0;2111,54;-200,0;1358,32;703,33;31,98;19,26;0,6902
07/06/2004;14.00.00;1,2;1152,41;-200,0;7,0;740,41;-200,0;1926,65;47,0;1500,83;601,11;33,79;26,64;1,0512
07/06/2004;15.00.00;1,9;1268,02;-200,0;5,8;627,77;99,0;2092,65;60,0;1289,23;634,74;33,8;15,92;0,5423
07/06/2004;16.00.00;2,0;1411,17;-200,0;7,2;732,32;-200,0;2022,36;71,0;1391,33;712,8;31,73;21,5;0,6591
07/06/2004;17.00.00;2,4;1385,61;-200,0;12,9;955,68;-200,0;1745,1;63,0;1484,81;712,29;30,79;23,53;0,7715
07/06/2004;18.00.00;4,1;1873,57;-200,0;14,8;1071,26;238,0;1774,16;-200,0;1915,22;1330,15;31,35;31,75;0,9694
07/06/2004;19.00.00;-200,0;1502,97;-200,0;9,5;851,01;794,0;1378,04;188,0;2236,18;1429,91;33,21;35,3;1,258
07/06/2004;20.00.00;-200,0;1448,53;-200,0;10,5;858,86;369,0;1732,15;-200,0;1797,94;1117,56;26,43;33,04;0,8626
07/06/2004;21.00.00;2,0;1367,91;-200,0;8,2;802,09;-200,0;2006,63;111,0;1678,99;1034,74;24,68;35,61;0,8757
07/06/2004;22.00.00;1,1;1020,2;-200,0;4,7;634,07;86,0;2045,4;-200,0;1472,83;743,41;26,65;39,32;0,9802
07/06/2004;23.00.00;1,4;1151,82;-200,0;3,8;607,17;95,0;2048,79;71,0;1589,79;746,82;25,21;45,78;1,0344
08/06/2004;00.00.00;0,9;1100,2;-200,0;7,4;730,51;43,0;2094,88;33,0;1424,78;566,58;24,55;48,39;1,102
08/06/2004;01.00.00;-200,0;1328,61;-200,0;4,6;633,37;34,0;2135,82;47,0;1573,35;607,09;23,89;56,19;1,1615
08/06/2004;02.00.00;0,9;1119,16;-200,0;5,7;675,67;58,0;2041,23;-200,0;1696,55;744,03;22,46;57,32;1,1335
08/06/2004;03.00.00;2,9;1646,94;-200,0;2,6;570,76;207,0;1796,37;75,0;1769,98;868,57;25,71;58,79;1,4087
08/06/2004;04.00.00;3,0;1631,13;-200,0;8,1;758,03;98,0;1963,4;33,0;1375,39;595,18;19,7;61,52;1,0431
08/06/2004;05.00.00;1,5;1341,32;-200,0;20,1;1239,04;91,0;2042,65;45,0;1539,27;662,49;21,75;62,74;1,2043
08/06/2004;06.00.00;2,8;1554,54;-200,0;13,9;1009,67;202,0;1820,5;93,0;1706,54;898,4;23,99;51,18;1,0715
08/06/2004;07.00.00;2,2;1428,41;-200,0;9,9;823,35;786,0;1385,74;219,0;2221,56;1611,06;21,95;52,33;0,9762
08/06/2004;08.00.00;-200,0;2018,85;-200,0;37,2;1945,78;669,0;1413,71;150,0;1896,96;1264,2;26,09;40,73;0,9596
08/06/2004;09.00.00;-200,0;1666,06;-200,0;15,9;1130,29;-200,0;1774,59;-200,0;2330,03;1558,54;31,06;43,76;1,3252
08/06/2004;10.00.00;1,6;1296,63;-200,0;13,4;996,17;224,0;1892,46;-200,0;1867,64;1176,53;29,07;38,48;1,1275
08/06/2004;11.00.00;0,6;924,17;-200,0;7,8;772,37;-200,0;2094,09;116,0;1814,81;1007,72;30,7;33,87;1,1124
08/06/2004;12.00.00;1,5;1221,45;-200,0;6,5;664,49;122,0;1973,26;-200,0;1666,29;1056,67;28,75;25,58;0,765
08/06/2004;13.00.00;1,7;1211,18;-200,0;-200,0;551,62;-200,0;1963,59;101,0;1522,37;919,1;30,83;18,9;0,587
08/06/2004;14.00.00;2,3;1333,08;-200,0;8,3;751,44;127,0;1963,9;93,0;1401,77;805,71;31,81;13,47;0,4104
08/06/2004;15.00.00;1,5;1158,47;-200,0;5,3;655,2;88,0;2066,35;-200,0;1289,9;689,32;32,1;19,63;0,7044
08/06/2004;16.00.00;2,3;1433,16;-200,0;6,3;692,8;-200,0;2055,95;73,0;1614,68;733,53;35,13;28,11;1,1527
08/06/2004;17.00.00;1,8;1238,54;-200,0;-200,0;857,84;646,0;1529,15;126,0;1753,21;1012,39;33,18;20,69;0,7557
08/06/2004;18.00.00;2,5;1471,9;-200,0;11,5;925,79;492,0;1551,09;174,0;2026,79;1297,86;29,05;29,03;0,9239
08/06/2004;19.00.00;4,6;2034,08;-200,0;16,9;1118,6;289,0;1784,07;204,0;2182,51;1431,66;30,73;33,05;1,0422
08/06/2004;20.00.00;1,1;1051,79;-200,0;20,4;1260,08;573,0;1523,52;81,0;1596,87;876,23;30,02;31,76;0,9523
08/06/2004;21.00.00;1,9;1308,07;-200,0;9,9;875,35;132,0;2028,23;139,0;1978,72;1154,9;30,01;44,41;1,3292
08/06/2004;22.00.00;1,1;1098,23;-200,0;5,0;646,43;114,0;2066,92;35,0;1251,77;562,69;29,6;27,95;0,7521
08/06/2004;23.00.00;1,8;1288,55;-200,0;3,9;615,67;78,0;2043,18;37,0;1334,98;502,17;23,2;40,72;0,8798
09/06/2004;00.00.00;0,9;1010,1;-200,0;4,3;607,59;90,0;2099,53;-200,0;1422,7;654,12;22,7;45,83;0,9205
09/06/2004;01.00.00;1,4;1171,95;-200,0;3,2;573,34;65,0;2032,8;51,0;1422,67;735,94;21,01;49,17;0,9266
09/06/2004;02.00.00;1,7;1366,15;-200,0;5,4;662,5;118,0;1959,02;89,0;1759,68;860,25;22,56;56,75;1,2293
09/06/2004;03.00.00;0,8;1033,97;-200,0;7,2;732,09;61,0;2134,49;-200,0;1539,78;572,15;23,79;57,13;1,2086
09/06/2004;04.00.00;1,4;1208,74;-200,0;-200,0;697,18;-200,0;2012,21;61,0;1622,48;642,92;25,0;57,04;1,1964
09/06/2004;05.00.00;1,4;1280,29;-200,0;5,8;690,62;289,0;1938,11;41,0;1448,25;547,86;23,37;56,25;1,2051
09/06/2004;06.00.00;2,6;1536,61;-200,0;7,4;770,11;321,0;1775,06;97,0;1780,12;983,89;23,68;45,66;0,9839
09/06/2004;07.00.00;3,1;1701,76;-200,0;15,0;1063,94;-200,0;1810,12;121,0;1776,25;1022,94;25,66;40,59;0,9332
09/06/2004;08.00.00;2,9;1654,17;-200,0;10,2;869,48;222,0;1990,49;115,0;1769,77;923,33;24,89;44,32;1,0341
09/06/2004;09.00.00;2,2;1471,42;-200,0;11,5;905,22;-200,0;1886,37;262,0;2506,24;1829,15;32,03;34,53;1,2086
09/06/2004;10.00.00;3,6;1724,34;-200,0;6,5;671,08;407,0;1675,32;186,0;1890,73;1363,53;25,93;25,17;0,5634
09/06/2004;11.00.00;1,9;1298,34;-200,0;8,7;797,37;246,0;1896,2;99,0;1694,46;859,42;30,72;33,54;1,0436
09/06/2004;12.00.00;0,9;1143,69;-200,0;10,0;875,81;209,0;1995,46;117,0;1910,98;1045,02;35,44;31,93;1,3676
09/06/2004;13.00.00;0,9;1070,48;-200,0;11,0;896,23;-200,0;1839,46;72,0;1565,44;752,87;32,2;29,88;0,9847
09/06/2004;14.00.00;1,7;1246,66;-200,0;11,1;882,35;156,0;1971,36;87,0;1556,17;861,05;32,3;21,23;0,7327
09/06/2004;15.00.00;0,9;1013,32;-200,0;4,6;613,6;154,0;2010,01;89,0;1485,73;851,29;32,14;22,81;0,6457
09/06/2004;16.00.00;3,0;1601,09;-200,0;7,4;743,75;91,0;2072,88;54,0;1437,59;736,62;32,32;27,15;0,8594
09/06/2004;17.00.00;1,5;1142,75;-200,0;8,2;756,24;484,0;1718,87;122,0;1726,41;1058,11;34,93;18,89;0,7532
09/06/2004;18.00.00;2,8;1536,68;-200,0;25,1;1426,17;-200,0;1730,93;-200,0;1918,3;1287,78;26,97;30,51;0,8455
09/06/2004;19.00.00;3,3;1725,14;-200,0;25,1;1449,21;293,0;1765,41;121,0;1876,05;1018,04;33,42;30,06;1,0277
09/06/2004;20.00.00;2,1;1355,86;-200,0;13,7;998,82;374,0;1754,88;95,0;1585,83;816,86;26,3;37,59;0,9347
09/06/2004;21.00.00;0,9;1095,49;-200,0;6,7;714,7;494,0;1655,53;111,0;1708,46;1101,79;27,32;38,61;0,9933
09/06/2004;22.00.00;1,4;1274,24;-200,0;1,4;494,56;-200,0;1792,42;55,0;1558,76;689,62;25,7;48,82;1,217
09/06/2004;23.00.00;0,8;1084,77;-200,0;2,4;548,26;57,0;2081,6;29,0;1374,66;463,8;26,53;47,8;1,1382
10/06/2004;00.00.00;1,1;1127,95;-200,0;2,0;510,48;136,0;1984,73;55,0;1386,15;715,51;21,24;42,85;0,8172
10/06/2004;01.00.00;1,1;1112,69;-200,0;2,6;588,45;111,0;2121,51;69,0;1731,21;735,26;24,56;60,39;1,3239
10/06/2004;02.00.00;1,4;1255,83;-200,0;10,1;878,06;-200,0;1989,02;39,0;1622,21;568,52;27,19;50,19;1,317
10/06/2004;03.00.00;-200,0;1464,57;-200,0;3,4;543,6;143,0;1903,28;62,0;1585,5;667,11;20,24;61,8;1,0866
10/06/2004;04.00.00;1,2;1141,31;-200,0;4,1;619,99;187,0;1960,89;112,0;1891,04;985,26;23,52;54,47;1,1408
10/06/2004;05.00.00;-200,0;1194,44;-200,0;-200,0;633,13;286,0;1894,09;57,0;1558,64;739,33;22,32;59,01;1,19
10/06/2004;06.00.00;1,0;1127,17;-200,0;22,2;1330,23;100,0;2096,8;159,0;2139,37;1323,65;25,29;55,94;1,3111
10/06/2004;07.00.00;2,3;1455,62;-200,0;11,4;877,23;356,0;1778,05;116,0;1865,72;1119,45;25,51;48,69;1,1469
10/06/2004;08.00.00;3,7;1812,23;-200,0;22,6;1369,19;256,0;1833,26;167,0;2025,01;1303,1;25,39;44,74;1,0353
10/06/2004;09.00.00;2,7;1529,6;-200,0;16,6;1137,81;347,0;1756,5;-200,0;1803,13;989,12;28,95;39,65;1,1403
10/06/2004;10.00.00;2,9;1531,76;-200,0;5,6;641,29;-200,0;1780,55;-200,0;1539,85;876,13;32,87;22,81;0,8188
10/06/2004;11.00.00;1,8;1294,49;-200,0;15,4;1074,33;-200,0;2140,61;78,0;1561,1;842,73;30,09;29,13;0,839
10/06/2004;12.00.00;1,1;946,77;-200,0;8,4;800,6;139,0;1998,81;108,0;1602,77;1070,16;32,94;19,23;0,6661
10/06/2004;13.00.00;1,7;-200,0;-200,0;6,3;-200,0;88,0;-200,0;157,0;-200,0;-200,0;-200,0;-200,0;-200,0
10/06/2004;14.00.00;1,4;1078,17;-200,0;11,9;887,06;113,0;2018,07;159,0;1744,44;1234,36;30,89;14,44;0,4577
10/06/2004;15.00.00;-200,0;1076,15;-200,0;5,2;630,53;-200,0;1970,86;64,0;1303,31;613,89;33,91;13,61;0,4797
10/06/2004;16.00.00;1,3;1210,61;-200,0;6,4;732,89;236,0;1853,95;68,0;1676,7;597,61;35,77;28,18;1,2
10/06/2004;17.00.00;-200,0;1259,57;-200,0;8,3;802,93;176,0;1988,75;77,0;1572,98;813,01;33,01;27,3;1,0074
10/06/2004;18.00.00;-200,0;1555,48;-200,0;20,2;1242,69;624,0;1461,13;211,0;2089,83;1533,54;30,88;24,79;0,7429
10/06/2004;19.00.00;-200,0;1575,73;-200,0;20,7;1260,69;523,0;1483,37;133,0;1809,3;1159,14;30,47;29,46;0,9171
10/06/2004;20.00.00;4,9;2040,0;-200,0;14,3;1016,09;623,0;1409,87;132,0;1760,05;1073,23;26,76;31,64;0,836
10/06/2004;21.00.00;-200,0;1560,37;-200,0;5,6;682,45;101,0;1967,77;110,0;1823,2;1050,61;29,18;40,39;1,1636
10/06/2004;22.00.00;1,6;1154,96;-200,0;4,5;635,82;136,0;2053,16;69,0;1556,97;674,24;28,44;38,82;1,0457
10/06/2004;23.00.00;1,0;1112,66;-200,0;2,7;558,41;111,0;2008,41;39,0;1572,84;542,15;24,57;51,51;1,1026
11/06/2004;00.00.00;0,5;1017,48;-200,0;6,2;704,2;40,0;2116,23;45,0;1535,03;582,02;23,61;48,86;1,0824
11/06/2004;01.00.00;0,9;1040,09;-200,0;2,4;527,7;-200,0;1929,58;42,0;1563,11;613,17;24,28;50,89;1,1704
11/06/2004;02.00.00;1,0;1116,06;-200,0;9,0;820,86;-200,0;2063,01;-200,0;1504,83;581,29;22,38;54,89;1,0785
11/06/2004;03.00.00;1,2;1183,04;-200,0;8,9;830,51;160,0;1956,91;45,0;1541,38;594,83;22,95;52,44;1,1132
11/06/2004;04.00.00;1,4;1318,66;-200,0;4,3;634,95;212,0;1898,69;43,0;1633,9;654,38;27,45;56,43;1,3416
11/06/2004;05.00.00;2,0;1381,4;-200,0;5,8;687,9;-200,0;2012,28;85,0;1675,33;885,33;23,26;50,3;1,1156
11/06/2004;06.00.00;2,0;1413,08;-200,0;6,3;683,13;371,0;1742,44;85,0;1677,69;848,79;23,83;52,47;1,1229
11/06/2004;07.00.00;3,7;1898,23;-200,0;13,6;1011,88;-200,0;1328,19;89,0;1695,9;815,28;24,29;52,48;1,1678
11/06/2004;08.00.00;2,8;1624,6;-200,0;26,4;1522,01;262,0;1826,27;115,0;1816,1;1054,91;28,28;38,46;1,0466
11/06/2004;09.00.00;3,5;1752,43;-200,0;24,3;1450,48;440,0;1635,83;115,0;1723,17;1071,28;27,72;36,74;1,0544
11/06/2004;10.00.00;2,8;1551,16;-200,0;10,0;809,93;457,0;1678,6;107,0;1706,43;954,95;28,08;35,04;0,9047
11/06/2004;11.00.00;2,1;-200,0;-200,0;13,8;-200,0;109,0;-200,0;137,0;-200,0;-200,0;-200,0;-200,0;-200,0
11/06/2004;12.00.00;2,6;1566,67;-200,0;11,2;875,44;-200,0;1910,17;65,0;1503,31;703,53;34,46;26,99;1,0589
11/06/2004;13.00.00;2,0;-200,0;-200,0;6,1;-200,0;-200,0;-200,0;89,0;-200,0;-200,0;-200,0;-200,0;-200,0
11/06/2004;14.00.00;0,9;979,62;-200,0;6,1;670,94;249,0;2004,66;114,0;1625,62;1056,08;29,18;25,43;0,7216
11/06/2004;15.00.00;-200,0;1112,49;-200,0;10,6;861,16;167,0;1995,29;-200,0;1397,74;714,41;35,1;16,37;0,5861
11/06/2004;16.00.00;1,6;1122,79;-200,0;10,1;836,12;312,0;1866,9;59,0;1294,28;717,59;31,54;15,3;0,5511
11/06/2004;17.00.00;4,4;2020,7;-200,0;-200,0;1042,33;282,0;1792,94;-200,0;1552,53;995,11;33,99;20,27;0,7772
11/06/2004;18.00.00;-200,0;1504,16;-200,0;35,6;1847,76;205,0;1887,74;145,0;1717,16;1243,28;27,68;19,83;0,5982
11/06/2004;19.00.00;2,2;1447,45;-200,0;18,6;1201,56;328,0;1738,61;290,0;2551,25;2033,18;32,37;31,22;1,0665
11/06/2004;20.00.00;3,1;1558,72;-200,0;14,5;1026,32;305,0;1816,99;81,0;1392,82;798,66;26,95;26,93;0,6707
11/06/2004;21.00.00;2,2;1508,22;-200,0;14,1;1042,2;206,0;2012,37;134,0;2122,07;1105,86;29,54;49,06;1,5222
11/06/2004;22.00.00;1,3;1203,61;-200,0;11,1;922,65;115,0;2040,99;-200,0;1528,56;490,6;26,82;48,53;1,3327
11/06/2004;23.00.00;1,0;1061,88;-200,0;3,2;557,54;74,0;2091,87;61,0;1514,82;658,1;23,68;46,46;0,9929
12/06/2004;00.00.00;1,4;1142,78;-200,0;3,4;592,74;81,0;2082,19;37,0;1389,4;520,27;23,84;54,32;1,134
12/06/2004;01.00.00;-200,0;1051,99;-200,0;2,7;555,21;157,0;1953,39;-200,0;1642,51;761,09;25,24;44,66;1,0827
12/06/2004;02.00.00;1,0;1180,37;-200,0;5,0;682,39;104,0;2113,45;63,0;1746,9;736,28;23,58;67,26;1,416
12/06/2004;03.00.00;1,0;1083,46;-200,0;6,8;737,67;140,0;1970,25;66,0;1552,55;644,39;24,36;52,31;1,1918
12/06/2004;04.00.00;1,9;1365,23;-200,0;3,7;609,07;-200,0;2145,21;44,0;1625,09;536,88;27,32;54,04;1,4032
12/06/2004;05.00.00;1,6;1202,88;-200,0;8,9;802,07;143,0;2013,41;117,0;1687,05;1051,25;20,73;43,57;0,864
12/06/2004;06.00.00;-200,0;1229,99;-200,0;5,8;700,95;268,0;1958,6;192,0;2317,7;1407,56;27,89;52,42;1,383
12/06/2004;07.00.00;-200,0;1209,79;-200,0;7,8;768,25;415,0;1665,91;203,0;2146,97;1425,51;25,9;40,73;1,0105
12/06/2004;08.00.00;5,1;2040,0;-200,0;19,3;1223,7;538,0;1524,62;101,0;1702,77;966,16;25,1;42,43;0,958
12/06/2004;09.00.00;3,9;1841,25;-200,0;9,9;838,59;-200,0;1692,66;131,0;1777,58;1079,61;25,53;34,54;0,8053
12/06/2004;10.00.00;2,9;1583,36;-200,0;5,7;646,29;298,0;1791,54;74,0;1464,27;781,11;29,11;27,21;0,7663
12/06/2004;11.00.00;1,7;1178,97;-200,0;9,6;848,85;134,0;2057,74;-200,0;1515,59;745,78;32,54;24,24;0,88
12/06/2004;12.00.00;2,5;1471,59;-200,0;5,8;693,79;208,0;1937,63;76,0;1531,89;767,28;31,47;25,66;0,8892
12/06/2004;13.00.00;0,9;997,82;-200,0;8,9;790,84;100,0;2075,61;-200,0;1471,27;772,31;35,55;15,26;0,6498
12/06/2004;14.00.00;1,7;1197,64;-200,0;7,3;722,85;162,0;1880,56;-200,0;1303,1;742,84;30,12;16,13;0,4874
12/06/2004;15.00.00;1,1;1056,52;-200,0;2,6;555,85;119,0;2028,37;34,0;1282,96;557,28;33,17;22,57;0,8191
12/06/2004;16.00.00;-200,0;1123,73;-200,0;9,5;824,3;136,0;2059,74;65,0;1526,95;746,15;30,52;32,88;1,0714
12/06/2004;17.00.00;2,3;-200,0;-200,0;16,3;-200,0;-200,0;-200,0;104,0;-200,0;-200,0;-200,0;-200,0;-200,0
12/06/2004;18.00.00;2,2;1298,67;-200,0;16,2;1045,74;361,0;1781,45;164,0;1854,72;1268,09;33,5;19,94;0,5957
12/06/2004;19.00.00;2,2;1447,23;-200,0;18,5;1154,43;367,0;1790,93;156,0;1893,98;1263,99;29,85;26,42;0,782
12/06/2004;20.00.00;1,9;1302,08;-200,0;9,5;806,6;221,0;1970,16;136,0;1724,11;1044,78;24,28;32,76;0,7129
12/06/2004;21.00.00;-200,0;1057,44;-200,0;5,9;692,59;340,0;1854,58;-200,0;1589,33;787,16;28,59;35,51;1,0317
12/06/2004;22.00.00;1,6;1272,9;-200,0;5,0;664,1;117,0;1985,6;58,0;1652,25;717,52;27,77;46,43;1,2445
12/06/2004;23.00.00;0,7;1075,69;-200,0;-200,0;672,73;103,0;2129,0;99,0;1846,2;748,47;26,5;47,35;1,2218
13/06/2004;00.00.00;1,8;1377,63;-200,0;4,6;650,42;-200,0;2056,04;56,0;1581,23;721,14;27,24;54,39;1,3651
13/06/2004;01.00.00;0,9;1093,43;-200,0;3,0;563,11;-200,0;2138,84;46,0;1433,64;685,63;21,83;51,14;0,9957
13/06/2004;02.00.00;1,6;1351,45;-200,0;3,1;575,14;89,0;2021,69;55,0;1701,55;682,36;24,83;61,14;1,4395
13/06/2004;03.00.00;0,6;1033,77;-200,0;2,3;532,29;66,0;2055,81;48,0;1564,91;509,97;25,69;54,29;1,2255
13/06/2004;04.00.00;-200,0;1182,55;-200,0;5,5;651,14;-200,0;1978,53;51,0;1467,15;646,98;19,91;49,65;0,9793
13/06/2004;05.00.00;1,7;1335,68;-200,0;4,0;619,84;26,0;2171,06;-200,0;1875,1;718,67;24,61;63,6;1,4921
13/06/2004;06.00.00;2,1;1374,25;-200,0;4,9;616,96;107,0;2012,35;51,0;1390,06;643,73;23,76;40,73;0,8741
13/06/2004;07.00.00;1,0;-200,0;-200,0;13,8;-200,0;175,0;-200,0;77,0;-200,0;-200,0;-200,0;-200,0;-200,0
13/06/2004;08.00.00;-200,0;1266,59;-200,0;11,5;907,24;-200,0;2080,49;66,0;1519,73;768,95;27,7;38,65;1,0258
13/06/2004;09.00.00;2,5;1514,6;-200,0;10,4;897,18;274,0;1882,31;132,0;1916,25;1105,4;27,33;49,67;1,3064
13/06/2004;10.00.00;1,8;1319,7;-200,0;10,0;864,68;151,0;2071,78;115,0;1817,31;991,33;28,24;41,5;1,1666
13/06/2004;11.00.00;1,5;1279,07;-200,0;9,7;832,55;131,0;1967,51;-200,0;1653,7;866,86;30,87;35,59;1,2074
13/06/2004;12.00.00;1,1;987,73;-200,0;2,7;528,64;88,0;2073,2;-200,0;1316,94;599,14;29,66;22,74;0,654
13/06/2004;13.00.00;2,0;1419,1;-200,0;3,7;630,58;152,0;1933,89;-200,0;1552,8;579,48;30,46;33,67;1,0758
13/06/2004;14.00.00;2,8;1632,14;-200,0;4,0;590,39;-200,0;1925,9;-200,0;1354,39;633,26;34,49;21,58;0,7675
13/06/2004;15.00.00;-200,0;1055,96;-200,0;2,9;538,46;103,0;2027,96;70,0;1483,39;720,88;31,0;24,01;0,7487
13/06/2004;16.00.00;1,4;1217,25;-200,0;4,2;605,46;106,0;2009,31;75,0;1539,14;727,24;34,46;20,64;0,8135
13/06/2004;17.00.00;1,5;1196,34;-200,0;3,4;567,2;-200,0;1716,86;43,0;1359,02;623,13;33,56;21,29;0,8162
13/06/2004;18.00.00;2,9;1510,04;-200,0;11,5;876,38;190,0;1909,28;68,0;1399,59;722,72;28,38;23,14;0,6054
13/06/2004;19.00.00;-200,0;1541,67;-200,0;7,4;735,49;172,0;1944,87;116,0;1702,34;1035,5;29,45;27,08;0,7754
13/06/2004;20.00.00;1,2;1250,19;-200,0;8,4;819,28;-200,0;2082,19;57,0;1614,46;597,91;31,98;35,51;1,2722
13/06/2004;21.00.00;1,1;1096,06;-200,0;5,6;657,13;188,0;2003,15;84,0;1632,34;787,26;26,34;38,96;1,025
13/06/2004;22.00.00;0,7;974,78;-200,0;4,8;650,05;-200,0;2105,93;-200,0;1463,63;638,01;26,08;41,63;1,0286
13/06/2004;23.00.00;2,4;1440,37;-200,0;1,3;529,15;-200,0;2155,55;49,0;1598,86;591,26;26,72;53,67;1,2492
14/06/2004;00.00.00;-200,0;1167,51;-200,0;4,7;644,34;-200,0;2054,98;46,0;1454,26;576,01;26,44;34,89;0,9962
14/06/2004;01.00.00;0,9;-200,0;-200,0;4,0;-200,0;82,0;-200,0;49,0;-200,0;-200,0;-200,0;-200,0;-200,0
14/06/2004;02.00.00;1,0;1157,67;-200,0;-200,0;693,47;104,0;2062,62;40,0;1481,05;648,67;22,38;57,97;1,1343
14/06/2004;03.00.00;-200,0;1433,35;-200,0;3,5;602,3;60,0;2026,26;52,0;1718,8;585,34;26,25;60,73;1,4737
14/06/2004;04.00.00;-200,0;1393,27;-200,0;7,0;778,65;199,0;1972,57;65,0;1746,71;712,73;27,05;54,06;1,4148
14/06/2004;05.00.00;2,1;1457,64;-200,0;10,9;912,15;267,0;1900,48;72,0;1695,54;771,83;26,03;53,62;1,3277
14/06/2004;06.00.00;1,6;1248,92;-200,0;8,8;850,07;92,0;2081,0;115,0;1961,21;1020,1;25,04;54,65;1,3088
14/06/2004;07.00.00;2,7;1584,16;-200,0;8,7;777,91;631,0;1534,47;103,0;1814,18;866,82;24,29;53,45;1,1359
14/06/2004;08.00.00;3,3;1698,84;-200,0;11,8;954,87;813,0;1269,41;167,0;1927,34;1225,34;25,45;40,15;0,9325
14/06/2004;09.00.00;-200,0;1439,78;-200,0;19,1;1237,59;-200,0;2059,83;-200,0;2610,97;1910,5;29,45;38,33;1,2307
14/06/2004;10.00.00;1,8;1340,69;-200,0;14,5;1050,86;-200,0;2067,73;168,0;2122,03;1351,69;30,54;40,73;1,2839
14/06/2004;11.00.00;2,2;1388,21;-200,0;9,7;806,47;203,0;1822,9;98,0;1557,62;888,54;33,71;17,37;0,6344
14/06/2004;12.00.00;1,8;1288,07;-200,0;7,0;727,13;304,0;1821,29;-200,0;1386,41;615,27;33,24;20,82;0,7046
14/06/2004;13.00.00;1,9;1299,72;-200,0;7,0;743,74;-200,0;1979,3;47,0;1433,2;631,49;29,73;28,73;0,8848
14/06/2004;14.00.00;1,9;1342,21;-200,0;-200,0;662,92;-200,0;2114,83;84,0;1703,05;830,39;35,34;25,07;1,0622
14/06/2004;15.00.00;2,4;1368,27;-200,0;5,1;648,88;176,0;1949,4;84,0;1539,36;833,03;31,41;21,61;0,7513
14/06/2004;16.00.00;1,2;1081,63;-200,0;8,9;775,31;115,0;2058,34;40,0;1229,75;707,74;32,47;17,36;0,5888
14/06/2004;17.00.00;2,6;1453,63;-200,0;10,5;861,36;-200,0;1696,11;-200,0;1587,18;1043,73;33,24;17,0;0,6316
14/06/2004;18.00.00;3,6;1796,46;-200,0;21,5;1294,35;-200,0;1733,22;122,0;1738,02;1018,78;35,93;21,31;0,9695
14/06/2004;19.00.00;2,8;1652,93;-200,0;22,9;1416,17;-200,0;1965,54;145,0;2163,67;1172,04;37,13;35,73;1,6336
14/06/2004;20.00.00;2,8;1527,64;-200,0;14,0;1005,32;240,0;1865,6;186,0;2057,29;1403,7;30,91;29,19;0,8917
14/06/2004;21.00.00;1,7;1225,99;-200,0;10,4;872,64;244,0;1967,58;117,0;1680,41;982,54;28,04;37,5;0,8954
14/06/2004;22.00.00;2,7;1541,02;-200,0;3,6;611,31;105,0;1983,02;57,0;1477,1;647,3;28,18;37,88;1,056
14/06/2004;23.00.00;1,1;1125,21;-200,0;3,9;630,44;72,0;2105,5;-200,0;1666,04;623,73;27,68;50,21;1,3823
15/06/2004;00.00.00;1,2;1157,51;-200,0;4,5;616,2;90,0;1983,79;-200,0;1413,35;536,21;24,33;46,9;0,9853
15/06/2004;01.00.00;1,0;1171,33;-200,0;2,4;575,36;110,0;2027,65;39,0;1607,22;496,42;27,77;51,97;1,3956
15/06/2004;02.00.00;1,0;1086,99;-200,0;5,8;678,33;65,0;2082,39;84,0;1672,5;845,71;24,14;45,84;0,992
15/06/2004;03.00.00;0,8;1051,5;-200,0;3,8;606,35;-200,0;1964,86;94,0;1677,26;848,21;24,5;46,8;1,0529
15/06/2004;04.00.00;2,1;1417,72;-200,0;4,3;629,1;134,0;1983,25;55,0;1591,79;701,11;25,01;54,29;1,2235
15/06/2004;05.00.00;2,0;1431,12;-200,0;5,5;647,25;193,0;1928,36;-200,0;1623,54;737,92;25,02;45,83;1,1209
15/06/2004;06.00.00;-200,0;1342,18;-200,0;8,0;798,4;213,0;1988,68;121,0;1993,2;1125,76;26,65;60,12;1,5255
15/06/2004;07.00.00;1,8;1271,97;-200,0;6,9;705,04;253,0;1868,66;101,0;1645,71;915,8;24,77;35,56;0,7644
15/06/2004;08.00.00;3,3;1755,6;-200,0;21,0;1294,58;602,0;1524,43;217,0;2167,76;1595,65;26,1;37,52;0,9647
15/06/2004;09.00.00;-200,0;1515,9;-200,0;16,3;1095,46;427,0;1691,07;121,0;1711,09;998,01;26,31;36,95;0,8522
15/06/2004;10.00.00;2,3;1492,77;-200,0;24,2;1409,9;316,0;1794,5;118,0;1758,91;1036,01;30,68;30,38;1,021
15/06/2004;11.00.00;1,2;1091,39;-200,0;9,5;852,56;75,0;2176,43;129,0;1815,98;1100,72;32,56;22,35;0,828
15/06/2004;12.00.00;1,8;1320,54;-200,0;8,8;786,0;-200,0;1923,68;59,0;1408,02;623,67;32,96;19,35;0,7578
15/06/2004;13.00.00;1,7;1211,46;-200,0;4,7;623,1;146,0;1989,55;61,0;1370,89;720,14;36,19;16,33;0,6798
15/06/2004;14.00.00;-200,0;1316,48;-200,0;3,9;613,76;197,0;1956,53;77,0;1381,6;789,71;33,32;18,05;0,6297
15/06/2004;15.00.00;1,3;1139,72;-200,0;7,4;737,07;274,0;1912,15;37,0;1521,33;565,99;34,84;28,63;1,1288
15/06/2004;16.00.00;1,4;1164,91;-200,0;4,4;619,99;227,0;1924,33;-200,0;1463,91;787,59;31,15;19,87;0,6376
15/06/2004;17.00.00;1,2;1103,81;-200,0;11,9;909,43;-200,0;1875,98;-200,0;1850,91;1192,38;32,06;27,19;0,8896
15/06/2004;18.00.00;4,0;1929,04;-200,0;25,1;1449,04;-200,0;1726,08;-200,0;2087,77;1466,77;33,43;26,67;0,9453
15/06/2004;19.00.00;4,2;2009,74;-200,0;21,4;1318,37;-200,0;789,3;162,0;2063,48;1332,09;32,7;33,44;1,1552
15/06/2004;20.00.00;2,7;1453,45;-200,0;15,6;1066,64;410,0;1675,56;140,0;1655,91;1223,05;29,21;18,21;0,471
15/06/2004;21.00.00;1,2;1166,88;-200,0;9,2;802,39;228,0;1966,5;149,0;1908,72;1163,14;28,36;35,34;1,0151
15/06/2004;22.00.00;0,8;1059,94;-200,0;4,5;635,18;109,0;2076,03;-200,0;1745,21;876,39;24,18;48,06;1,0537
15/06/2004;23.00.00;0,9;1018,77;-200,0;3,9;592,82;58,0;2097,12;45,0;1440,12;558,92;25,29;43,01;0,9913
16/06/2004;00.00.00;1,5;1235,79;-200,0;3,2;608,56;36,0;2127,5;-200,0;1604,51;682,68;26,85;58,28;1,4328
16/06/2004;01.00.00;1,3;1234,51;-200,0;2,7;588,26;179,0;2022,42;66,0;1744,44;760,05;25,42;59,75;1,3511
16/06/2004;02.00.00;0,7;1037,88;-200,0;4,9;671,48;79,0;2101,65;-200,0;1762,56;754,74;24,78;51,79;1,2742
16/06/2004;03.00.00;1,5;1267,92;-200,0;8,3;772,37;115,0;2017,17;96,0;1755,75;967,76;23,7;52,23;1,0862
16/06/2004;04.00.00;1,1;1103,94;-200,0;3,7;584,11;135,0;2018,32;81,0;1730,41;724,77;23,79;49,06;1,0854
16/06/2004;05.00.00;1,3;1173,86;-200,0;11,3;900,71;-200,0;1828,93;67,0;1531,23;697,57;22,95;49,18;1,0164
16/06/2004;06.00.00;2,6;1538,49;-200,0;12,9;943,37;147,0;1993,78;-200,0;1469,45;637,72;26,47;43,31;0,9438
16/06/2004;07.00.00;3,2;-200,0;-200,0;13,2;-200,0;333,0;-200,0;235,0;-200,0;-200,0;-200,0;-200,0;-200,0
16/06/2004;08.00.00;-200,0;2040,0;-200,0;17,7;1176,65;507,0;1478,84;279,0;2473,59;1949,4;28,29;34,12;0,9779
16/06/2004;09.00.00;3,1;1685,38;-200,0;14,2;1006,07;230,0;1833,2;131,0;1816,28;1055,73;27,55;39,76;1,0173
16/06/2004;10.00.00;3,4;1644,8;-200,0;11,8;920,79;164,0;1923,78;137,0;1787,8;1101,71;25,59;35,23;0,8371
16/06/2004;11.00.00;1,5;-200,0;-200,0;7,1;-200,0;158,0;-200,0;88,0;-200,0;-200,0;-200,0;-200,0;-200,0
16/06/2004;12.00.00;1,5;1272,02;-200,0;7,2;761,44;192,0;1985,67;81,0;1655,1;844,29;31,18;31,77;1,1191
16/06/2004;13.00.00;-200,0;1133,99;-200,0;6,8;724,74;164,0;1950,82;64,0;1420,81;700,28;31,21;23,72;0,7233
16/06/2004;14.00.00;1,5;1239,07;-200,0;12,3;935,09;136,0;1919,84;85,0;1543,04;855,51;34,82;23,11;0,8805
16/06/2004;15.00.00;0,9;953,1;-200,0;7,2;725,14;180,0;2035,07;46,0;1198,09;637,88;32,82;14,95;0,4915
16/06/2004;16.00.00;1,4;1186,43;-200,0;6,1;703,47;112,0;2070,7;66,0;1455,43;748,56;35,55;22,47;0,9201
16/06/2004;17.00.00;3,4;1847,05;-200,0;9,0;794,54;222,0;1891,82;137,0;1890,6;991,14;34,17;26,79;1,0843
16/06/2004;18.00.00;1,9;1334,7;-200,0;10,0;854,38;333,0;1897,39;77,0;1567,86;807,14;33,51;23,52;0,9509
16/06/2004;19.00.00;1,9;1381,43;-200,0;12,1;924,78;-200,0;1832,86;181,0;2075,01;1281,18;28,37;37,75;1,0287
16/06/2004;20.00.00;1,7;1326,17;-200,0;17,7;1168,2;876,0;1382,73;117,0;1802,58;1025,76;32,32;32,31;1,1299
16/06/2004;21.00.00;4,7;2040,0;-200,0;6,8;730,22;-200,0;2000,34;155,0;2064,13;1206,11;29,13;42,45;1,2328
16/06/2004;22.00.00;1,5;1238,83;-200,0;4,1;614,99;198,0;1938,21;65,0;1548,3;749,67;26,57;42,87;1,0288
16/06/2004;23.00.00;1,0;1132,16;-200,0;3,2;608,98;118,0;1996,01;36,0;1528,53;459,32;26,39;48,67;1,3327
17/06/2004;00.00.00;-200,0;1123,43;-200,0;3,0;544,54;115,0;2003,07;73,0;1511,22;699,08;21,61;41,0;0,8461
17/06/2004;01.00.00;1,2;1239,05;-200,0;6,7;705,24;-200,0;2087,87;51,0;1600,65;619,96;25,19;54,07;1,2676
17/06/2004;02.00.00;-200,0;-200,0;-200,0;5,1;-200,0;191,0;-200,0;58,0;-200,0;-200,0;-200,0;-200,0;-200,0
17/06/2004;03.00.00;1,1;1092,29;-200,0;4,9;659,97;103,0;2067,79;-200,0;1653,65;821,99;20,99;50,39;0,9833
17/06/2004;04.00.00;-200,0;1150,86;-200,0;6,0;684,57;166,0;1978,18;-200,0;1578,76;608,29;20,83;62,73;1,1415
17/06/2004;05.00.00;1,2;1201,45;-200,0;7,2;745,54;166,0;2006,13;119,0;2026,55;1029,17;26,59;51,15;1,3039
17/06/2004;06.00.00;-200,0;1246,3;-200,0;6,1;712,49;-200,0;2003,17;109,0;1737,52;953,76;23,91;44,34;1,0352
17/06/2004;07.00.00;-200,0;1565,13;-200,0;6,7;749,97;314,0;1810,7;102,0;1817,92;997,79;29,27;43,83;1,2311
17/06/2004;08.00.00;2,2;1381,58;-200,0;25,1;1461,61;-200,0;1891,72;145,0;1831,71;1143,19;26,33;34,78;0,9467
17/06/2004;09.00.00;-200,0;2040,0;-200,0;22,1;1339,62;310,0;1681,03;112,0;1739,33;1052,96;25,28;43,79;1,0134
17/06/2004;10.00.00;3,2;1681,67;-200,0;13,3;990,54;590,0;1424,78;141,0;1738,7;1142,26;27,76;28,49;0,8413
17/06/2004;11.00.00;1,2;1136,26;-200,0;11,9;926,55;-200,0;1487,69;-200,0;1721,89;829,41;33,67;30,27;1,118
17/06/2004;12.00.00;0,7;999,36;-200,0;14,6;1047,5;215,0;1966,05;88,0;1705,02;938,07;31,92;30,68;1,0497
17/06/2004;13.00.00;1,2;1076,93;-200,0;5,3;630,15;221,0;1942,66;42,0;1259,46;571,59;31,93;18,54;0,6226
17/06/2004;14.00.00;-200,0;-200,0;-200,0;3,9;-200,0;158,0;-200,0;-200,0;-200,0;-200,0;-200,0;-200,0;-200,0
17/06/2004;15.00.00;1,7;1160,66;-200,0;7,5;740,35;165,0;1985,67;48,0;1332,68;618,83;34,7;13,47;0,512
17/06/2004;16.00.00;1,5;1249,01;-200,0;3,8;629,65;201,0;1926,53;87,0;1789,85;826,28;35,76;31,47;1,3659
17/06/2004;17.00.00;1,7;1303,23;-200,0;9,4;818,72;-200,0;1817,06;85,0;1593,27;867,58;35,93;25,72;0,9533
17/06/2004;18.00.00;2,0;1302,85;-200,0;11,7;911,11;663,0;1605,99;168,0;1897,39;1332,93;31,52;22,93;0,6935
17/06/2004;19.00.00;2,7;1504,68;-200,0;19,1;1196,6;275,0;1782,77;138,0;1664,23;1108,15;28,55;23,76;0,6301
17/06/2004;20.00.00;1,8;1253,71;-200,0;10,4;851,21;1089,0;1107,96;233,0;2205,1;1618,22;29,17;31,4;0,8569
17/06/2004;21.00.00;1,6;1306,06;-200,0;13,0;982,87;220,0;1846,48;94,0;1739,7;720,16;29,22;34,93;1,0916
17/06/2004;22.00.00;2,0;1454,15;-200,0;3,9;589,95;-200,0;2006,79;79,0;1777,24;773,34;25,48;51,05;1,2703
17/06/2004;23.00.00;-200,0;1026,45;-200,0;5,3;668,65;71,0;2142,47;45,0;1397,51;676,63;24,29;39,5;0,9031
18/06/2004;00.00.00;-200,0;1173,91;-200,0;3,1;565,63;-200,0;2103,73;61,0;1548,95;769,79;25,94;49,91;1,1799
18/06/2004;01.00.00;-200,0;1200,35;-200,0;5,4;686,89;122,0;2085,74;39,0;1563,46;575,98;24,36;52,01;1,222
18/06/2004;02.00.00;0,8;1128,44;-200,0;3,3;563,92;-200,0;2061,3;55,0;1439,73;735,43;24,03;53,31;1,0824
18/06/2004;03.00.00;1,0;1088,8;-200,0;5,3;666,13;158,0;1931,95;53,0;1584,45;709,17;22,27;53,97;1,1712
18/06/2004;04.00.00;2,1;1346,46;-200,0;9,8;854,4;116,0;2091,13;122,0;1789,23;1075,09;23,5;53,32;1,0935
18/06/2004;05.00.00;1,1;1112,18;-200,0;6,9;745,56;-200,0;2039,49;51,0;1519,67;580,34;22,61;56,46;1,122
18/06/2004;06.00.00;1,8;1362,11;-200,0;12,6;961,1;95,0;2121,6;175,0;2196,7;1323,88;27,04;52,28;1,3275
18/06/2004;07.00.00;4,9;2040,0;-200,0;11,2;897,41;299,0;1749,6;81,0;1695,11;767,7;28,36;47,61;1,2678
18/06/2004;08.00.00;4,4;1950,42;-200,0;12,4;944,68;467,0;1597,88;210,0;2021,36;1476,05;23,81;26,0;0,6558
18/06/2004;09.00.00;3,2;1649,48;-200,0;16,1;1124,5;342,0;1824,51;137,0;1853,32;1149,56;26,93;38,01;1,0145
18/06/2004;10.00.00;3,3;1722,96;-200,0;-200,0;1002,57;226,0;1879,41;-200,0;1720,51;1170,67;27,09;23,57;0,6709
18/06/2004;11.00.00;1,8;1293,64;-200,0;4,1;566,91;240,0;1942,51;89,0;1598,21;735,99;29,99;30,74;0,8715
18/06/2004;12.00.00;2,3;1412,81;-200,0;8,6;819,94;165,0;1958,82;-200,0;1555,26;678,12;32,16;31,16;1,0712
18/06/2004;13.00.00;0,7;905,96;-200,0;4,5;604,59;127,0;2021,38;75,0;1374,05;716,65;30,22;16,29;0,5265
18/06/2004;14.00.00;1,4;1102,79;-200,0;3,8;569,44;72,0;2029,8;-200,0;1383,85;684,86;31,78;17,81;0,6086
18/06/2004;15.00.00;0,7;909,45;-200,0;7,1;708,68;-200,0;2176,95;79,0;1420,13;761,98;31,78;15,51;0,4604
18/06/2004;16.00.00;1,6;1228,56;-200,0;11,0;918,26;236,0;1978,86;54,0;1514,23;683,07;34,04;25,3;1,0065
18/06/2004;17.00.00;1,9;1279,03;-200,0;10,0;850,23;158,0;1969,33;120,0;1701,51;1088,16;33,26;21,4;0,7795
18/06/2004;18.00.00;4,4;2004,43;-200,0;7,8;771,79;458,0;1561,59;190,0;2035,18;1411,98;30,88;32,42;0,9846
18/06/2004;19.00.00;3,9;1827,85;-200,0;11,4;904,49;-200,0;1439,68;157,0;1812,07;1277,21;31,65;29,58;0,8883
18/06/2004;20.00.00;2,2;1377,18;-200,0;10,6;881,76;-200,0;1929,73;90,0;1634,07;933,91;28,99;33,06;0,9804
18/06/2004;21.00.00;1,6;1242,42;-200,0;8,8;836,2;171,0;2021,86;160,0;2093,52;1254,49;28,25;36,85;1,1391
18/06/2004;22.00.00;1,5;1225,86;-200,0;5,0;655,68;177,0;2032,95;-200,0;1720,07;666,08;30,84;45,26;1,3872
18/06/2004;23.00.00;0,9;1006,16;-200,0;4,8;658,41;141,0;2084,85;37,0;1473,64;502,71;28,97;36,82;1,0654
19/06/2004;00.00.00;1,0;1066,01;-200,0;5,3;663,74;55,0;2196,13;49,0;1490,21;625,9;22,75;49,55;1,0594
19/06/2004;01.00.00;1,7;1334,33;-200,0;4,5;639,38;42,0;2131,25;-200,0;1470,49;596,44;26,21;51,64;1,2089
19/06/2004;02.00.00;0,8;1085,1;-200,0;6,1;694,05;158,0;1956,3;73,0;1708,3;671,1;25,67;57,41;1,349
19/06/2004;03.00.00;1,0;974,26;-200,0;4,3;626,23;135,0;2015,31;-200,0;1749,38;969,86;21,58;53,46;0,9699
19/06/2004;04.00.00;1,2;1191,67;-200,0;18,1;1193,68;140,0;2043,69;77,0;1691,99;820,58;25,69;48,59;1,2122
19/06/2004;05.00.00;4,2;2015,85;-200,0;7,0;751,03;196,0;1861,81;47,0;1633,55;650,65;27,63;52,02;1,4531
19/06/2004;06.00.00;2,0;1388,31;-200,0;8,8;820,85;101,0;2061,92;41,0;1329,64;585,39;23,1;43,71;0,9116
19/06/2004;07.00.00;3,1;-200,0;-200,0;-200,0;-200,0;-200,0;-200,0;161,0;-200,0;-200,0;-200,0;-200,0;-200,0
19/06/2004;08.00.00;3,4;1782,81;-200,0;12,7;939,91;288,0;1726,25;129,0;1984,87;1084,56;29,62;44,69;1,3069
19/06/2004;09.00.00;3,5;1785,68;-200,0;9,6;849,38;420,0;1675,66;120,0;1854,75;976,52;29,42;39,3;1,1244
19/06/2004;10.00.00;-200,0;1457,76;-200,0;15,6;1060,14;-200,0;1695,88;154,0;1933,52;1119,64;31,28;34,08;1,0593
19/06/2004;11.00.00;1,9;1365,75;-200,0;11,9;953,83;-200,0;1800,85;-200,0;1641,94;835,8;32,06;33,91;1,1451
19/06/2004;12.00.00;0,9;1064,7;-200,0;6,4;721,9;-200,0;2014,54;87,0;1506,01;829,16;33,2;20,35;0,7617
19/06/2004;13.00.00;1,5;1124,7;-200,0;10,9;872,34;-200,0;1959,93;64,0;1326,31;667,73;30,56;13,66;0,4517
19/06/2004;14.00.00;1,2;-200,0;-200,0;5,1;-200,0;134,0;-200,0;64,0;-200,0;-200,0;-200,0;-200,0;-200,0
19/06/2004;15.00.00;1,5;1255,49;-200,0;7,2;733,07;134,0;2033,66;-200,0;1506,13;875,03;36,22;16,66;0,706
19/06/2004;16.00.00;1,3;1110,49;-200,0;10,1;819,61;102,0;2024,24;-200,0;1286,11;687,03;33,25;14,8;0,5307
19/06/2004;17.00.00;2,3;1340,63;-200,0;-200,0;763,9;165,0;1969,95;72,0;1451,22;785,89;33,12;20,41;0,6676
19/06/2004;18.00.00;3,2;1587,63;-200,0;12,7;926,07;-200,0;1813,49;111,0;1606,51;951,29;29,35;20,61;0,6121
19/06/2004;19.00.00;0,9;1057,0;-200,0;17,8;1168,64;418,0;1728,58;-200,0;1485,71;915,25;32,41;18,22;0,6003
19/06/2004;20.00.00;1,9;1334,99;-200,0;8,9;786,64;-200,0;1906,39;154,0;1940,74;1201,18;31,32;29,54;0,8952
19/06/2004;21.00.00;0,8;-200,0;-200,0;5,1;-200,0;108,0;-200,0;-200,0;-200,0;-200,0;-200,0;-200,0;-200,0
19/06/2004;22.00.00;1,3;1205,51;-200,0;7,5;761,34;49,0;2082,43;52,0;1595,55;704,2;29,83;42,22;1,2394
19/06/2004;23.00.00;-200,0;1029,91;-200,0;4,1;625,11;44,0;2150,21;32,0;1308,93;569,48;25,71;42,12;1,0208
20/06/2004;00.00.00;1,5;1215,84;-200,0;2,7;612,36;49,0;2116,42;16,0;1465,56;307,51;26,56;54,58;1,4138
20/06/2004;01.00.00;-200,0;1105,06;-200,0;3,6;590,35;56,0;2089,68;31,0;1501,55;545,7;22,6;59,9;1,1556
20/06/2004;02.00.00;0,9;1079,31;-200,0;4,5;643,94;-200,0;2161,55;40,0;1506,54;631,28;24,09;57,08;1,2529
20/06/2004;03.00.00;1,5;1147,76;-200,0;2,2;532,98;50,0;2038,53;25,0;1306,96;481,48;23,62;46,54;0,9003
20/06/2004;04.00.00;1,0;1106,02;-200,0;5,6;681,44;-200,0;2146,47;109,0;1930,29;884,47;24,59;61,21;1,4534
20/06/2004;05.00.00;1,0;1078,38;-200,0;5,4;662,19;-200,0;1962,74;61,0;1582,12;683,31;23,9;59,76;1,2248
20/06/2004;06.00.00;1,5;1236,18;-200,0;10,1;830,1;-200,0;2019,51;-200,0;1604,23;714,03;25,17;49,11;1,1159
20/06/2004;07.00.00;-200,0;1682,1;-200,0;6,5;756,67;224,0;1874,98;76,0;1807,85;779,39;28,12;51,91;1,4886
20/06/2004;08.00.00;2,7;1493,41;-200,0;15,1;1041,67;322,0;1732,67;127,0;1755,79;1057,06;26,8;38,19;0,9608
20/06/2004;09.00.00;2,4;1398,29;-200,0;8,9;752,32;271,0;1914,43;-200,0;1460,93;884,51;25,75;26,96;0,5877
20/06/2004;10.00.00;4,3;2005,96;-200,0;7,5;749,25;184,0;1802,37;76,0;1596,18;649,18;33,76;27,83;1,0685
20/06/2004;11.00.00;1,0;1093,37;-200,0;6,2;734,73;-200,0;1966,39;99,0;1878,39;967,29;34,23;35,94;1,4016
20/06/2004;12.00.00;0,9;990,53;-200,0;10,7;859,75;197,0;2028,12;79,0;1394,43;839,32;29,92;16,11;0,4551
20/06/2004;13.00.00;1,2;1133,63;-200,0;2,8;559,98;75,0;2089,68;52,0;1439,4;582,89;34,68;20,7;0,7799
20/06/2004;14.00.00;1,9;1296,38;-200,0;5,2;664,51;128,0;1984,24;95,0;1521,94;888,2;32,79;19,08;0,6508
20/06/2004;15.00.00;0,8;917,19;-200,0;4,3;616,32;69,0;2075,49;-200,0;1240,29;660,44;34,49;15,73;0,5963
20/06/2004;16.00.00;2,2;1367,17;-200,0;4,6;570,56;-200,0;2007,31;45,0;1304,49;576,96;34,38;16,69;0,5454
20/06/2004;17.00.00;0,9;1000,0;-200,0;7,5;728,07;222,0;1937,11;70,0;1463,65;747,14;32,83;21,07;0,7351
20/06/2004;18.00.00;1,7;1278,59;-200,0;12,1;926,49;177,0;1968,65;98,0;1555,32;813,37;30,93;20,75;0,7518
20/06/2004;19.00.00;2,1;1335,46;-200,0;10,8;863,49;151,0;1944,59;67,0;1346,22;635,92;30,08;20,18;0,5706
20/06/2004;20.00.00;1,3;1151,65;-200,0;-200,0;941,45;157,0;2039,8;100,0;1621,22;860,95;28,43;32,71;0,8821
20/06/2004;21.00.00;1,1;1096,77;-200,0;5,0;689,86;-200,0;2048,27;-200,0;1841,32;1001,43;27,3;41,66;1,0316
20/06/2004;22.00.00;1,4;1256,57;-200,0;3,8;598,63;51,0;2029,26;-200,0;1666,54;772,22;27,54;45,3;1,2322
20/06/2004;23.00.00;1,6;1199,08;-200,0;2,2;506,54;104,0;2165,32;48,0;1482,56;613,66;25,03;41,24;1,0117
21/06/2004;00.00.00;0,5;919,79;-200,0;8,3;753,73;-200,0;2128,29;53,0;1599,15;552,51;26,88;42,66;1,15
21/06/2004;01.00.00;1,2;1277,81;-200,0;4,0;639,72;-200,0;2055,53;-200,0;1538,87;564,95;27,69;50,36;1,2849
21/06/2004;02.00.00;1,2;1106,05;-200,0;4,3;634,79;71,0;2045,17;40,0;1655,98;598,74;23,06;61,42;1,2916
21/06/2004;03.00.00;1,4;1197,19;-200,0;6,8;715,63;84,0;2096,09;64,0;1695,58;675,95;24,53;57,42;1,3589
21/06/2004;04.00.00;-200,0;1238,5;-200,0;9,0;823,99;103,0;2022,14;58,0;1595,44;689,52;25,22;57,1;1,3564
21/06/2004;05.00.00;1,0;1073,71;-200,0;5,0;663,14;257,0;1962,84;47,0;1661,8;672,37;25,66;56,23;1,3676
21/06/2004;06.00.00;3,1;1723,13;-200,0;12,5;956,3;191,0;1917,78;80,0;1682,04;797,23;25,66;51,02;1,1959
21/06/2004;07.00.00;3,6;1888,78;-200,0;10,0;833,84;-200,0;1385,43;144,0;2056,08;1135,78;28,03;45,79;1,2594
21/06/2004;08.00.00;-200,0;1723,55;-200,0;25,7;1500,78;395,0;1714,81;198,0;2292,31;1453,25;28,72;44,16;1,3119
21/06/2004;09.00.00;-200,0;1509,25;-200,0;12,2;941,11;317,0;1860,63;126,0;1727,63;1090,65;26,57;33,46;0,8577
21/06/2004;10.00.00;2,0;1274,78;-200,0;15,1;1044,07;-200,0;1691,56;125,0;1702,9;1041,02;32,08;24,46;0,7679
21/06/2004;11.00.00;0,8;993,55;-200,0;8,5;791,67;104,0;2077,39;106,0;1711,89;951,56;33,32;30,81;1,0943
21/06/2004;12.00.00;1,8;1360,75;-200,0;4,6;635,62;185,0;1916,62;52,0;1461,37;602,97;31,06;29,65;1,0134
21/06/2004;13.00.00;2,0;1227,01;-200,0;3,7;578,51;92,0;2059,71;56,0;1321,09;640,1;33,45;15,01;0,5644
21/06/2004;14.00.00;1,5;1238,65;-200,0;4,5;599,15;56,0;2047,53;67,0;1548,75;823,81;35,24;22,91;0,9251
21/06/2004;15.00.00;1,4;1116,51;-200,0;8,4;771,27;129,0;2078,41;49,0;1480,17;595,56;33,63;26,59;0,9525
21/06/2004;16.00.00;-200,0;1225,84;-200,0;3,1;570,62;224,0;1981,41;67,0;1454,43;796,83;36,02;18,79;0,8444
21/06/2004;17.00.00;-200,0;1175,83;-200,0;10,4;847,75;256,0;1821,6;227,0;2247,95;1564,77;38,11;16,51;0,8509
21/06/2004;18.00.00;-200,0;1395,51;-200,0;14,2;1021,21;357,0;1816,46;88,0;1572,73;941,5;31,01;24,08;0,835
21/06/2004;19.00.00;2,9;1610,32;-200,0;7,7;726,67;132,0;1904,54;254,0;2313,7;1757,75;28,79;24,44;0,7664
21/06/2004;20.00.00;-200,0;1696,47;-200,0;9,1;844,97;307,0;1755,9;-200,0;1930,67;1225,56;30,95;28,45;0,891
21/06/2004;21.00.00;3,0;1694,5;-200,0;6,0;730,13;193,0;1897,18;62,0;1613,85;654,26;30,49;38,36;1,1706
21/06/2004;22.00.00;1,2;1082,65;-200,0;5,2;646,64;-200,0;1989,51;72,0;1471,72;771,35;27,29;32,83;0,8513
21/06/2004;23.00.00;0,7;1035,94;-200,0;7,0;712,59;54,0;2103,23;47,0;1562,37;639,82;29,45;37,97;1,1208
22/06/2004;00.00.00;-200,0;1106,48;-200,0;5,9;680,89;115,0;2084,35;-200,0;1599,49;728,46;22,91;48,92;1,0721
22/06/2004;01.00.00;2,3;1444,05;-200,0;3,8;635,67;-200,0;2084,64;62,0;1690,94;625,31;26,18;51,57;1,3271
22/06/2004;02.00.00;0,9;1023,27;-200,0;3,5;594,03;95,0;2069,52;59,0;1541,61;636,49;23,09;55,2;1,167
22/06/2004;03.00.00;1,8;1387,94;-200,0;3,0;605,02;154,0;1981,73;55,0;1822,74;596,2;27,57;63,47;1,6147
22/06/2004;04.00.00;-200,0;1482,91;-200,0;5,1;675,28;84,0;2057,53;97,0;1887,36;891,34;28,28;54,0;1,4081
22/06/2004;05.00.00;1,4;1227,51;-200,0;4,7;652,51;224,0;1885,73;65,0;1558,03;668,52;23,26;54,67;1,1528
22/06/2004;06.00.00;1,4;1134,24;-200,0;7,9;773,4;113,0;2037,92;57,0;1510,29;619,4;24,49;43,94;1,0272
22/06/2004;07.00.00;2,9;1642,69;-200,0;11,2;910,64;386,0;1706,31;68,0;1710,02;685,28;28,35;48,93;1,3531
22/06/2004;08.00.00;3,5;1798,2;-200,0;12,4;971,73;-200,0;1729,49;-200,0;1784,76;936,52;27,06;38,12;1,0804
22/06/2004;09.00.00;3,9;1889,55;-200,0;12,6;959,62;377,0;1632,21;213,0;2197,52;1671,73;29,04;36,45;0,9957
22/06/2004;10.00.00;5,0;2040,0;-200,0;8,7;812,55;83,0;1937,3;112,0;1711,85;1006,22;30,47;30,89;0,9014
22/06/2004;11.00.00;2,0;1340,66;-200,0;6,8;711,15;163,0;1978,83;-200,0;1539,74;765,46;27,79;32,26;0,8343
22/06/2004;12.00.00;1,1;1061,56;-200,0;12,0;906,64;156,0;2098,06;68,0;1353,44;762,79;32,63;16,81;0,5528
22/06/2004;13.00.00;1,5;1103,61;-200,0;7,8;769,66;294,0;1800,48;94,0;1365,71;779,93;32,08;10,0;0,3658
22/06/2004;14.00.00;1,6;1210,78;-200,0;7,3;720,54;138,0;2110,57;-200,0;1449,72;859,36;32,97;17,64;0,6067
22/06/2004;15.00.00;2,2;1361,5;-200,0;8,5;797,87;103,0;2102,13;69,0;1522,58;781,45;37,01;20,43;0,821
22/06/2004;16.00.00;1,4;-200,0;-200,0;9,3;-200,0;224,0;-200,0;61,0;-200,0;-200,0;-200,0;-200,0;-200,0
22/06/2004;17.00.00;1,7;1266,85;-200,0;15,7;1082,4;189,0;1927,74;90,0;1549,97;906,86;35,08;26,66;0,9727
22/06/2004;18.00.00;1,7;1275,16;-200,0;16,1;1077,45;527,0;1676,45;136,0;1727,72;1135,32;32,1;25,55;0,815
22/06/2004;19.00.00;3,7;1771,48;-200,0;15,8;1088,48;438,0;1560,33;121,0;1586,38;1038,41;31,07;24,27;0,6993
22/06/2004;20.00.00;8,4;2040,0;-200,0;9,8;817,68;224,0;1559,9;132,0;1715,71;1096,56;32,0;19,81;0,6799
22/06/2004;21.00.00;-200,0;1265,96;-200,0;5,9;684,05;303,0;1818,9;67,0;1621,86;615,71;29,81;34,9;1,0578
22/06/2004;22.00.00;1,5;1293,0;-200,0;7,1;764,35;149,0;1954,98;65,0;1727,69;819,44;28,97;45,89;1,4131
22/06/2004;23.00.00;0,9;1048,44;-200,0;3,8;600,05;122,0;1960,64;54,0;1612,33;568,28;28,56;43,13;1,2563
23/06/2004;00.00.00;0,7;1053,8;-200,0;2,3;554,97;75,0;2174,61;65,0;1590,69;767,36;25,0;48,87;1,1975
23/06/2004;01.00.00;1,3;1183,08;-200,0;2,0;527,06;120,0;2000,93;54,0;1609,27;694,61;23,65;53,69;1,1596
23/06/2004;02.00.00;1,2;1174,9;-200,0;10,9;882,68;-200,0;1942,64;59,0;1440,71;707,62;22,2;48,31;0,8997
23/06/2004;03.00.00;0,6;981,22;-200,0;3,7;603,03;-200,0;2178,28;47,0;1570,9;492,81;22,55;57,11;1,1506
23/06/2004;04.00.00;2,5;1640,68;-200,0;4,5;705,07;117,0;1983,81;66,0;1937,83;733,21;30,27;61,57;1,9261
23/06/2004;05.00.00;1,8;1434,12;-200,0;10,4;892,44;302,0;1784,15;53,0;1719,67;747,99;27,36;50,72;1,3677
23/06/2004;06.00.00;1,8;1322,24;-200,0;5,0;624,39;263,0;1959,88;52,0;1362,95;648,47;22,96;43,08;0,8601
23/06/2004;07.00.00;2,1;1382,98;-200,0;13,6;981,92;242,0;1881,3;114,0;1719,07;985,88;24,06;44,66;0,9995
23/06/2004;08.00.00;3,5;1713,21;-200,0;29,6;1617,19;827,0;1311,56;139,0;1831,11;1164,39;28,87;29,53;0,7964
23/06/2004;09.00.00;-200,0;1796,71;-200,0;33,2;1773,98;-200,0;1703,93;-200,0;2243,76;1527,16;30,3;37,68;1,1102
23/06/2004;10.00.00;-200,0;1616,49;-200,0;9,6;857,12;372,0;1748,09;93,0;1680,63;739,53;31,59;33,6;1,0556
23/06/2004;11.00.00;-200,0;1566,71;-200,0;8,2;778,46;337,0;1768,65;228,0;2286,45;1647,44;31,19;35,38;1,1464
23/06/2004;12.00.00;2,5;1462,69;-200,0;6,0;674,64;267,0;1828,23;67,0;1323,92;683,26;32,49;22,3;0,7147
23/06/2004;13.00.00;3,0;1590,22;-200,0;6,3;703,89;-200,0;2022,01;70,0;1546,56;768,76;34,19;22,45;0,831
23/06/2004;14.00.00;1,1;1050,88;-200,0;-200,0;859,65;83,0;2048,07;56,0;1333,58;767,53;34,2;14,3;0,5885
23/06/2004;15.00.00;1,1;1038,23;-200,0;3,4;554,48;148,0;2001,08;-200,0;1377,7;787,63;29,76;16,21;0,4345
23/06/2004;16.00.00;1,7;1220,13;-200,0;8,3;777,51;211,0;1934,04;69,0;1251,7;691,44;33,57;10,98;0,3784
23/06/2004;17.00.00;1,5;1220,75;-200,0;8,5;764,91;148,0;2036,91;74,0;1413,67;779,61;31,83;19,43;0,6546
23/06/2004;18.00.00;-200,0;1391,31;-200,0;21,6;1316,42;387,0;1734,58;-200,0;1545,36;911,66;33,09;21,74;0,7911
23/06/2004;19.00.00;-200,0;-200,0;-200,0;24,0;-200,0;212,0;-200,0;-200,0;-200,0;-200,0;-200,0;-200,0;-200,0
23/06/2004;20.00.00;3,6;1736,15;-200,0;10,5;880,89;508,0;1567,42;168,0;2017,53;1348,15;31,23;28,22;0,9548
23/06/2004;21.00.00;2,9;1633,2;-200,0;7,8;757,86;160,0;1925,97;101,0;1754,97;954,27;28,58;36,41;1,0522
23/06/2004;22.00.00;-200,0;1171,42;-200,0;7,1;760,56;108,0;1990,69;54,0;1658,36;720,82;29,75;38,99;1,2246
23/06/2004;23.00.00;1,3;1237,43;-200,0;5,8;701,4;120,0;2069,9;42,0;1527,95;558,48;27,67;43,34;1,1539
24/06/2004;00.00.00;1,2;1154,2;-200,0;1,5;530,77;112,0;2084,95;58,0;1639,24;746,67;26,58;49,04;1,2078
24/06/2004;01.00.00;1,1;1094,34;-200,0;6,1;710,5;114,0;1973,34;48,0;1516,03;657,92;26,16;51,7;1,2361
24/06/2004;02.00.00;0,9;1105,69;-200,0;9,0;833,2;165,0;1985,82;79,0;1873,16;732,8;28,56;57,1;1,6175
24/06/2004;03.00.00;0,9;1041,69;-200,0;5,9;696,69;146,0;2083,32;59,0;1517,93;675,14;22,01;53,3;1,0164
24/06/2004;04.00.00;1,8;1389,96;-200,0;8,4;772,09;254,0;1891,89;64,0;1634,8;725,79;25,39;51,54;1,1849
24/06/2004;05.00.00;1,1;1166,12;-200,0;10,6;913,81;77,0;2066,69;83,0;1637,87;832,54;23,09;50,59;1,0229
24/06/2004;06.00.00;1,0;1068,78;-200,0;8,6;810,78;194,0;1927,32;139,0;1966,94;1126,95;26,85;45,06;1,1165
24/06/2004;07.00.00;2,4;1452,19;-200,0;15,2;1064,17;279,0;1897,25;180,0;2064,19;1381,95;24,94;43,11;0,999
24/06/2004;08.00.00;5,1;2040,0;-200,0;14,8;1063,05;363,0;1620,67;160,0;2047,83;1274,82;27,15;50,72;1,246
24/06/2004;09.00.00;1,2;1058,59;-200,0;14,5;1015,79;493,0;1716,69;145,0;1818,16;1151,08;28,68;31,34;0,9007
24/06/2004;10.00.00;2,2;1461,76;-200,0;8,8;796,83;325,0;1890,04;85,0;1726,65;857,48;32,52;29,85;1,0714
24/06/2004;11.00.00;-200,0;1474,48;-200,0;8,8;800,84;294,0;1832,28;115,0;1730,76;1040,8;33,61;24,97;0,8904
24/06/2004;12.00.00;-200,0;995,26;-200,0;14,2;1000,41;103,0;2131,86;44,0;1351,98;710,21;30,32;21,94;0,7738
24/06/2004;13.00.00;1,4;1210,22;-200,0;4,5;597,46;400,0;1785,16;124,0;1679,72;1148,2;33,71;18,66;0,6918
24/06/2004;14.00.00;-200,0;1026,28;-200,0;7,5;729,0;-200,0;2094,59;88,0;1482,03;829,88;32,69;19,92;0,6202
24/06/2004;15.00.00;1,0;979,39;-200,0;6,5;680,21;-200,0;2005,72;51,0;1162,0;622,15;31,76;10,0;0,3196
24/06/2004;16.00.00;1,3;-200,0;-200,0;11,4;-200,0;144,0;-200,0;109,0;-200,0;-200,0;-200,0;-200,0;-200,0
24/06/2004;17.00.00;1,4;1121,47;-200,0;17,1;1143,28;240,0;1896,51;121,0;1771,33;990,47;32,99;23,48;0,859
24/06/2004;18.00.00;1,8;1289,64;-200,0;9,0;800,18;271,0;1855,73;164,0;1914,12;1279,4;37,66;16,96;0,7583
24/06/2004;19.00.00;-200,0;1580,01;-200,0;11,7;914,68;-200,0;1690,73;147,0;1681,38;1349,93;32,64;15,56;0,4937
24/06/2004;20.00.00;5,6;2040,0;-200,0;10,1;869,81;414,0;1612,87;162,0;1781,57;1217,04;27,81;26,36;0,6553
24/06/2004;21.00.00;2,4;1414,59;-200,0;6,7;713,05;-200,0;1964,81;58,0;1420,69;648,95;28,15;34,69;0,919
24/06/2004;22.00.00;1,8;1435,23;-200,0;4,4;637,71;100,0;2039,41;-200,0;1823,17;600,3;30,02;53,47;1,5971
24/06/2004;23.00.00;1,4;1203,27;-200,0;4,5;637,74;71,0;2089,82;37,0;1606,54;610,44;30,95;47,62;1,4651
25/06/2004;00.00.00;0,8;968,36;-200,0;2,8;549,98;214,0;1965,97;-200,0;1332,63;591,79;22,64;39,51;0,7587
25/06/2004;01.00.00;-200,0;1162,53;-200,0;3,3;589,97;133,0;1975,88;40,0;1360,27;534,41;21,25;47,96;0,9245
25/06/2004;02.00.00;-200,0;1369,53;-200,0;3,6;614,13;201,0;1955,8;45,0;1704,01;550,55;28,26;52,94;1,5435
25/06/2004;03.00.00;1,8;1305,55;-200,0;6,4;722,87;155,0;1999,51;-200,0;1848,06;837,3;25,12;55,09;1,315
25/06/2004;04.00.00;1,5;1274,55;-200,0;5,7;671,52;143,0;2040,92;42,0;1496,08;627,13;22,78;46,63;1,0117
25/06/2004;05.00.00;1,8;1399,03;-200,0;5,9;697,44;183,0;1942,54;-200,0;1701,73;840,32;26,08;50,73;1,29
25/06/2004;06.00.00;4,2;2002,79;-200,0;5,8;673,8;317,0;1742,23;62,0;1485,63;658,05;20,54;44,96;0,8432
25/06/2004;07.00.00;3,2;1701,86;-200,0;6,0;705,17;-200,0;1522,06;188,0;2053,83;1364,79;26,85;39,3;0,9867
25/06/2004;08.00.00;2,7;1592,44;-200,0;27,4;1568,79;450,0;1665,26;186,0;2243,87;1477,03;28,71;41,78;1,1888
25/06/2004;09.00.00;3,0;1733,91;-200,0;-200,0;960,14;307,0;1729,18;104,0;1915,07;853,96;31,19;39,69;1,2638
25/06/2004;10.00.00;1,7;1314,9;-200,0;31,6;1724,78;437,0;1615,97;139,0;1885,6;1124,68;28,61;35,37;0,9842
25/06/2004;11.00.00;4,2;1977,36;-200,0;11,1;902,13;145,0;1857,35;74,0;1589,49;784,68;32,02;29,69;1,0079
25/06/2004;12.00.00;-200,0;1640,84;-200,0;13,9;989,09;199,0;1820,78;84,0;1483,46;844,52;31,03;20,61;0,6969
25/06/2004;13.00.00;1,6;1218,47;-200,0;9,3;811,74;203,0;1956,68;-200,0;1486,39;659,89;34,18;23,8;0,9246
25/06/2004;14.00.00;3,1;1621,32;-200,0;6,3;694,05;-200,0;1905,32;99,0;1559,29;949,54;32,38;19,98;0,6812
25/06/2004;15.00.00;1,7;1286,54;-200,0;-200,0;618,34;92,0;2014,09;34,0;1272,23;580,28;33,53;18,49;0,6806
25/06/2004;16.00.00;1,3;1113,99;-200,0;4,5;603,13;-200,0;2104,14;57,0;1291,32;575,75;32,18;15,38;0,5465
25/06/2004;17.00.00;2,8;-200,0;-200,0;13,9;-200,0;203,0;-200,0;72,0;-200,0;-200,0;-200,0;-200,0;-200,0
25/06/2004;18.00.00;3,1;1650,82;-200,0;14,1;1013,31;218,0;1923,38;159,0;1912,85;1274,0;34,6;23,46;0,8339
25/06/2004;19.00.00;4,0;1956,52;-200,0;18,3;1184,17;331,0;1727,2;136,0;1980,45;1137,88;31,37;39,02;1,2217
25/06/2004;20.00.00;1,6;1186,26;-200,0;16,7;1132,0;176,0;1904,22;128,0;1898,89;1134,88;30,71;32,67;1,086
25/06/2004;21.00.00;1,4;1191,33;-200,0;-200,0;816,81;259,0;1896,8;74,0;1507,29;835,62;26,45;32,76;0,8151
25/06/2004;22.00.00;2,1;1368,09;-200,0;4,2;622,09;-200,0;1884,45;-200,0;1384,08;531,13;27,45;36,32;0,9375
25/06/2004;23.00.00;1,9;1311,17;-200,0;5,8;699,79;93,0;2044,27;43,0;1483,21;504,89;26,74;42,36;1,0622
26/06/2004;00.00.00;-200,0;1436,26;-200,0;3,3;620,96;-200,0;2034,45;28,0;1788,2;485,51;31,12;59,35;1,9003
26/06/2004;01.00.00;-200,0;1462,62;-200,0;4,0;617,53;73,0;2037,74;25,0;1349,92;439,2;22,86;49,33;1,0335
26/06/2004;02.00.00;-200,0;1281,07;-200,0;5,6;686,18;65,0;2053,46;-200,0;1649,33;683,18;27,51;57,66;1,4716
26/06/2004;03.00.00;1,4;1241,56;-200,0;4,6;660,35;129,0;2073,69;36,0;1505,87;589,0;26,4;51,86;1,293
26/06/2004;04.00.00;-200,0;1109,3;-200,0;2,6;566,52;66,0;2102,38;93,0;1742,25;832,8;25,14;54,43;1,2756
26/06/2004;05.00.00;1,1;1189,18;-200,0;8,3;800,42;136,0;2012,16;100,0;1995,98;877,51;28,6;55,29;1,5744
26/06/2004;06.00.00;0,8;1013,51;-200,0;10,8;889,9;125,0;2027,85;100,0;1736,9;752,3;26,62;45,61;1,1608
26/06/2004;07.00.00;1,8;1351,15;-200,0;4,6;643,5;491,0;1670,38;71,0;1688,95;772,8;27,69;41,53;1,1367
26/06/2004;08.00.00;1,2;1199,4;-200,0;8,1;801,59;396,0;1757,33;262,0;2534,25;1848,69;28,01;48,69;1,297
26/06/2004;09.00.00;3,7;1951,57;-200,0;26,0;1525,47;-200,0;1643,83;63,0;1700,03;703,36;31,86;40,66;1,3169
26/06/2004;10.00.00;2,4;1435,26;-200,0;10,2;890,22;150,0;1938,44;78,0;1843,8;750,88;32,9;35,03;1,365
26/06/2004;11.00.00;0,8;1056,66;-200,0;7,0;734,44;96,0;2077,13;-200,0;1711,75;919,86;30,66;30,67;0,9498
26/06/2004;12.00.00;-200,0;1127,3;-200,0;5,1;651,94;173,0;1948,08;86,0;1610,27;745,99;30,31;25,31;0,7718
26/06/2004;13.00.00;2,7;1554,87;-200,0;3,7;601,17;-200,0;1846,14;50,0;1494,02;682,93;33,33;30,24;1,1311
26/06/2004;14.00.00;1,2;1124,33;-200,0;4,8;611,37;139,0;2023,36;46,0;1381,42;568,8;32,64;18,57;0,7293
26/06/2004;15.00.00;0,9;981,43;-200,0;7,2;717,88;122,0;1950,15;53,0;1353,5;698,79;34,28;20,62;0,7595
26/06/2004;16.00.00;0,7;904,11;-200,0;5,6;645,18;141,0;2004,35;62,0;1311,76;696,72;36,71;11,1;0,4305
26/06/2004;17.00.00;0,9;1009,56;-200,0;9,6;806,2;-200,0;2034,28;73,0;1355,17;684,81;32,83;16,02;0,5039
26/06/2004;18.00.00;2,7;1497,1;-200,0;20,5;1249,56;297,0;1833,1;198,0;2006,18;1431,13;32,86;17,01;0,6814
26/06/2004;19.00.00;2,2;1388,2;-200,0;9,5;836,08;233,0;1920,49;105,0;1752,85;841,37;32,03;33,11;1,0688
26/06/2004;20.00.00;1,9;1261,38;-200,0;11,3;898,08;173,0;2002,0;179,0;1877,07;1362,07;32,4;18,32;0,6312
26/06/2004;21.00.00;1,4;1154,85;-200,0;10,0;840,62;174,0;1968,72;88,0;1525,03;813,56;24,92;33,73;0,724
26/06/2004;22.00.00;1,1;1005,6;-200,0;3,2;547,9;184,0;1955,43;72,0;1399,89;732,19;26,9;25,43;0,5788
26/06/2004;23.00.00;-200,0;1018,02;-200,0;-200,0;590,37;102,0;2115,0;26,0;1330,67;569,72;27,33;40,58;1,0497
27/06/2004;00.00.00;1,0;1199,6;-200,0;6,6;721,5;36,0;2173,93;53,0;1577,19;697,58;28,34;45,93;1,2264
27/06/2004;01.00.00;0,6;1001,91;-200,0;3,0;552,3;61,0;2174,45;55,0;1633,64;640,27;24,16;58,17;1,2426
27/06/2004;02.00.00;0,8;1049,27;-200,0;5,5;692,88;101,0;2043,65;35,0;1458,02;546,26;20,89;55,03;1,1018
27/06/2004;03.00.00;1,5;1266,12;-200,0;3,8;611,91;156,0;2020,45;60,0;1652,39;647,02;25,71;49,49;1,2073
27/06/2004;04.00.00;1,3;1165,34;-200,0;8,4;825,92;192,0;1961,09;30,0;1450,29;566,17;23,37;58,38;1,2722
27/06/2004;05.00.00;-200,0;1243,53;-200,0;2,4;572,1;92,0;2084,39;45,0;1502,28;706,47;22,76;51,34;1,0822
27/06/2004;06.00.00;2,8;1602,48;-200,0;5,4;680,28;172,0;1920,94;88,0;1717,34;800,07;24,69;48,58;1,0939
27/06/2004;07.00.00;1,6;1297,39;-200,0;4,0;598,36;188,0;1956,74;-200,0;1548,47;781,02;26,6;38,65;0,9514
27/06/2004;08.00.00;2,0;1349,6;-200,0;6,8;710,91;213,0;1954,25;91,0;1606,6;819,33;26,97;35,37;0,9216
27/06/2004;09.00.00;-200,0;1305,76;-200,0;6,8;731,09;231,0;1893,67;155,0;1883,04;1260,04;25,06;31,53;0,737
27/06/2004;10.00.00;1,4;1215,52;-200,0;6,4;714,84;178,0;1958,1;42,0;1350,73;626,02;32,56;31,23;1,0594
27/06/2004;11.00.00;-200,0;1054,06;-200,0;3,5;572,06;-200,0;2013,15;59,0;1517,5;705,29;34,52;27,05;1,0514
27/06/2004;12.00.00;1,3;1130,65;-200,0;4,7;638,25;59,0;2112,0;54,0;1529,95;578,13;34,31;30,65;1,1357
27/06/2004;13.00.00;-200,0;1137,6;-200,0;5,3;670,97;-200,0;1989,47;40,0;1327,0;468,04;31,53;22,0;0,7164
27/06/2004;14.00.00;1,3;1093,16;-200,0;2,4;529,61;174,0;2034,76;76,0;1344,09;794,2;33,9;10,0;0,3571
27/06/2004;15.00.00;1,1;1063,45;-200,0;3,3;570,35;162,0;2066,89;36,0;1304,53;484,75;34,46;18,97;0,6671
27/06/2004;16.00.00;1,6;1133,78;-200,0;12,0;916,56;127,0;2027,26;39,0;1100,85;578,18;35,5;11,02;0,3306
27/06/2004;17.00.00;-200,0;1186,04;-200,0;6,7;676,84;-200,0;2031,89;30,0;1199,2;506,11;35,14;15,24;0,5611
27/06/2004;18.00.00;1,5;1171,18;-200,0;3,9;583,05;270,0;1955,12;125,0;1660,79;1095,33;31,54;18,87;0,7126
27/06/2004;19.00.00;1,4;1117,94;-200,0;5,1;641,3;384,0;1848,57;87,0;1585,05;881,54;32,14;23,34;0,7793
27/06/2004;20.00.00;1,0;1054,14;-200,0;8,2;762,6;150,0;1977,31;-200,0;1531,54;764,14;31,68;24,13;0,8405
27/06/2004;21.00.00;2,2;1446,41;-200,0;5,6;692,74;-200,0;1962,73;57,0;1576,2;691,95;32,38;36,68;1,1592
27/06/2004;22.00.00;0,8;993,57;-200,0;3,1;581,36;-200,0;2096,26;65,0;1521,96;731,2;29,59;33,27;0,9369
27/06/2004;23.00.00;0,7;1022,35;-200,0;7,5;769,69;48,0;2200,94;64,0;1681,41;760,82;28,55;46,44;1,2349
28/06/2004;00.00.00;0,9;1063,44;-200,0;10,5;877,6;70,0;2136,82;26,0;1582,75;413,73;26,16;59,5;1,4522
28/06/2004;01.00.00;1,0;-200,0;-200,0;3,9;-200,0;98,0;-200,0;43,0;-200,0;-200,0;-200,0;-200,0;-200,0
28/06/2004;02.00.00;-200,0;1405,19;-200,0;6,7;733,76;-200,0;2044,54;-200,0;1523,71;617,09;25,52;51,55;1,2452
28/06/2004;03.00.00;1,2;1102,02;-200,0;7,5;722,95;77,0;2074,96;56,0;1494,88;605,77;22,81;40,97;0,9177
28/06/2004;04.00.00;-200,0;1821,5;-200,0;8,7;797,76;94,0;1934,24;64,0;1655,48;656,77;27,51;51,47;1,3503
28/06/2004;05.00.00;-200,0;1352,57;-200,0;5,1;663,67;-200,0;1990,71;42,0;1674,84;582,54;26,6;54,39;1,4377
28/06/2004;06.00.00;3,7;1861,92;-200,0;16,4;1148,0;106,0;1972,81;99,0;1756,96;899,42;25,11;51,92;1,3065
28/06/2004;07.00.00;3,2;1688,78;-200,0;10,7;870,99;114,0;1989,49;-200,0;1771,9;977,01;26,07;44,97;1,0942
28/06/2004;08.00.00;3,4;1870,47;-200,0;17,2;1133,14;701,0;1407,29;207,0;2266,12;1585,49;28,83;44,69;1,2458
28/06/2004;09.00.00;5,3;2040,0;-200,0;14,7;1076,47;-200,0;1694,64;164,0;2297,4;1180,15;30,46;48,32;1,4375
28/06/2004;10.00.00;3,6;1863,53;-200,0;10,6;902,17;-200,0;1771,68;72,0;1599,5;770,07;31,22;39,49;1,2648
28/06/2004;11.00.00;2,3;1440,51;-200,0;9,1;797,87;303,0;1822,64;112,0;1668,4;973,59;32,65;23,97;0,8432
28/06/2004;12.00.00;3,6;1746,53;-200,0;4,4;621,73;92,0;2008,68;-200,0;1345,63;574,48;36,47;15,6;0,7685
28/06/2004;13.00.00;-200,0;1143,56;-200,0;3,0;549,95;-200,0;2083,72;-200,0;1358,26;495,24;36,0;17,97;0,6851
28/06/2004;14.00.00;1,0;1022,63;-200,0;5,4;652,5;106,0;2003,7;60,0;1358,92;646,11;34,74;13,47;0,5291
28/06/2004;15.00.00;1,1;1047,12;-200,0;4,1;596,14;199,0;1875,88;59,0;1401,09;598,6;36,41;19,84;0,7551
28/06/2004;16.00.00;2,8;-200,0;-200,0;8,0;-200,0;154,0;-200,0;42,0;-200,0;-200,0;-200,0;-200,0;-200,0
28/06/2004;17.00.00;3,3;-200,0;-200,0;10,6;-200,0;229,0;-200,0;96,0;-200,0;-200,0;-200,0;-200,0;-200,0
28/06/2004;18.00.00;2,2;1396,25;-200,0;12,7;959,85;297,0;1864,81;136,0;1990,15;1084,49;36,68;27,05;1,1949
28/06/2004;19.00.00;1,3;1196,81;-200,0;25,2;1466,86;489,0;1762,61;-200,0;1958,3;1270,63;31,59;26,08;0,8922
28/06/2004;20.00.00;2,4;1372,24;-200,0;12,1;924,5;586,0;1598,19;78,0;1496,74;901,4;29,13;26,2;0,7783
28/06/2004;21.00.00;1,3;-200,0;-200,0;4,6;-200,0;704,0;-200,0;94,0;-200,0;-200,0;-200,0;-200,0;-200,0
28/06/2004;22.00.00;1,1;1054,37;-200,0;4,6;630,93;-200,0;2031,12;70,0;1434,96;771,97;26,06;30,85;0,756
28/06/2004;23.00.00;0,7;1016,97;-200,0;6,2;694,84;157,0;2086,37;30,0;1281,24;572,37;25,46;42,95;0,9625
29/06/2004;00.00.00;-200,0;991,51;-200,0;1,9;545,18;122,0;2011,26;32,0;1391,77;463,05;25,31;48,04;1,0329
29/06/2004;01.00.00;2,2;1375,1;-200,0;4,1;619,15;103,0;2063,9;64,0;1496,57;628,43;22,44;51,19;0,9918
29/06/2004;02.00.00;1,0;1093,47;-200,0;5,9;705,54;42,0;2206,57;91,0;1751,78;847,13;24,79;53,81;1,2175
29/06/2004;03.00.00;2,2;-200,0;-200,0;-200,0;-200,0;104,0;-200,0;57,0;-200,0;-200,0;-200,0;-200,0;-200,0
29/06/2004;04.00.00;-200,0;1155,2;-200,0;9,2;815,38;-200,0;2017,54;57,0;1566,45;643,13;22,94;52,73;1,0751
29/06/2004;05.00.00;1,0;1177,1;-200,0;6,8;742,54;181,0;1912,87;78,0;1772,37;701,4;28,29;49,27;1,3527
29/06/2004;06.00.00;2,1;1386,04;-200,0;9,6;830,34;-200,0;1909,53;-200,0;1872,58;1186,66;27,07;46,21;1,2138
29/06/2004;07.00.00;2,1;1410,81;-200,0;5,3;675,56;227,0;1904,02;93,0;1655,44;906,27;29,15;41,46;1,1879
29/06/2004;08.00.00;2,8;1552,1;-200,0;9,8;853,56;921,0;1200,05;138,0;1915,25;1113,85;26,98;44,11;1,1749
29/06/2004;09.00.00;3,2;1723,25;-200,0;18,8;1193,12;684,0;1433,82;137,0;1968,33;1091,59;31,3;32,28;1,1499
29/06/2004;10.00.00;1,8;1325,65;-200,0;11,9;950,5;126,0;1927,09;79,0;1736,32;735,17;28,7;35,09;1,1017
29/06/2004;11.00.00;1,0;1158,62;-200,0;9,1;836,6;183,0;2020,52;120,0;1748,57;982,2;33,87;26,61;0,9981
29/06/2004;12.00.00;1,6;1182,53;-200,0;7,0;737,08;219,0;1901,24;84,0;1496,01;911,92;33,47;20,18;0,7543
29/06/2004;13.00.00;2,1;1380,62;-200,0;6,3;698,87;264,0;1865,02;37,0;1363,58;550,16;35,02;23,02;0,9918
29/06/2004;14.00.00;1,0;1003,69;-200,0;6,1;670,96;116,0;2027,07;66,0;1307,34;738,17;32,06;14,49;0,4841
29/06/2004;15.00.00;1,5;1232,4;-200,0;3,8;585,35;-200,0;2059,99;110,0;1630,04;1107,84;32,8;20,71;0,7643
29/06/2004;16.00.00;2,6;1461,86;-200,0;5,9;684,05;162,0;1917,82;79,0;1524,44;891,26;35,61;19,19;0,728
29/06/2004;17.00.00;1,9;1282,1;-200,0;5,6;649,82;303,0;1757,58;-200,0;1747,18;1291,95;32,02;16,95;0,5579
29/06/2004;18.00.00;2,7;1559,04;-200,0;-200,0;853,42;176,0;1948,4;117,0;1822,67;1100,96;34,05;25,43;1,0161
29/06/2004;19.00.00;3,0;1615,07;-200,0;22,6;1349,23;165,0;1850,53;215,0;2169,25;1603,08;29,35;29,25;0,8212
29/06/2004;20.00.00;2,0;1406,24;-200,0;11,3;899,71;-200,0;1595,74;204,0;2268,44;1594,42;32,58;36,65;1,271
29/06/2004;21.00.00;1,3;1191,36;-200,0;10,0;849,51;132,0;2072,19;-200,0;1598,73;853,14;27,12;40,35;0,9672
29/06/2004;22.00.00;0,9;1154,48;-200,0;5,3;692,13;278,0;1925,69;50,0;1625,74;674,09;29,4;42,63;1,3526
29/06/2004;23.00.00;1,2;1112,55;-200,0;3,4;651,29;57,0;2098,14;65,0;1576,16;744,12;28,34;38,88;1,141
30/06/2004;00.00.00;1,4;1268,27;-200,0;2,6;548,17;-200,0;2077,73;53,0;1646,34;607,78;24,71;60,42;1,378
30/06/2004;01.00.00;1,5;1281,47;-200,0;3,7;594,19;108,0;1990,71;67,0;1535,05;763,73;26,47;44,02;1,1261
30/06/2004;02.00.00;1,1;1165,68;-200,0;5,1;664,08;43,0;2134,63;62,0;1684,06;650,38;25,33;57,59;1,3705
30/06/2004;03.00.00;1,9;1416,77;-200,0;6,6;707,34;404,0;1761,96;59,0;1609,81;659,44;23,56;55,61;1,2494
30/06/2004;04.00.00;1,6;1184,29;-200,0;-200,0;719,41;116,0;2036,89;64,0;1511,86;755,06;22,79;46,97;0,928
30/06/2004;05.00.00;1,6;1252,79;-200,0;8,3;779,16;109,0;2034,06;65,0;1584,71;743,81;21,38;50,42;0,9808
30/06/2004;06.00.00;0,6;1039,18;-200,0;4,4;637,2;-200,0;2057,46;100,0;1813,98;909,64;26,8;47,79;1,2709
30/06/2004;07.00.00;1,8;1298,59;-200,0;15,3;1078,22;334,0;1847,28;115,0;1805,42;1029,32;24,01;50,98;1,1706
30/06/2004;08.00.00;1,8;1236,74;-200,0;9,5;816,24;-200,0;1681,03;-200,0;1924,89;1325,13;28,53;36,54;0,9111
30/06/2004;09.00.00;3,8;1888,11;-200,0;21,3;1309,39;245,0;1756,44;-200,0;1817,03;1133,89;29,11;34,14;0,9575
30/06/2004;10.00.00;-200,0;1417,83;-200,0;13,5;962,58;165,0;1985,46;94,0;1506,26;1012,05;32,29;19,11;0,6052
30/06/2004;11.00.00;1,3;1158,16;-200,0;-200,0;639,51;319,0;1786,63;110,0;1815,83;1034,4;31,53;35,13;1,1656
30/06/2004;12.00.00;1,8;1158,33;-200,0;9,1;790,86;127,0;1974,6;88,0;1426,79;832,4;32,51;17,37;0,5028
30/06/2004;13.00.00;0,9;1001,89;-200,0;9,2;827,01;73,0;2113,21;62,0;1458,37;734,61;35,43;21,5;0,7686
30/06/2004;14.00.00;1,0;1022,02;-200,0;9,4;827,74;130,0;2052,46;103,0;1640,58;896,45;35,14;17,56;0,809
30/06/2004;15.00.00;1,1;995,61;-200,0;4,2;570,18;112,0;2043,12;50,0;1355,83;691,61;35,27;16,96;0,7123
30/06/2004;16.00.00;1,8;1279,59;-200,0;6,9;702,64;351,0;1855,95;84,0;1638,69;824,28;35,41;22,11;0,9007
30/06/2004;17.00.00;3,2;1738,02;-200,0;11,7;938,58;184,0;1939,2;116,0;1737,28;1051,93;30,9;28,22;0,9173
30/06/2004;18.00.00;2,2;1408,33;-200,0;16,7;1109,56;294,0;1829,34;-200,0;1835,11;1180,56;34,69;23,98;0,9418
30/06/2004;19.00.00;4,7;2040,0;-200,0;16,7;1098,1;421,0;1586,44;237,0;2425,53;1558,42;33,36;29,73;1,1303
30/06/2004;20.00.00;2,6;1526,42;-200,0;10,3;848,77;252,0;1868,87;225,0;2194,77;1609,44;28,9;32,44;0,8957
30/06/2004;21.00.00;2,0;1402,6;-200,0;11,6;919,29;241,0;1901,12;62,0;1562,84;727,58;29,15;40,54;1,1843
30/06/2004;22.00.00;1,2;1158,18;-200,0;7,3;765,73;74,0;2133,36;28,0;1416,19;538,49;28,27;37,8;1,055
30/06/2004;23.00.00;1,0;1110,74;-200,0;3,7;597,93;75,0;2080,45;-200,0;1551,6;527,3;26,87;49,83;1,2214
01/07/2004;00.00.00;1,2;1180,54;-200,0;2,9;585,1;95,0;2106,85;33,0;1560,09;470,73;26,82;53,67;1,432
01/07/2004;01.00.00;1,5;1303,25;-200,0;3,2;623,13;148,0;1940,6;43,0;1715,6;602,92;28,22;56,39;1,5309
01/07/2004;02.00.00;0,9;1119,02;-200,0;8,0;779,46;83,0;2101,45;98,0;1835,61;908,41;27,02;49,48;1,3263
01/07/2004;03.00.00;1,2;1157,26;-200,0;7,6;741,84;94,0;2029,69;-200,0;1885,23;1127,14;22,06;52,55;1,0293
01/07/2004;04.00.00;-200,0;1627,7;-200,0;5,8;706,34;-200,0;1851,88;49,0;1651,57;601,73;26,1;53,98;1,4037
01/07/2004;05.00.00;-200,0;1269,26;-200,0;6,0;708,55;123,0;2008,35;-200,0;1644,61;853,99;28,01;44,13;1,1496
01/07/2004;06.00.00;2,0;1362,18;-200,0;4,0;628,32;191,0;1890,11;94,0;1843,49;834,83;26,92;56,09;1,3841
01/07/2004;07.00.00;3,5;1886,89;-200,0;10,6;896,63;588,0;1466,5;136,0;2042,76;1089,76;29,37;44,33;1,2549
01/07/2004;08.00.00;2,5;1506,21;-200,0;9,2;833,87;402,0;1696,11;103,0;1900,19;824,03;32,42;41,47;1,44
01/07/2004;09.00.00;3,0;1645,38;-200,0;15,5;1049,03;354,0;1822,76;239,0;2384,04;1737,32;31,73;32,51;1,1604
01/07/2004;10.00.00;3,2;1637,86;-200,0;17,5;1156,73;272,0;1790,67;165,0;1901,12;1300,86;31,48;24,1;0,8719
01/07/2004;11.00.00;-200,0;1555,56;-200,0;5,6;648,26;150,0;1858,94;-200,0;1483,07;869,33;34,28;23,37;0,7758
01/07/2004;12.00.00;0,7;973,35;-200,0;7,5;735,58;202,0;1946,81;115,0;1662,03;950,4;33,51;23,76;0,8828
01/07/2004;13.00.00;-200,0;1046,91;-200,0;9,2;806,75;102,0;1977,48;-200,0;1304,03;537,22;34,06;23,17;0,7132
01/07/2004;14.00.00;1,0;1077,6;-200,0;6,4;706,08;191,0;1931,64;39,0;1278,19;534,65;33,81;18,81;0,74
01/07/2004;15.00.00;1,3;1155,36;-200,0;4,6;631,25;-200,0;1910,8;70,0;1524,52;789,18;37,81;19,13;0,932
01/07/2004;16.00.00;1,1;1087,35;-200,0;6,5;679,56;171,0;1965,8;-200,0;1392,64;876,39;32,88;16,32;0,5761
01/07/2004;17.00.00;-200,0;1458,89;-200,0;12,9;987,93;473,0;1667,23;95,0;1770,84;903,81;37,08;22,28;0,9874
01/07/2004;18.00.00;2,8;1572,08;-200,0;13,9;1008,97;182,0;1896,18;-200,0;2177,01;1472,51;34,22;30,08;1,1474
01/07/2004;19.00.00;4,0;1867,52;-200,0;14,2;1008,12;387,0;1654,52;128,0;1735,67;1160,2;29,39;29,92;0,8391
01/07/2004;20.00.00;3,6;1843,57;-200,0;18,7;1184,55;417,0;1775,88;197,0;2225,68;1498,12;31,72;34,78;1,1796
01/07/2004;21.00.00;-200,0;1481,11;-200,0;9,7;832,94;154,0;1934,8;115,0;1720,71;1001,82;25,49;36,86;0,8607
01/07/2004;22.00.00;1,1;1106,21;-200,0;3,2;599,83;170,0;2003,77;104,0;1755,02;893,81;29,64;32,53;1,0151
01/07/2004;23.00.00;1,1;1046,28;-200,0;5,0;635,0;66,0;2098,3;26,0;1409,15;535,99;28,96;39,17;1,1176
02/07/2004;00.00.00;0,9;1084,65;-200,0;5,6;667,33;90,0;2089,75;38,0;1441,25;511,98;25,01;50,34;1,1168
02/07/2004;01.00.00;0,7;1039,59;-200,0;2,7;563,35;87,0;2061,75;37,0;1537,29;497,51;25,65;50,87;1,138
02/07/2004;02.00.00;-200,0;1308,83;-200,0;2,0;561,93;113,0;2059,05;70,0;1740,08;728,7;28,81;54,92;1,4693
02/07/2004;03.00.00;1,3;1233,53;-200,0;3,5;615,81;125,0;2084,25;-200,0;1862,53;979,6;23,72;61,72;1,3874
02/07/2004;04.00.00;0,8;1078,99;-200,0;-200,0;679,7;134,0;2042,14;58,0;1569,23;620,0;22,78;56,35;1,1212
02/07/2004;05.00.00;1,8;1333,49;-200,0;9,5;848,45;127,0;2058,34;88,0;1943,53;909,07;28,37;57,22;1,6055
02/07/2004;06.00.00;1,6;1384,48;-200,0;5,6;722,06;148,0;2018,42;139,0;2150,73;1159,07;30,12;48,54;1,5722
02/07/2004;07.00.00;1,1;1164,29;-200,0;13,5;959,71;327,0;1851,57;135,0;1843,55;1061,52;27,24;40,3;1,0234
02/07/2004;08.00.00;1,9;1339,48;-200,0;4,8;670,62;-200,0;1700,13;200,0;2251,78;1476,69;30,46;39,7;1,2043
02/07/2004;09.00.00;2,4;1494,29;-200,0;15,6;1108,54;293,0;1821,49;-200,0;1605,56;814,06;32,41;31,31;1,0755
02/07/2004;10.00.00;2,6;1608,45;-200,0;9,5;849,71;337,0;1821,95;204,0;2318,65;1454,53;29,54;38,47;1,1404
02/07/2004;11.00.00;2,4;1464,95;-200,0;18,1;1167,32;168,0;1926,14;83,0;1625,43;900,26;31,26;30,29;1,0785
02/07/2004;12.00.00;2,1;1440,29;-200,0;3,3;593,61;321,0;1815,66;181,0;2153,53;1347,19;35,73;25,21;1,1154
02/07/2004;13.00.00;1,8;1354,25;-200,0;6,2;692,24;428,0;1671,7;54,0;1542,28;651,05;37,43;25,93;1,1957
02/07/2004;14.00.00;1,4;-200,0;-200,0;2,8;-200,0;246,0;-200,0;77,0;-200,0;-200,0;-200,0;-200,0;-200,0
02/07/2004;15.00.00;-200,0;1399,09;-200,0;4,6;627,53;231,0;1900,11;84,0;1456,7;884,34;32,97;20,28;0,7129
02/07/2004;16.00.00;1,9;-200,0;-200,0;3,4;-200,0;217,0;-200,0;-200,0;-200,0;-200,0;-200,0;-200,0;-200,0
02/07/2004;17.00.00;2,1;1307,77;-200,0;21,5;1298,73;-200,0;1926,11;177,0;1979,91;1402,94;33,0;19,71;0,6876
02/07/2004;18.00.00;-200,0;1687,29;-200,0;11,0;854,55;150,0;1941,92;176,0;1897,82;1381,22;32,6;21,05;0,67
02/07/2004;19.00.00;2,6;1459,37;-200,0;13,1;1016,64;249,0;1854,14;97,0;1761,7;829,4;32,92;29,64;1,1124
02/07/2004;20.00.00;2,5;1539,89;-200,0;11,9;944,33;-200,0;1868,37;150,0;2068,84;1255,54;34,13;31,82;1,2309
02/07/2004;21.00.00;0,9;1089,41;-200,0;5,2;674,53;-200,0;1836,96;100,0;1849,31;973,43;31,44;42,06;1,3807
02/07/2004;22.00.00;1,1;1179,26;-200,0;7,5;755,22;126,0;2096,9;55,0;1570,45;700,17;29,27;36,98;1,0787
02/07/2004;23.00.00;2,0;1396,13;-200,0;5,0;654,24;62,0;2038,65;38,0;1509,31;544,22;28,16;47,88;1,239
03/07/2004;00.00.00;1,0;1139,38;-200,0;5,1;647,42;33,0;2178,61;41,0;1592,41;542,14;26,32;48,82;1,1619
03/07/2004;01.00.00;1,1;1104,76;-200,0;2,4;589,42;213,0;1950,02;59,0;1508,73;676,97;26,56;42,7;1,0896
03/07/2004;02.00.00;1,6;1209,24;-200,0;6,6;689,39;114,0;1990,2;64,0;1452,82;625,83;19,88;48,08;0,7986
03/07/2004;03.00.00;-200,0;1237,81;-200,0;6,9;721,73;151,0;1977,42;54,0;1514,64;679,25;24,18;52,53;1,144
03/07/2004;04.00.00;1,0;1125,95;-200,0;4,6;649,0;92,0;2043,18;-200,0;1743,22;638,73;25,43;58,23;1,3681
03/07/2004;05.00.00;1,4;1162,65;-200,0;7,8;755,62;122,0;2004,98;61,0;1653,5;717,44;23,14;53,19;1,068
03/07/2004;06.00.00;1,0;1139,05;-200,0;7,4;746,71;139,0;1971,55;55,0;1525,26;646,3;27,01;42,17;1,0382
03/07/2004;07.00.00;2,1;1462,31;-200,0;4,9;643,16;-200,0;1854,94;99,0;1789,0;925,95;26,86;43,58;1,0332
03/07/2004;08.00.00;1,9;1480,02;-200,0;11,1;924,34;679,0;1368,61;104,0;2057,53;918,97;31,99;50,03;1,683
03/07/2004;09.00.00;3,5;1868,41;-200,0;9,9;856,74;189,0;1885,1;96,0;1884,84;893,01;32,92;35,84;1,3032
03/07/2004;10.00.00;1,7;1236,67;-200,0;9,5;817,72;232,0;1886,45;47,0;1408,0;594,14;30,14;28,99;0,8042
03/07/2004;11.00.00;1,2;1097,5;-200,0;10,1;831,35;195,0;1956,35;68,0;1612,4;757,29;31,97;28,74;0,9689
03/07/2004;12.00.00;1,4;1135,25;-200,0;3,2;569,63;132,0;1982,79;-200,0;1683,49;873,97;33,16;26,37;0,9623
03/07/2004;13.00.00;1,5;1117,2;-200,0;4,6;611,0;191,0;2018,66;92,0;1452,52;922,99;33,2;17,41;0,578
03/07/2004;14.00.00;0,8;1012,98;-200,0;3,7;589,23;56,0;2028,67;67,0;1479,32;708,41;34,99;20,41;0,8792
03/07/2004;15.00.00;1,0;1085,8;-200,0;3,7;571,0;247,0;1966,1;37,0;1206,03;430,3;33,26;15,64;0,5459
03/07/2004;16.00.00;1,4;1097,34;-200,0;4,1;613,0;-200,0;2003,91;-200,0;1376,19;663,13;32,34;21,49;0,7348
03/07/2004;17.00.00;2,7;-200,0;-200,0;7,7;-200,0;116,0;-200,0;-200,0;-200,0;-200,0;-200,0;-200,0;-200,0
03/07/2004;18.00.00;0,9;1028,88;-200,0;12,6;963,27;222,0;1968,38;212,0;2206,1;1589,88;34,57;24,97;0,8782
03/07/2004;19.00.00;3,1;1582,26;-200,0;13,3;999,56;-200,0;1943,04;114,0;1675,02;1098,61;30,66;22,49;0,758
03/07/2004;20.00.00;1,9;1304,21;-200,0;10,7;861,16;307,0;1867,83;94,0;1612,88;857,06;32,86;26,52;0,8905
03/07/2004;21.00.00;1,3;1233,46;-200,0;8,6;803,28;187,0;1853,15;102,0;1768,39;1007,21;28,51;40,01;1,1079
03/07/2004;22.00.00;0,9;1088,74;-200,0;-200,0;903,1;102,0;2082,15;51,0;1474,17;634,97;28,99;39,54;1,1658
03/07/2004;23.00.00;0,9;1127,24;-200,0;3,8;622,61;40,0;2090,01;59,0;1643,82;707,33;28,91;45,71;1,3808
04/07/2004;00.00.00;1,2;1174,59;-200,0;4,7;619,53;57,0;2207,27;26,0;1396,9;525,4;26,21;46,43;1,0901
04/07/2004;01.00.00;-200,0;1091,6;-200,0;4,9;678,52;67,0;2117,76;41,0;1615,45;649,22;26,39;55,32;1,3546
04/07/2004;02.00.00;-200,0;1316,41;-200,0;7,2;740,07;124,0;2052,24;50,0;1531,26;559,91;23,95;49,58;1,1449
04/07/2004;03.00.00;1,3;1202,97;-200,0;4,9;671,93;-200,0;2023,29;20,0;1434,27;400,3;24,42;52,56;1,1943
04/07/2004;04.00.00;1,2;1142,15;-200,0;3,1;587,12;105,0;2010,07;39,0;1553,13;576,26;24,57;56,55;1,3045
04/07/2004;05.00.00;-200,0;1139,22;-200,0;5,1;679,98;227,0;1937,87;43,0;1507,99;541,95;23,99;56,69;1,1802
04/07/2004;06.00.00;2,0;1370,56;-200,0;-200,0;692,98;74,0;2016,77;61,0;1514,71;701,02;25,92;45,34;1,0806
04/07/2004;07.00.00;-200,0;1588,93;-200,0;9,4;845,1;142,0;1977,43;70,0;1664,7;799,01;24,21;54,03;1,1818
04/07/2004;08.00.00;-200,0;1158,99;-200,0;6,3;712,52;-200,0;1997,63;107,0;1739,18;1022,96;27,54;41,46;1,0568
04/07/2004;09.00.00;1,5;1183,61;-200,0;14,2;1004,08;437,0;1722,96;91,0;1569,44;831,37;29,24;30,02;0,7907
04/07/2004;10.00.00;-200,0;1311,93;-200,0;7,0;723,54;344,0;1835,5;113,0;1730,21;932,64;30,59;32,42;0,9907
04/07/2004;11.00.00;1,9;1323,86;-200,0;7,5;749,01;238,0;1901,45;121,0;1765,41;1055,38;31,83;24,32;0,8823
04/07/2004;12.00.00;1,1;1038,33;-200,0;5,3;669,01;133,0;2017,87;34,0;1357,86;587,12;33,22;24,68;0,8932
04/07/2004;13.00.00;0,9;1009,21;-200,0;4,7;628,86;-200,0;2024,09;52,0;1422,22;610,1;35,1;19,43;0,8424
04/07/2004;14.00.00;1,1;1064,48;-200,0;4,6;635,92;75,0;2059,43;69,0;1433,26;697,85;36,39;18,22;0,7847
04/07/2004;15.00.00;1,8;1261,65;-200,0;5,3;623,89;121,0;2042,84;38,0;1130,58;609,67;33,51;12,68;0,4261
04/07/2004;16.00.00;1,2;1126,76;-200,0;9,5;827,59;-200,0;2091,15;57,0;1448,44;734,68;32,23;22,8;0,8443
04/07/2004;17.00.00;-200,0;1001,11;-200,0;2,7;549,82;80,0;2044,38;59,0;1223,4;678,83;32,06;13,87;0,4808
04/07/2004;18.00.00;-200,0;1288,79;-200,0;9,5;814,18;-200,0;1956,19;63,0;1401,8;742,08;32,37;16,96;0,633
04/07/2004;19.00.00;2,5;1464,17;-200,0;8,7;791,16;480,0;1680,43;69,0;1501,34;708,01;31,61;28,07;0,8758
04/07/2004;20.00.00;-200,0;1260,28;-200,0;7,0;751,89;-200,0;1978,62;38,0;1469,78;545,19;29,57;38,59;1,196
04/07/2004;21.00.00;-200,0;1303,67;-200,0;2,2;556,83;105,0;1903,05;64,0;1444,58;696,72;27,22;33,47;0,9259
04/07/2004;22.00.00;1,4;1224,1;-200,0;4,7;657,28;88,0;2100,68;48,0;1580,95;591,05;27,61;43,4;1,1701
04/07/2004;23.00.00;0,9;1072,33;-200,0;3,1;564,54;90,0;2066,52;-200,0;1414,99;428,99;27,67;49,6;1,2854
05/07/2004;00.00.00;1,1;-200,0;-200,0;-200,0;-200,0;135,0;-200,0;-200,0;-200,0;-200,0;-200,0;-200,0;-200,0
05/07/2004;01.00.00;0,6;1024,84;-200,0;4,3;645,24;57,0;2103,61;-200,0;1451,91;547,77;24,4;49,22;1,1263
05/07/2004;02.00.00;1,9;1357,99;-200,0;4,2;615,12;101,0;2051,32;64,0;1587,05;691,7;24,19;47,12;1,0483
05/07/2004;03.00.00;1,2;1114,28;-200,0;2,7;554,54;-200,0;2053,59;53,0;1396,78;687,52;22,99;42,15;0,8962
05/07/2004;04.00.00;1,2;1177,99;-200,0;6,0;692,74;155,0;1970,4;84,0;1702,99;804,28;24,95;51,26;1,2279
05/07/2004;05.00.00;1,3;1178,58;-200,0;8,0;792,47;222,0;1879,13;65,0;1641,72;674,56;23,82;56,67;1,1881
05/07/2004;06.00.00;2,1;1464,67;-200,0;6,3;713,79;274,0;1804,98;64,0;1565,19;718,29;27,46;42,3;1,0593
05/07/2004;07.00.00;1,6;1223,99;-200,0;12,0;922,7;288,0;1872,82;102,0;1753,53;971,77;23,77;47,69;1,0227
05/07/2004;08.00.00;2,1;1385,32;-200,0;15,0;1061,22;630,0;1509,95;-200,0;2378,57;1755,54;27,83;35,1;0,9299
05/07/2004;09.00.00;-200,0;1641,28;-200,0;21,6;1334,59;586,0;1524,39;313,0;2775,0;2019,85;30,45;35,72;1,1503
05/07/2004;10.00.00;-200,0;1316,62;-200,0;10,7;888,68;422,0;1742,32;-200,0;1627,94;805,4;31,51;34,07;1,0681
05/07/2004;11.00.00;2,1;1376,26;-200,0;11,0;897,81;-200,0;1948,5;121,0;1903,19;1076,4;37,73;22,89;1,0954
05/07/2004;12.00.00;1,3;1155,99;-200,0;6,1;745,34;-200,0;1914,81;54,0;1537,91;571,47;34,08;23,32;0,9478
05/07/2004;13.00.00;2,6;1426,97;-200,0;13,2;937,53;248,0;1823,09;55,0;1388,69;731,8;32,17;17,53;0,5979
05/07/2004;14.00.00;-200,0;1334,62;-200,0;4,9;634,38;110,0;2040,09;-200,0;1459,62;721,06;34,49;21,33;0,8254
05/07/2004;15.00.00;-200,0;1248,45;-200,0;4,4;602,13;139,0;2074,38;75,0;1437,64;757,65;31,29;18,37;0,5595
05/07/2004;16.00.00;1,2;-200,0;-200,0;6,2;-200,0;297,0;-200,0;57,0;-200,0;-200,0;-200,0;-200,0;-200,0
05/07/2004;17.00.00;4,6;2040,0;-200,0;6,8;713,27;-200,0;1781,56;-200,0;1762,92;1010,87;32,51;27,4;0,9312
05/07/2004;18.00.00;2,3;1437,22;-200,0;7,8;783,68;320,0;1865,26;202,0;2239,47;1464,27;35,21;25,78;1,1044
05/07/2004;19.00.00;2,3;1394,03;-200,0;18,7;1175,9;-200,0;1410,07;198,0;2005,5;1483,4;31,25;22,74;0,7347
05/07/2004;20.00.00;-200,0;1670,74;-200,0;3,7;601,63;260,0;1901,71;98,0;1574,35;876,76;30,91;30,1;0,8936
05/07/2004;21.00.00;1,9;1382,71;-200,0;-200,0;704,5;97,0;1988,62;77,0;1593,68;862,15;28,58;34,81;0,9905
05/07/2004;22.00.00;0,9;1174,43;-200,0;3,0;581,59;82,0;2109,6;76,0;1848,04;777,5;32,03;40,25;1,4042
05/07/2004;23.00.00;2,3;1527,43;-200,0;4,2;650,14;132,0;1932,69;75,0;1770,19;794,0;26,7;56,81;1,4378
06/07/2004;00.00.00;-200,0;1360,46;-200,0;1,7;568,27;-200,0;2070,36;30,0;1643,68;617,74;30,01;49,74;1,5837
06/07/2004;01.00.00;1,1;1213,1;-200,0;5,3;663,78;94,0;2035,93;54,0;1551,57;699,13;27,18;40,56;1,0935
06/07/2004;02.00.00;2,8;1674,64;-200,0;-200,0;687,07;-200,0;1827,67;69,0;1617,17;878,91;26,01;49,83;1,1618
06/07/2004;03.00.00;1,7;1269,98;-200,0;2,8;559,15;-200,0;2070,97;38,0;1418,22;553,88;25,61;43,49;1,0091
06/07/2004;04.00.00;1,4;1141,67;-200,0;6,2;709,33;123,0;2036,3;91,0;1770,94;901,6;25,84;50,89;1,2394
06/07/2004;05.00.00;3,4;1724,17;-200,0;7,8;761,56;-200,0;1833,04;142,0;1736,83;1172,96;21,69;40,81;0,6947
06/07/2004;06.00.00;2,2;1448,06;-200,0;11,1;885,05;165,0;1943,41;-200,0;1816,55;976,86;25,78;43,52;1,0641
06/07/2004;07.00.00;2,9;1609,82;-200,0;6,2;707,29;349,0;1743,71;145,0;1970,7;1183,89;29,07;36,55;0,9665
06/07/2004;08.00.00;2,6;1554,75;-200,0;7,8;782,6;278,0;1815,82;125,0;1929,44;1058,32;28,49;41,73;1,2175
06/07/2004;09.00.00;3,1;1694,42;-200,0;25,6;1481,05;250,0;1822,75;-200,0;1824,7;1194,47;27,07;35,16;0,954
06/07/2004;10.00.00;2,1;1329,13;-200,0;8,1;795,3;202,0;1920,07;100,0;1744,3;879,37;31,07;32,01;1,0545
06/07/2004;11.00.00;3,0;1703,15;-200,0;6,6;720,5;201,0;1977,77;68,0;1522,23;679,55;35,79;25,63;1,0238
06/07/2004;12.00.00;0,9;1061,95;-200,0;-200,0;771,46;126,0;1941,07;71,0;1357,06;776,44;35,91;15,45;0,6502
06/07/2004;13.00.00;2,4;1448,82;-200,0;4,0;600,38;115,0;1903,93;78,0;1512,13;833,26;34,08;22,13;0,8098
06/07/2004;14.00.00;1,0;1119,18;-200,0;5,3;667,85;128,0;2056,88;-200,0;1583,35;665,0;36,61;27,38;1,1273
06/07/2004;15.00.00;1,3;1092,43;-200,0;7,9;744,91;128,0;1908,57;57,0;1433,64;598,68;34,14;19,2;0,7102
06/07/2004;16.00.00;-200,0;1149,03;-200,0;3,7;554,72;80,0;2046,82;80,0;1420,29;843,98;31,3;15,64;0,544
06/07/2004;17.00.00;1,6;1220,02;-200,0;7,4;718,22;79,0;2024,1;51,0;1249,01;643,32;32,36;12,42;0,4303
06/07/2004;18.00.00;3,3;1740,65;-200,0;8,1;771,41;392,0;1691,92;187,0;2029,96;1456,82;36,54;17,88;0,8398
06/07/2004;19.00.00;2,9;1576,02;-200,0;10,5;870,93;403,0;1671,83;167,0;1994,51;1221,09;31,83;28,42;0,9902
06/07/2004;20.00.00;2,0;1330,6;-200,0;18,8;1210,89;-200,0;1943,86;143,0;1917,11;1230,7;30,68;35,86;1,1625
06/07/2004;21.00.00;1,9;1319,58;-200,0;13,5;976,65;238,0;1862,86;129,0;1868,81;1081,23;29,28;36,46;0,9836
06/07/2004;22.00.00;-200,0;1153,81;-200,0;5,5;659,77;136,0;1975,03;77,0;1804,3;893,55;32,39;43,81;1,498
06/07/2004;23.00.00;0,9;1148,93;-200,0;4,8;661,24;-200,0;2084,22;55,0;1732,15;681,78;30,63;47,69;1,4446
07/07/2004;00.00.00;0,6;1053,77;-200,0;4,7;646,39;181,0;2025,85;49,0;1733,44;662,21;30,81;50,38;1,5883
07/07/2004;01.00.00;1,0;1116,89;-200,0;3,3;591,29;156,0;2041,84;49,0;1464,99;598,97;25,26;47,41;1,073
07/07/2004;02.00.00;1,4;1280,98;-200,0;5,2;654,31;-200,0;2065,97;45,0;1535,29;592,62;25,67;53,37;1,257
07/07/2004;03.00.00;1,3;1185,55;-200,0;3,2;577,37;102,0;2107,3;44,0;1422,21;589,72;21,87;48,88;0,9946
07/07/2004;04.00.00;2,6;1638,55;-200,0;4,0;628,76;73,0;2028,51;74,0;1793,4;771,15;28,03;52,59;1,4572
07/07/2004;05.00.00;3,8;1865,99;-200,0;6,2;693,93;257,0;1841,11;-200,0;1730,07;801,5;23,24;52,36;1,1414
07/07/2004;06.00.00;1,5;1233,4;-200,0;5,2;690,42;215,0;1923,83;-200,0;1847,11;893,71;26,8;56,24;1,3524
07/07/2004;07.00.00;1,7;1249,85;-200,0;6,7;694,77;401,0;1769,75;78,0;1516,48;850,34;25,21;37,57;0,8783
07/07/2004;08.00.00;4,4;2035,13;-200,0;11,0;862,34;158,0;1960,89;68,0;1575,71;775,42;27,43;42,18;1,1609
07/07/2004;09.00.00;3,4;1822,37;-200,0;22,4;1338,91;-200,0;1560,82;163,0;2119,67;1300,7;28,23;42,52;1,2473
07/07/2004;10.00.00;3,5;1811,6;-200,0;20,0;1270,35;234,0;1890,72;68,0;1617,19;749,0;29,98;34,25;0,9614
07/07/2004;11.00.00;-200,0;1311,61;-200,0;8,0;763,88;-200,0;1870,21;-200,0;1725,67;769,57;31,33;30,28;0,9699
07/07/2004;12.00.00;-200,0;1210,91;-200,0;-200,0;802,44;206,0;1888,09;143,0;1941,13;1190,29;32,34;25,33;0,9238
07/07/2004;13.00.00;-200,0;1137,89;-200,0;-200,0;655,06;148,0;2010,8;79,0;1615,06;755,82;35,9;26,02;1,0706
07/07/2004;14.00.00;1,6;1127,98;-200,0;2,7;543,24;102,0;2061,64;57,0;1229,68;644,51;32,53;12,29;0,3819
07/07/2004;15.00.00;1,3;1086,63;-200,0;4,0;564,83;155,0;2039,52;-200,0;1209,16;582,28;35,35;10,19;0,3334
07/07/2004;16.00.00;-200,0;1349,32;-200,0;5,7;668,4;108,0;1974,02;60,0;1336,09;705,41;37,17;17,7;0,7371
07/07/2004;17.00.00;1,3;993,94;-200,0;-200,0;801,36;352,0;1984,65;-200,0;1381,28;962,39;33,21;10,0;0,276
07/07/2004;18.00.00;-200,0;1885,1;-200,0;12,0;909,59;-200,0;1855,6;195,0;2123,97;1409,56;32,0;28,54;0,9681
07/07/2004;19.00.00;1,5;1190,57;-200,0;12,7;949,28;383,0;1831,65;163,0;2099,43;1195,32;31,94;32,22;1,1308
07/07/2004;20.00.00;-200,0;1493,61;-200,0;9,6;829,8;231,0;1913,33;121,0;1743,73;1050,16;33,56;28,29;0,9759
07/07/2004;21.00.00;1,6;1251,13;-200,0;9,0;820,11;212,0;1897,13;110,0;1753,62;913,8;30,29;33,26;1,0388
07/07/2004;22.00.00;-200,0;-200,0;-200,0;3,0;-200,0;73,0;-200,0;92,0;-200,0;-200,0;-200,0;-200,0;-200,0
07/07/2004;23.00.00;0,5;970,93;-200,0;5,3;692,24;58,0;2149,27;50,0;1576,95;593,25;28,37;44,38;1,2325
08/07/2004;00.00.00;-200,0;998,1;-200,0;3,1;587,03;209,0;1890,19;48,0;1408,09;620,89;24,19;48,45;0,9851
08/07/2004;01.00.00;1,1;1204,87;-200,0;9,4;842,76;130,0;2009,17;-200,0;1578,0;550,37;26,96;53,47;1,3932
08/07/2004;02.00.00;1,0;1144,18;-200,0;4,2;637,15;123,0;2021,39;35,0;1526,33;581,16;25,92;51,61;1,2484
08/07/2004;03.00.00;0,9;1046,14;-200,0;4,4;649,33;-200,0;2049,58;37,0;1528,5;551,93;24,31;57,8;1,2726
08/07/2004;04.00.00;2,2;1400,96;-200,0;4,7;655,21;154,0;1919,44;61,0;1594,01;767,5;23,42;54,7;1,1245
08/07/2004;05.00.00;-200,0;1031,96;-200,0;5,4;673,21;148,0;2110,37;55,0;1530,48;624,6;23,83;47,64;1,0308
08/07/2004;06.00.00;2,2;1524,42;-200,0;9,8;855,8;-200,0;2002,84;-200,0;1852,96;717,14;27,46;54,49;1,4651
08/07/2004;07.00.00;1,7;1327,01;-200,0;10,7;864,69;200,0;1960,81;92,0;1769,79;823,89;29,89;37,3;1,2448
08/07/2004;08.00.00;2,0;1356,47;-200,0;20,9;1291,78;-200,0;1457,4;125,0;1880,85;1207,61;27,36;39,29;1,0376
08/07/2004;09.00.00;2,4;-200,0;-200,0;17,2;-200,0;409,0;-200,0;88,0;-200,0;-200,0;-200,0;-200,0;-200,0
08/07/2004;10.00.00;2,9;1585,36;-200,0;11,2;902,7;405,0;1673,17;132,0;1686,71;1156,64;27,05;26,81;0,7102
08/07/2004;11.00.00;1,1;1147,62;-200,0;9,3;821,73;392,0;1739,84;113,0;1774,95;977,99;31,26;27,64;0,8929
08/07/2004;12.00.00;1,8;1325,94;-200,0;10,7;868,19;204,0;1951,72;78,0;1615,81;841,87;33,4;25,08;0,9207
08/07/2004;13.00.00;1,1;965,48;-200,0;8,0;757,61;106,0;2026,33;79,0;1298,17;690,8;32,44;15,2;0,4648
08/07/2004;14.00.00;1,1;1081,7;-200,0;6,5;673,59;228,0;1986,26;76,0;1339,76;763,1;32,89;17,34;0,6297
08/07/2004;15.00.00;1,6;1115,63;-200,0;-200,0;680,23;268,0;1853,49;-200,0;1414,98;798,85;33,59;16,31;0,5003
08/07/2004;16.00.00;3,2;1625,7;-200,0;4,1;571,27;68,0;2016,23;94,0;1471,75;905,31;35,34;14,94;0,5594
08/07/2004;17.00.00;1,4;1207,78;-200,0;23,6;1418,29;217,0;1897,97;145,0;1952,35;1271,12;33,88;31,01;1,1639
08/07/2004;18.00.00;3,4;1694,25;-200,0;15,2;1014,31;374,0;1668,3;229,0;2105,4;1560,85;28,99;18,54;0,5925
08/07/2004;19.00.00;-200,0;1489,61;-200,0;17,9;1169,72;339,0;1837,59;84,0;1572,67;878,54;28,19;31,11;0,927
08/07/2004;20.00.00;2,1;1382,24;-200,0;11,8;950,51;187,0;1915,67;154,0;1875,91;1232,55;30,01;28,47;0,8527
08/07/2004;21.00.00;2,6;1484,86;-200,0;3,3;585,72;137,0;1947,69;-200,0;1486,65;680,6;30,84;29,66;0,95
08/07/2004;22.00.00;0,9;1050,72;-200,0;4,5;610,38;52,0;2084,14;89,0;1585,29;853,97;23,14;40,26;0,8834
08/07/2004;23.00.00;0,7;969,75;-200,0;4,0;611,41;122,0;2032,9;-200,0;1433,68;585,71;26,43;47,33;1,1143
09/07/2004;00.00.00;-200,0;1168,7;-200,0;2,8;552,75;142,0;2011,36;49,0;1541,61;577,32;25,36;52,39;1,2514
09/07/2004;01.00.00;2,0;1437,23;-200,0;3,1;590,07;162,0;1876,78;51,0;1786,65;664,43;28,4;58,46;1,5845
09/07/2004;02.00.00;1,6;1303,89;-200,0;4,2;629,83;104,0;2075,05;58,0;1758,69;722,96;24,35;67,18;1,4824
09/07/2004;03.00.00;0,8;1094,28;-200,0;7,0;732,47;134,0;2058,21;101,0;1839,0;923,9;25,72;54,32;1,279
09/07/2004;04.00.00;1,1;1063,36;-200,0;9,3;832,37;212,0;1993,21;97,0;1799,73;913,08;25,4;49,13;1,179
09/07/2004;05.00.00;2,1;1406,1;-200,0;6,8;682,17;139,0;2040,57;121,0;1803,67;1035,68;21,36;52,92;1,0171
09/07/2004;06.00.00;3,1;1675,95;-200,0;6,3;696,84;130,0;1960,49;-200,0;1686,86;902,73;27,95;46,46;1,3054
09/07/2004;07.00.00;2,5;1577,37;-200,0;9,4;853,21;223,0;1891,93;61,0;1630,16;639,24;27,88;48,69;1,3338
09/07/2004;08.00.00;-200,0;1481,68;-200,0;14,9;1078,66;416,0;1734,48;202,0;2176,24;1503,05;29,67;33,24;0,9996
09/07/2004;09.00.00;5,3;2040,0;-200,0;15,7;1146,06;288,0;1654,67;111,0;2240,01;981,78;37,8;46,9;2,24
09/07/2004;10.00.00;2,3;1410,17;-200,0;13,0;949,34;353,0;1756,74;109,0;1628,08;951,06;27,08;34,68;0,8206
09/07/2004;11.00.00;1,5;1228,31;-200,0;6,8;726,81;115,0;2076,23;89,0;1537,74;906,29;35,9;17,64;0,817
09/07/2004;12.00.00;-200,0;1092,48;-200,0;8,3;781,72;149,0;2048,44;77,0;1448,64;810,14;32,91;18,79;0,6522
09/07/2004;13.00.00;-200,0;1021,67;-200,0;7,4;732,58;177,0;2091,94;-200,0;1611,24;833,57;34,85;23,55;0,9544
09/07/2004;14.00.00;3,8;1818,35;-200,0;5,0;632,09;144,0;1907,86;49,0;1433,66;671,93;34,69;23,56;0,9017
09/07/2004;15.00.00;2,3;1317,13;-200,0;2,9;559,76;96,0;2072,89;78,0;1336,49;748,11;34,1;10,7;0,3692
09/07/2004;16.00.00;-200,0;1111,42;-200,0;4,6;606,47;209,0;1951,21;68,0;1482,66;806,57;33,64;21,24;0,8076
09/07/2004;17.00.00;3,6;1760,12;-200,0;16,1;1093,45;253,0;1765,99;-200,0;2061,79;1651,59;34,94;10,0;0,4469
09/07/2004;18.00.00;3,2;1662,61;-200,0;6,5;705,32;137,0;1950,98;83,0;1496,44;856,64;30,45;21,89;0,7045
09/07/2004;19.00.00;3,5;1815,1;-200,0;23,3;1408,44;-200,0;1616,28;162,0;2011,87;1254,31;33,95;31,62;1,1584
09/07/2004;20.00.00;2,0;1330,97;-200,0;6,2;714,84;-200,0;1851,31;161,0;1942,3;1221,13;30,41;27,65;1,0387
09/07/2004;21.00.00;1,5;1219,28;-200,0;5,9;691,27;159,0;1941,15;78,0;1523,85;804,15;27,69;27,53;0,7963
09/07/2004;22.00.00;1,2;1170,45;-200,0;4,3;612,75;80,0;2063,2;47,0;1519,01;547,94;27,76;40,45;1,1328
09/07/2004;23.00.00;0,5;1011,2;-200,0;7,7;781,78;-200,0;2089,89;70,0;1663,85;824,03;29,96;41,04;1,2256
10/07/2004;00.00.00;0,8;1007,71;-200,0;3,6;620,98;77,0;2182,4;-200,0;1541,96;637,29;25,36;50,92;1,1652
10/07/2004;01.00.00;1,1;1130,8;-200,0;3,6;595,88;101,0;2103,07;35,0;1463,72;589,26;26,35;46,2;1,1337
10/07/2004;02.00.00;1,8;1287,85;-200,0;3,0;543,63;97,0;1984,69;30,0;1367,08;558,81;23,68;48,56;1,0915
10/07/2004;03.00.00;-200,0;1028,28;-200,0;5,7;657,66;152,0;1989,96;64,0;1493,5;794,49;26,48;42,94;1,0247
10/07/2004;04.00.00;1,7;1335,83;-200,0;4,1;606,37;146,0;1976,55;64,0;1780,88;659,59;26,51;53,28;1,2815
10/07/2004;05.00.00;0,7;1042,51;-200,0;5,1;671,53;55,0;2111,67;75,0;1721,91;791,56;29,33;49,83;1,4856
10/07/2004;06.00.00;2,3;1478,04;-200,0;5,8;661,33;109,0;1965,79;-200,0;1546,93;788,91;26,08;41,83;1,0392
10/07/2004;07.00.00;-200,0;-200,0;-200,0;11,8;-200,0;378,0;-200,0;-200,0;-200,0;-200,0;-200,0;-200,0;-200,0
10/07/2004;08.00.00;2,6;1636,52;-200,0;-200,0;1119,63;-200,0;1968,41;217,0;2282,36;1557,73;28,87;44,84;1,2251
10/07/2004;09.00.00;2,9;1642,99;-200,0;8,4;812,06;99,0;1974,03;213,0;2306,52;1550,87;32,56;33,96;1,2547
10/07/2004;10.00.00;2,2;1388,03;-200,0;7,2;746,33;505,0;1579,55;79,0;1538,0;774,51;29,82;31,72;0,9716
10/07/2004;11.00.00;1,5;1259,06;-200,0;5,2;672,68;189,0;1868,44;-200,0;2031,07;1193,75;33,96;27,41;0,9596
10/07/2004;12.00.00;-200,0;981,44;-200,0;6,3;657,69;103,0;1976,92;82,0;1405,31;726,81;33,11;16,29;0,5196
10/07/2004;13.00.00;-200,0;1200,85;-200,0;7,6;746,96;88,0;2090,57;39,0;1492,71;687,97;34,17;29,74;1,1095
10/07/2004;14.00.00;1,8;1292,04;-200,0;5,5;652,49;150,0;1991,05;67,0;1398,51;787,55;34,98;15,3;0,642
10/07/2004;15.00.00;1,0;1044,85;-200,0;2,1;518,62;-200,0;2021,46;61,0;1429,48;720,3;35,47;20,32;0,8547
10/07/2004;16.00.00;1,3;1151,64;-200,0;7,4;733,71;147,0;1981,88;60,0;1440,44;691,21;34,56;21,5;0,889
10/07/2004;17.00.00;1,0;1035,37;-200,0;4,5;621,29;171,0;1977,8;79,0;1502,36;758,3;34,73;18,75;0,6578
10/07/2004;18.00.00;3,0;1618,93;-200,0;7,8;781,96;155,0;1944,0;143,0;1944,2;1170,78;36,66;25,35;1,1054
10/07/2004;19.00.00;1,5;1296,77;-200,0;12,5;962,16;-200,0;1826,94;160,0;2031,03;1210,48;34,44;27,27;1,1201
10/07/2004;20.00.00;3,0;1598,71;-200,0;9,5;844,08;398,0;1705,36;91,0;1616,85;919,82;33,0;23,29;0,8971
10/07/2004;21.00.00;1,1;1091,93;-200,0;9,4;783,22;130,0;2022,02;64,0;1531,44;746,78;29,06;33,38;0,9804
10/07/2004;22.00.00;1,6;1277,79;-200,0;3,5;623,96;124,0;2020,19;42,0;1407,99;595,28;26,89;36,64;1,0553
10/07/2004;23.00.00;1,0;1088,52;-200,0;2,5;575,19;61,0;2003,34;40,0;1558,85;560,59;29,38;41,73;1,2551
11/07/2004;00.00.00;0,8;1049,28;-200,0;2,8;567,81;85,0;2125,37;50,0;1661,22;616,41;28,2;41,23;1,1864
11/07/2004;01.00.00;1,7;1344,32;-200,0;4,9;655,0;-200,0;2102,78;59,0;1779,29;698,68;28,6;56,24;1,5837
11/07/2004;02.00.00;1,0;1100,79;-200,0;4,6;646,87;74,0;2068,59;40,0;1620,23;518,05;23,94;60,42;1,2714
11/07/2004;03.00.00;0,9;1094,15;-200,0;4,1;612,94;99,0;2054,62;65,0;1660,63;831,88;24,52;57,91;1,2542
11/07/2004;04.00.00;1,5;1222,81;-200,0;-200,0;752,8;67,0;2098,74;56,0;1576,16;649,56;21,87;58,76;1,1411
11/07/2004;05.00.00;0,7;956,49;-200,0;7,0;745,02;115,0;2056,79;54,0;1554,66;601,96;24,87;48,89;1,1066
11/07/2004;06.00.00;0,5;979,56;-200,0;7,1;730,33;118,0;2093,5;108,0;1729,09;1000,42;28,44;44,57;1,154
11/07/2004;07.00.00;-200,0;1382,66;-200,0;4,4;601,44;163,0;1954,39;85,0;1554,46;805,7;26,55;40,13;0,9564
11/07/2004;08.00.00;1,4;1167,04;-200,0;-200,0;927,21;165,0;2027,18;93,0;1787,75;859,05;29,97;42,9;1,2841
11/07/2004;09.00.00;2,6;1551,95;-200,0;8,1;792,78;336,0;1732,81;127,0;1940,12;1067,22;29,6;36,16;1,1103
11/07/2004;10.00.00;1,6;1253,76;-200,0;6,0;697,25;114,0;2032,03;53,0;1472,07;625,58;31,92;29,98;1,0084
11/07/2004;11.00.00;0,9;1055,83;-200,0;4,2;595,0;140,0;1951,59;57,0;1524,86;645,39;30,19;32,5;0,9929
11/07/2004;12.00.00;1,5;1219,55;-200,0;4,4;611,97;-200,0;2026,83;59,0;1410,19;675,57;33,69;24,32;0,8498
11/07/2004;13.00.00;1,0;924,68;-200,0;3,5;575,92;94,0;2009,75;-200,0;1317,56;780,26;28,33;15,24;0,4235
11/07/2004;14.00.00;-200,0;934,55;-200,0;4,5;608,59;118,0;2050,2;52,0;1253,34;638,07;34,44;14,23;0,6133
11/07/2004;15.00.00;-200,0;950,28;-200,0;3,9;588,07;-200,0;2080,96;32,0;1294,7;522,11;31,72;20,43;0,6882
11/07/2004;16.00.00;0,6;980,41;-200,0;4,9;671,66;27,0;2121,24;39,0;1397,01;628,54;37,22;22,85;0,9399
11/07/2004;17.00.00;1,6;1240,38;-200,0;7,2;713,82;78,0;2001,23;57,0;1436,53;581,53;35,87;22,19;0,857
11/07/2004;18.00.00;1,3;1176,26;-200,0;6,9;753,63;77,0;2001,41;-200,0;1809,11;905,94;34,45;31,78;1,2524
11/07/2004;19.00.00;1,9;1385,61;-200,0;6,4;720,43;222,0;1862,6;63,0;1758,48;742,8;35,52;34,2;1,3807
11/07/2004;20.00.00;1,6;1229,51;-200,0;3,5;580,23;183,0;2001,98;130,0;1753,04;1079,99;29,38;32,57;0,952
11/07/2004;21.00.00;-200,0;1047,27;-200,0;7,1;742,09;105,0;2063,56;67,0;1621,37;714,15;33,48;30,83;1,0965
11/07/2004;22.00.00;-200,0;981,55;-200,0;3,9;614,24;60,0;2077,11;48,0;1428,46;625,32;30,55;33,13;1,0613
11/07/2004;23.00.00;2,3;1371,69;-200,0;3,0;583,97;68,0;2040,4;36,0;1416,33;539,29;27,01;42,09;1,0691
12/07/2004;00.00.00;1,0;1164,46;-200,0;6,0;710,63;43,0;2129,32;28,0;1477,99;529,81;28,73;51,51;1,4493
12/07/2004;01.00.00;2,1;1476,75;-200,0;2,6;575,34;136,0;1990,16;50,0;1564,06;621,14;23,45;59,73;1,217
12/07/2004;02.00.00;1,8;1326,42;-200,0;4,8;655,2;108,0;1999,99;69,0;1657,19;792,05;23,51;54,49;1,1992
12/07/2004;03.00.00;1,2;1235,74;-200,0;3,6;599,55;81,0;2052,73;57,0;1657,76;650,97;23,77;58,86;1,2532
12/07/2004;04.00.00;-200,0;1260,23;-200,0;7,4;734,15;-200,0;2011,86;92,0;1743,76;860,65;24,1;51,17;1,1504
12/07/2004;05.00.00;1,6;1309,61;-200,0;2,7;573,11;145,0;2052,7;71,0;1605,96;782,95;23,55;53,71;1,0794
12/07/2004;06.00.00;3,4;-200,0;-200,0;10,5;-200,0;108,0;-200,0;109,0;-200,0;-200,0;-200,0;-200,0;-200,0
12/07/2004;07.00.00;3,1;1681,14;-200,0;14,5;1015,53;375,0;1777,63;116,0;1799,17;1024,27;26,97;34,11;0,9409
12/07/2004;08.00.00;2,2;1433,74;-200,0;10,1;833,32;578,0;1566,23;179,0;2100,69;1337,85;29,4;37,6;1,0094
12/07/2004;09.00.00;3,4;1704,12;-200,0;14,8;1037,13;-200,0;1633,86;210,0;2320,42;1524,86;28,85;39,76;1,0935
12/07/2004;10.00.00;3,1;1587,98;-200,0;7,8;727,06;428,0;1726,35;-200,0;1559,72;982,48;27,64;31,73;0,8704
12/07/2004;11.00.00;-200,0;1076,48;-200,0;9,5;826,27;615,0;1552,59;111,0;1642,69;1028,32;33,03;20,03;0,6492
12/07/2004;12.00.00;-200,0;1201,51;-200,0;9,3;784,17;-200,0;2003,12;107,0;1356,89;981,1;29,7;10,13;0,2961
12/07/2004;13.00.00;2,4;1398,76;-200,0;4,3;608,5;152,0;1916,97;142,0;1698,85;1135,79;34,18;17,59;0,689
12/07/2004;14.00.00;1,0;983,68;-200,0;3,5;564,5;-200,0;2115,79;67,0;1361,77;802,43;32,08;17,27;0,5771
12/07/2004;15.00.00;1,1;1083,22;-200,0;8,5;799,44;252,0;1923,86;33,0;1214,86;442,8;38,97;12,59;0,6386
12/07/2004;16.00.00;2,3;1361,76;-200,0;13,3;981,07;170,0;1915,63;41,0;1351,65;639,87;36,64;18,34;0,7564
12/07/2004;17.00.00;-200,0;1208,82;-200,0;10,7;859,38;168,0;1937,44;-200,0;1485,06;789,16;34,53;21,96;0,7364
12/07/2004;18.00.00;1,9;1339,78;-200,0;15,4;1067,83;295,0;1966,63;207,0;2300,74;1533,65;36,05;25,64;1,1217
12/07/2004;19.00.00;-200,0;1877,67;-200,0;12,4;912,17;662,0;1431,72;-200,0;2459,83;2165,57;30,8;14,23;0,4998
12/07/2004;20.00.00;3,1;1687,37;-200,0;12,8;955,62;381,0;1706,5;116,0;1765,91;1093,05;32,37;23,78;0,9452
12/07/2004;21.00.00;1,8;1284,14;-200,0;9,0;812,93;252,0;1907,28;90,0;1576,86;863,21;30,39;33,49;0,9279
12/07/2004;22.00.00;1,9;1355,29;-200,0;4,7;655,19;210,0;1840,0;25,0;1475,93;495,01;29,22;42,53;1,2752
12/07/2004;23.00.00;1,6;1356,44;-200,0;6,6;724,16;122,0;1976,31;56,0;1680,68;624,73;30,04;46,46;1,3145
13/07/2004;00.00.00;1,0;1190,54;-200,0;4,1;658,8;127,0;2001,71;-200,0;1777,68;609,33;27,93;50,09;1,4454
13/07/2004;01.00.00;2,2;1491,54;-200,0;4,8;622,36;87,0;2087,56;45,0;1521,73;685,65;26,24;48,68;1,2261
13/07/2004;02.00.00;2,1;-200,0;-200,0;4,4;-200,0;41,0;-200,0;40,0;-200,0;-200,0;-200,0;-200,0;-200,0
13/07/2004;03.00.00;0,6;994,1;-200,0;5,1;667,78;125,0;2012,68;53,0;1516,39;559,1;23,08;49,36;1,0581
13/07/2004;04.00.00;1,0;1182,1;-200,0;9,1;849,76;-200,0;2066,0;42,0;1563,25;550,62;24,92;56,23;1,2614
13/07/2004;05.00.00;0,7;1050,69;-200,0;6,7;729,21;214,0;1948,96;-200,0;1520,19;642,23;25,85;45,99;1,1259
13/07/2004;06.00.00;1,6;1267,69;-200,0;8,3;810,56;92,0;2005,78;58,0;1560,51;647,33;24,2;51,98;1,1544
13/07/2004;07.00.00;1,5;1346,79;-200,0;11,6;971,23;400,0;1746,34;87,0;1922,96;881,88;32,32;45,04;1,6361
13/07/2004;08.00.00;2,2;1477,59;-200,0;-200,0;964,34;417,0;1787,5;109,0;1959,82;999,36;31,74;39,44;1,4052
13/07/2004;09.00.00;4,4;1966,91;-200,0;8,4;774,74;449,0;1637,22;191,0;2169,79;1470,71;31,2;31,72;0,9975
13/07/2004;10.00.00;-200,0;1095,75;-200,0;20,0;1229,09;374,0;1719,27;85,0;1533,02;840,16;31,44;23,57;0,8258
13/07/2004;11.00.00;1,9;1285,23;-200,0;12,1;901,66;200,0;1937,74;89,0;1532,63;875,12;32,07;22,77;0,7903
13/07/2004;12.00.00;1,7;1187,38;-200,0;10,9;848,76;144,0;1917,82;54,0;1348,54;619,77;31,63;20,63;0,6129
13/07/2004;13.00.00;1,4;1080,87;-200,0;4,1;569,06;240,0;1926,85;-200,0;1174,07;620,15;34,48;10,0;0,3507
13/07/2004;14.00.00;1,5;1156,07;-200,0;10,0;823,43;175,0;2016,62;46,0;1405,64;626,42;35,34;16,63;0,7873
13/07/2004;15.00.00;0,6;986,92;-200,0;11,9;928,33;175,0;1947,12;87,0;1564,02;858,3;32,51;21,63;0,7692
13/07/2004;16.00.00;1,1;1164,61;-200,0;9,5;816,21;-200,0;2031,25;68,0;1478,09;788,06;35,49;20,45;0,8813
13/07/2004;17.00.00;3,4;1735,14;-200,0;16,6;1073,86;236,0;1908,67;78,0;1469,49;832,0;34,02;16,93;0,6264
13/07/2004;18.00.00;1,7;1153,7;-200,0;16,8;1099,27;328,0;1721,65;100,0;1559,22;927,5;29,72;22,51;0,6459
13/07/2004;19.00.00;-200,0;2040,0;-200,0;10,2;848,78;182,0;1822,55;101,0;1577,27;1030,88;30,78;23,22;0,7365
13/07/2004;20.00.00;1,5;1251,24;-200,0;14,5;1021,85;176,0;1977,39;105,0;1720,08;906,72;30,46;31,09;0,9544
13/07/2004;21.00.00;1,0;1168,8;-200,0;5,4;686,49;-200,0;1975,35;56,0;1691,64;712,66;33,77;42,7;1,5112
13/07/2004;22.00.00;0,9;1077,77;-200,0;4,0;595,93;51,0;2067,86;-200,0;1586,1;630,93;29,82;44,51;1,2873
13/07/2004;23.00.00;1,6;1245,45;-200,0;4,4;645,75;78,0;2076,09;36,0;1488,78;582,69;24,83;46,61;1,0981
14/07/2004;00.00.00;0,9;1103,23;-200,0;4,1;618,56;55,0;2095,41;35,0;1474,48;494,89;27,44;45,26;1,175
14/07/2004;01.00.00;1,3;1181,67;-200,0;5,1;638,02;88,0;2076,42;73,0;1636,95;705,01;22,58;54,34;1,0913
14/07/2004;02.00.00;1,2;1214,48;-200,0;-200,0;552,3;113,0;2010,94;50,0;1491,14;615,76;27,34;43,95;1,1647
14/07/2004;03.00.00;1,3;1207,61;-200,0;4,9;647,16;55,0;2098,32;-200,0;1565,83;667,14;24,06;51,74;1,1452
14/07/2004;04.00.00;-200,0;1510,35;-200,0;7,1;751,69;155,0;2085,37;98,0;1850,34;850,23;24,98;55,31;1,3295
14/07/2004;05.00.00;2,0;1444,11;-200,0;8,5;850,11;127,0;1930,66;47,0;1637,05;597,41;28,32;54,29;1,4488
14/07/2004;06.00.00;1,2;1110,72;-200,0;10,5;867,4;73,0;1953,24;74,0;1648,58;795,62;23,89;51,08;1,133
14/07/2004;07.00.00;2,1;1345,15;-200,0;11,9;940,52;233,0;1900,33;73,0;1618,51;744,3;24,71;45,47;1,0676
14/07/2004;08.00.00;5,5;2040,0;-200,0;-200,0;945,36;452,0;1537,49;162,0;1971,14;1345,73;27,54;38,68;1,0754
14/07/2004;09.00.00;3,3;1786,17;-200,0;17,4;1151,66;327,0;1747,26;193,0;2099,15;1417,18;32,08;37,69;1,2086
14/07/2004;10.00.00;1,4;1126,05;-200,0;9,8;847,77;237,0;1872,42;56,0;1340,12;675,34;28,26;25,58;0,7186
14/07/2004;11.00.00;1,1;1062,72;-200,0;11,3;888,46;215,0;1968,47;-200,0;1538,68;1013,13;26,84;21,78;0,6414
14/07/2004;12.00.00;2,2;1358,24;-200,0;8,0;782,8;135,0;2049,25;84,0;1562,14;767,61;32,63;22,58;0,7845
14/07/2004;13.00.00;-200,0;1290,67;-200,0;6,1;684,82;133,0;1965,43;71,0;1546,27;751,51;35,43;20,28;0,8457
14/07/2004;14.00.00;1,0;957,19;-200,0;4,3;617,76;78,0;2128,84;44,0;1169,42;559,51;37,23;10,0;0,4836
14/07/2004;15.00.00;1,8;1251,82;-200,0;8,6;772,58;105,0;2041,16;82,0;1429,03;874,22;34,07;19,28;0,676
14/07/2004;16.00.00;2,6;1506,22;-200,0;7,9;749,6;337,0;1792,85;123,0;1743,92;1048,83;34,01;21,48;0,8992
14/07/2004;17.00.00;3,3;1707,36;-200,0;19,7;1237,26;243,0;1845,62;87,0;1544,54;859,19;36,64;19,03;0,8454
14/07/2004;18.00.00;4,6;2031,63;-200,0;15,2;1060,98;369,0;1645,95;124,0;1801,62;1046,11;29,8;34,14;1,051
14/07/2004;19.00.00;-200,0;1765,13;-200,0;17,7;1123,17;288,0;1814,21;157,0;1736,55;1301,26;31,72;22,59;0,6691
14/07/2004;20.00.00;2,4;1444,68;-200,0;6,8;725,43;266,0;1826,75;116,0;1764,91;1005,89;31,67;28,54;0,9877
14/07/2004;21.00.00;1,6;1209,17;-200,0;8,9;797,54;-200,0;2011,76;-200,0;1623,78;772,86;30,9;33,02;1,0776
14/07/2004;22.00.00;-200,0;1153,89;-200,0;4,4;645,71;162,0;2046,94;79,0;1602,38;834,66;27,69;39,28;1,1317
14/07/2004;23.00.00;0,8;979,34;-200,0;-200,0;660,61;135,0;2031,37;45,0;1480,2;641,95;27,57;42,36;1,11
15/07/2004;00.00.00;0,9;1006,11;-200,0;4,4;605,35;66,0;2052,93;49,0;1348,51;583,05;21,49;40,69;0,7173
15/07/2004;01.00.00;1,8;1299,32;-200,0;6,2;683,53;-200,0;2043,17;94,0;1676,46;862,44;24,35;47,86;1,0283
15/07/2004;02.00.00;0,7;1031,76;-200,0;10,6;902,33;-200,0;2132,5;-200,0;1769,01;952,61;26,08;51,9;1,2442
15/07/2004;03.00.00;0,8;1052,81;-200,0;3,9;619,0;-200,0;1990,63;43,0;1592,36;607,57;23,03;59,14;1,1621
15/07/2004;04.00.00;1,9;1385,02;-200,0;8,2;841,13;164,0;1975,33;-200,0;2007,4;1181,51;25,29;63,4;1,5481
15/07/2004;05.00.00;-200,0;1277,61;-200,0;8,3;825,24;148,0;1995,7;112,0;2037,45;1049,29;26,56;57,27;1,5056
15/07/2004;06.00.00;0,9;1067,4;-200,0;16,4;1102,65;295,0;1866,66;-200,0;1843,54;1278,29;25,78;43,85;1,0451
15/07/2004;07.00.00;2,3;1476,53;-200,0;14,1;995,94;351,0;1849,68;-200,0;1592,46;882,53;27,84;40,52;1,0734
15/07/2004;08.00.00;2,8;1616,91;-200,0;18,0;1156,08;-200,0;1866,09;169,0;1931,83;1439,72;26,78;38,86;0,8978
15/07/2004;09.00.00;2,6;1514,47;-200,0;19,9;1260,67;388,0;1692,84;140,0;2016,88;1099,7;29,59;43,92;1,3384
15/07/2004;10.00.00;3,0;1642,84;-200,0;15,6;1053,31;-200,0;1734,36;127,0;1822,06;1070,64;32,51;29,52;1,1081
15/07/2004;11.00.00;1,1;1040,26;-200,0;14,0;979,59;133,0;2048,66;158,0;1828,51;1210,46;32,81;19,36;0,6517
15/07/2004;12.00.00;1,6;1272,25;-200,0;5,0;647,86;150,0;1955,58;80,0;1438,84;802,53;32,36;19,77;0,6754
15/07/2004;13.00.00;1,4;1196,12;-200,0;5,4;648,17;240,0;1928,16;-200,0;1394,05;614,81;34,78;23,2;0,9299
15/07/2004;14.00.00;-200,0;1205,0;-200,0;11,2;884,0;216,0;1927,9;58,0;1500,44;688,37;36,26;21,06;0,9769
15/07/2004;15.00.00;-200,0;979,24;-200,0;2,7;540,49;192,0;2045,0;52,0;1315,21;654,89;30,9;16,0;0,5198
15/07/2004;16.00.00;1,3;1143,36;-200,0;6,2;685,46;212,0;1940,96;127,0;1772,21;1049,03;37,15;21,03;0,9408
15/07/2004;17.00.00;2,0;1277,51;-200,0;9,4;794,34;246,0;1896,56;76,0;1293,56;815,94;33,66;10,0;0,3781
15/07/2004;18.00.00;3,2;1640,35;-200,0;-200,0;910,38;256,0;1928,85;121,0;1753,27;1059,86;34,39;22,79;0,8029
15/07/2004;19.00.00;5,6;2040,0;-200,0;25,7;1473,17;-200,0;1575,59;138,0;1983,9;1145,94;34,89;30,3;1,1213
15/07/2004;20.00.00;3,3;1723,03;-200,0;14,3;1017,17;158,0;1836,41;220,0;2161,51;1578,02;28,55;26,18;0,6938
15/07/2004;21.00.00;2,1;1342,15;-200,0;6,8;728,53;149,0;1961,95;120,0;1809,76;963,47;28,58;30,82;0,9165
15/07/2004;22.00.00;2,0;1347,1;-200,0;3,9;602,33;179,0;1927,02;-200,0;1380,37;740,68;28,13;30,33;0,8143
15/07/2004;23.00.00;1,0;1140,3;-200,0;4,4;659,22;-200,0;2124,75;49,0;1536,36;652,18;25,93;51,95;1,2339
16/07/2004;00.00.00;1,8;1272,88;-200,0;6,0;718,47;104,0;2003,62;-200,0;1685,42;673,58;29,93;44,13;1,3071
16/07/2004;01.00.00;1,7;1318,86;-200,0;4,5;631,17;78,0;1989,71;50,0;1551,37;575,92;23,95;51,8;1,1172
16/07/2004;02.00.00;1,0;1142,46;-200,0;4,5;632,9;132,0;2037,94;104,0;1923,07;892,4;24,05;55,41;1,2946
16/07/2004;03.00.00;2,6;1543,02;-200,0;4,0;633,93;63,0;2081,49;40,0;1653,31;605,35;25,4;60,57;1,4191
16/07/2004;04.00.00;1,6;1197,21;-200,0;6,6;714,45;230,0;1909,47;27,0;1395,29;540,22;22,76;51,62;1,0074
16/07/2004;05.00.00;3,3;1724,0;-200,0;7,2;742,11;96,0;1968,67;83,0;1689,27;863,34;24,87;47,9;1,0963
16/07/2004;06.00.00;2,0;1393,91;-200,0;5,9;694,08;109,0;2014,17;136,0;2011,29;1232,6;27,09;48,6;1,3457
16/07/2004;07.00.00;1,9;1411,96;-200,0;16,0;1102,56;471,0;1641,72;-200,0;1942,41;1023,19;26,83;50,43;1,2611
16/07/2004;08.00.00;2,3;1442,0;-200,0;27,4;1571,27;385,0;1733,33;84,0;1595,1;831,35;28,51;38,81;1,0274
16/07/2004;09.00.00;-200,0;1475,25;-200,0;14,7;1039,24;340,0;1757,92;-200,0;2064,35;1499,44;28,94;30,23;0,841
16/07/2004;10.00.00;1,9;1231,37;-200,0;12,3;927,55;557,0;1620,97;87,0;1457,75;857,06;28,26;22,64;0,6315
16/07/2004;11.00.00;-200,0;1561,78;-200,0;5,3;667,67;275,0;1879,3;-200,0;1421,04;708,17;33,14;19,9;0,7491
16/07/2004;12.00.00;1,6;1272,96;-200,0;9,0;831,24;137,0;2040,86;56,0;1630,29;756,89;37,04;26,6;1,2214
16/07/2004;13.00.00;0,8;1026,79;-200,0;7,4;723,69;141,0;2013,53;-200,0;1310,56;710,04;34,36;17,81;0,6301
16/07/2004;14.00.00;1,5;1137,14;-200,0;5,1;630,93;214,0;1852,46;70,0;1434,04;708,24;35,28;14,58;0,5384
16/07/2004;15.00.00;1,4;1149,14;-200,0;4,2;610,63;87,0;2049,42;52,0;1320,85;679,8;36,38;13,43;0,5552
16/07/2004;16.00.00;1,3;1101,91;-200,0;12,8;950,07;280,0;1911,52;47,0;1337,04;708,66;32,29;18,04;0,6536
16/07/2004;17.00.00;2,2;1275,33;-200,0;10,3;854,82;187,0;1979,48;212,0;2045,94;1505,98;37,73;18,22;0,7681
16/07/2004;18.00.00;2,6;1509,78;-200,0;8,8;769,26;228,0;1869,4;116,0;1596,07;1017,81;33,94;20,91;0,7529
16/07/2004;19.00.00;3,6;1854,21;-200,0;19,5;1237,19;596,0;1461,9;158,0;2119,23;1241,66;35,76;32,75;1,3199
16/07/2004;20.00.00;3,1;1716,39;-200,0;13,0;978,56;428,0;1615,47;217,0;2300,0;1491,39;29,82;38,04;1,1907
16/07/2004;21.00.00;-200,0;1377,71;-200,0;8,1;790,64;93,0;2066,6;-200,0;1758,82;933,03;33,63;26,96;1,02
16/07/2004;22.00.00;0,8;1035,99;-200,0;7,2;783,47;108,0;1997,11;105,0;1820,33;933,24;30,25;41,3;1,3161
16/07/2004;23.00.00;2,2;1447,31;-200,0;1,5;504,47;-200,0;2102,13;36,0;1502,02;624,93;28,6;40,12;1,1954
17/07/2004;00.00.00;-200,0;986,75;-200,0;1,8;521,07;-200,0;2056,84;-200,0;1570,35;689,97;26,92;46,5;1,1768
17/07/2004;01.00.00;1,0;1110,6;-200,0;6,5;725,71;165,0;1950,9;52,0;1573,04;668,29;25,16;52,15;1,1523
17/07/2004;02.00.00;0,8;1077,07;-200,0;4,0;658,46;114,0;2124,32;67,0;1713,02;722,58;27,56;51,34;1,3044
17/07/2004;03.00.00;1,4;1210,17;-200,0;3,9;601,25;74,0;2018,84;70,0;1654,21;753,27;25,27;54,17;1,1743
17/07/2004;04.00.00;1,3;1234,61;-200,0;3,0;542,29;166,0;1924,91;45,0;1412,3;619,47;21,22;55,77;1,0118
17/07/2004;05.00.00;1,3;1198,75;-200,0;6,0;694,4;126,0;2118,43;155,0;1976,98;1127,31;23,42;52,08;1,0774
17/07/2004;06.00.00;2,6;1592,21;-200,0;7,4;733,53;154,0;1974,62;36,0;1537,58;595,41;26,08;44,51;1,1282
17/07/2004;07.00.00;-200,0;1667,72;-200,0;15,5;1085,92;187,0;1923,38;76,0;1625,69;798,3;28,11;40,87;1,1196
17/07/2004;08.00.00;2,2;1408,27;-200,0;13,5;996,74;323,0;1814,16;162,0;1900,13;1326,82;28,58;32,48;0,8878
17/07/2004;09.00.00;3,3;1762,52;-200,0;10,5;869,69;-200,0;1750,21;143,0;1951,62;1113,8;32,43;30,75;1,0574
17/07/2004;10.00.00;3,5;1820,86;-200,0;10,7;869,9;85,0;1957,04;106,0;1708,2;1040,36;27,38;40,17;1,0043
17/07/2004;11.00.00;-200,0;1434,9;-200,0;10,4;847,27;168,0;2024,54;97,0;1571,96;860,76;32,77;22,06;0,8282
17/07/2004;12.00.00;1,3;1132,0;-200,0;8,2;751,64;-200,0;2018,68;51,0;1203,94;703,04;29,89;16,32;0,4531
17/07/2004;13.00.00;0,8;940,27;-200,0;6,8;694,76;144,0;2002,58;80,0;1566,65;783,0;35,84;21,03;0,8129
17/07/2004;14.00.00;-200,0;1192,91;-200,0;5,6;653,45;49,0;2156,19;56,0;1359,05;698,26;34,63;17,08;0,7043
17/07/2004;15.00.00;1,6;1167,55;-200,0;4,0;581,78;-200,0;1972,81;88,0;1540,66;909,56;35,83;16,04;0,6919
17/07/2004;16.00.00;1,0;1013,34;-200,0;3,7;593,03;129,0;2056,76;57,0;1462,05;697,15;33,09;24,67;0,7976
17/07/2004;17.00.00;1,7;1274,44;-200,0;4,7;645,64;227,0;1977,13;97,0;1675,35;882,09;36,88;22,17;1,0107
17/07/2004;18.00.00;2,2;1375,43;-200,0;11,9;934,96;134,0;1978,27;140,0;1766,16;1116,2;35,61;19,64;0,7657
17/07/2004;19.00.00;4,0;-200,0;-200,0;13,9;-200,0;181,0;-200,0;171,0;-200,0;-200,0;-200,0;-200,0;-200,0
17/07/2004;20.00.00;4,1;1980,19;-200,0;14,9;1036,59;116,0;1965,64;111,0;1673,09;931,23;31,02;27,84;0,9025
17/07/2004;21.00.00;2,4;1489,22;-200,0;8,3;811,03;173,0;1998,48;69,0;1735,85;756,38;31,15;39,39;1,3013
17/07/2004;22.00.00;1,1;1174,5;-200,0;6,6;722,84;-200,0;2076,71;40,0;1421,01;646,02;27,28;38,13;1,0195
17/07/2004;23.00.00;1,5;1280,18;-200,0;3,4;578,44;68,0;2065,34;49,0;1436,86;682,85;29,2;35,05;1,016
18/07/2004;00.00.00;1,2;1194,41;-200,0;4,3;621,92;34,0;2120,58;20,0;1590,94;535,36;29,74;47,52;1,4008
18/07/2004;01.00.00;0,9;1061,19;-200,0;2,3;579,83;-200,0;2128,38;44,0;1517,94;635,5;27,79;42,93;1,1753
18/07/2004;02.00.00;2,1;1528,89;-200,0;3,6;586,51;-200,0;2075,69;48,0;1620,54;531,09;23,69;63,34;1,348
18/07/2004;03.00.00;0,8;1126,39;-200,0;2,0;521,7;46,0;2202,44;83,0;1709,09;791,08;25,7;48,2;1,2446
18/07/2004;04.00.00;1,4;-200,0;-200,0;4,2;-200,0;68,0;-200,0;39,0;-200,0;-200,0;-200,0;-200,0;-200,0
18/07/2004;05.00.00;1,6;1233,2;-200,0;7,2;766,12;77,0;2064,97;55,0;1561,97;645,44;26,79;51,91;1,275
18/07/2004;06.00.00;1,2;1179,59;-200,0;5,4;661,16;-200,0;2077,68;63,0;1652,7;689,41;27,34;46,31;1,1915
18/07/2004;07.00.00;1,9;1309,06;-200,0;9,0;815,15;229,0;1886,3;-200,0;1431,96;676,28;23,74;42,58;0,9152
18/07/2004;08.00.00;2,7;1597,99;-200,0;9,6;824,18;164,0;1925,44;97,0;1646,5;902,48;26,36;41,8;1,1035
18/07/2004;09.00.00;2,1;1446,97;-200,0;7,0;758,15;271,0;1880,93;-200,0;1647,73;745,82;29,41;42,66;1,3246
18/07/2004;10.00.00;-200,0;1285,02;-200,0;6,5;723,12;234,0;1899,44;106,0;1741,53;907,94;30,67;34,21;1,0568
18/07/2004;11.00.00;1,4;1140,61;-200,0;8,4;772,83;201,0;1987,3;-200,0;1540,44;647,39;30,06;33,42;0,971
18/07/2004;12.00.00;-200,0;1160,54;-200,0;6,2;691,52;129,0;1999,52;62,0;1368,93;651,57;34,29;17,07;0,5983
18/07/2004;13.00.00;1,1;1131,61;-200,0;3,5;567,55;100,0;2081,51;-200,0;1347,07;651,25;34,81;21,03;0,8372
18/07/2004;14.00.00;1,0;1030,43;-200,0;2,5;503,43;57,0;2142,03;76,0;1548,77;781,04;34,42;18,42;0,8228
18/07/2004;15.00.00;1,1;986,86;-200,0;4,5;611,78;-200,0;2108,69;34,0;1306,84;528,81;33,46;18,79;0,7133
18/07/2004;16.00.00;1,8;1286,99;-200,0;3,6;600,05;84,0;1960,03;53,0;1443,23;713,13;36,9;24,52;0,9924
18/07/2004;17.00.00;0,8;973,85;-200,0;5,4;668,4;243,0;1951,75;45,0;1332,56;538,51;37,62;18,34;0,7953
18/07/2004;18.00.00;1,3;1162,35;-200,0;4,4;626,09;198,0;1999,22;-200,0;1510,15;856,83;32,54;20,27;0,6743
18/07/2004;19.00.00;4,2;2018,77;-200,0;12,7;935,06;202,0;1796,3;143,0;1855,81;1185,39;31,25;28,7;0,8909
18/07/2004;20.00.00;1,9;1235,06;-200,0;-200,0;720,79;331,0;1858,92;97,0;1584,95;938,91;32,25;21,48;0,7166
18/07/2004;21.00.00;1,1;1133,6;-200,0;5,4;660,22;99,0;2069,44;45,0;1482,66;632,22;29,26;33,85;1,0053
18/07/2004;22.00.00;1,4;1229,21;-200,0;2,8;566,36;78,0;2052,0;37,0;1444,21;604,85;28,4;39,02;1,1196
18/07/2004;23.00.00;0,7;1022,69;-200,0;2,9;610,5;143,0;2054,57;34,0;1584,82;567,45;28,96;39,43;1,1852
19/07/2004;00.00.00;0,5;960,61;-200,0;4,0;613,19;89,0;2132,57;34,0;1484,91;565,32;22,61;53,06;1,0926
19/07/2004;01.00.00;1,3;1217,51;-200,0;3,4;577,87;146,0;1913,23;53,0;1543,08;673,99;28,27;45,33;1,154
19/07/2004;02.00.00;0,9;1095,86;-200,0;4,4;628,24;-200,0;2047,91;109,0;1852,22;901,88;25,28;51,76;1,1576
19/07/2004;03.00.00;1,3;1229,08;-200,0;8,9;826,56;95,0;1968,17;50,0;1554,15;603,03;24,14;54,51;1,1876
19/07/2004;04.00.00;1,6;1343,03;-200,0;3,0;593,95;198,0;1899,97;121,0;1964,35;1153,74;24,95;59,2;1,3669
19/07/2004;05.00.00;1,6;1266,18;-200,0;6,9;751,86;133,0;2073,9;72,0;1659,43;724,3;25,56;50,58;1,2448
19/07/2004;06.00.00;1,0;1110,83;-200,0;5,7;711,54;455,0;1770,88;96,0;1682,9;837,7;22,96;52,46;1,0781
19/07/2004;07.00.00;2,3;1513,86;-200,0;18,0;1220,45;518,0;1593,37;131,0;2085,41;1084,24;30,45;47,55;1,4816
19/07/2004;08.00.00;3,5;1833,01;-200,0;13,4;981,44;-200,0;1607,04;92,0;1705,99;849,7;28,75;40,32;1,1553
19/07/2004;09.00.00;1,8;1279,24;-200,0;9,7;844,85;-200,0;1571,55;184,0;2014,27;1330,54;30,85;29,6;0,9279
19/07/2004;10.00.00;-200,0;1179,56;-200,0;10,1;821,7;215,0;1950,51;56,0;1417,43;714,01;33,16;23,22;0,839
19/07/2004;11.00.00;-200,0;1124,57;-200,0;9,2;828,54;416,0;1625,06;96,0;1587,67;887,11;30,42;26,58;0,8816
19/07/2004;12.00.00;-200,0;1360,04;-200,0;19,5;1194,22;113,0;1963,94;81,0;1502,18;770,25;34,44;19,61;0,7501
19/07/2004;13.00.00;0,7;960,53;-200,0;2,8;533,17;177,0;1986,29;43,0;1374,15;558,71;33,76;24,06;0,8911
19/07/2004;14.00.00;1,9;1303,18;-200,0;3,7;589,89;101,0;1923,06;67,0;1553,01;668,19;36,48;21,39;0,9135
19/07/2004;15.00.00;-200,0;1174,78;-200,0;9,2;811,72;188,0;1993,33;58,0;1360,54;667,44;30,71;16,13;0,5734
19/07/2004;16.00.00;1,4;1059,32;-200,0;3,6;549,74;318,0;1839,98;68,0;1289,7;772,77;34,59;11,87;0,405
19/07/2004;17.00.00;1,2;-200,0;-200,0;8,9;-200,0;273,0;-200,0;95,0;-200,0;-200,0;-200,0;-200,0;-200,0
19/07/2004;18.00.00;2,0;1237,82;-200,0;10,3;831,13;376,0;1740,28;114,0;1574,89;1020,89;34,36;17,23;0,6012
19/07/2004;19.00.00;-200,0;1856,05;-200,0;11,0;882,7;-200,0;1640,57;159,0;1851,99;1263,28;33,4;22,26;0,7778
19/07/2004;20.00.00;3,9;1896,88;-200,0;11,2;900,62;-200,0;1686,69;174,0;2009,08;1327,36;29,84;25,49;0,8044
19/07/2004;21.00.00;1,2;1102,54;-200,0;7,0;729,2;171,0;2001,13;-200,0;1611,72;826,82;28,54;34,36;1,0144
19/07/2004;22.00.00;-200,0;1313,63;-200,0;7,5;748,9;-200,0;1962,34;56,0;1601,48;698,6;28,45;45,56;1,2003
19/07/2004;23.00.00;1,4;1144,12;-200,0;6,5;733,22;114,0;2038,85;56,0;1526,73;617,79;25,67;44,02;0,9978
20/07/2004;00.00.00;1,0;-200,0;-200,0;4,5;-200,0;-200,0;-200,0;92,0;-200,0;-200,0;-200,0;-200,0;-200,0
20/07/2004;01.00.00;0,9;1071,85;-200,0;3,9;599,0;94,0;2076,05;46,0;1488,84;679,68;24,87;43,03;1,1011
20/07/2004;02.00.00;1,0;1048,57;-200,0;5,2;644,16;357,0;1849,49;31,0;1322,66;498,06;19,3;55,22;0,9779
20/07/2004;03.00.00;2,5;1508,84;-200,0;7,1;731,7;134,0;2051,27;45,0;1487,5;641,88;24,19;49,17;1,0693
20/07/2004;04.00.00;1,5;-200,0;-200,0;8,4;-200,0;248,0;-200,0;79,0;-200,0;-200,0;-200,0;-200,0;-200,0
20/07/2004;05.00.00;2,4;1458,64;-200,0;7,4;703,88;120,0;1956,25;117,0;1779,49;992,14;22,35;48,89;0,9722
20/07/2004;06.00.00;1,9;1395,15;-200,0;13,8;1030,86;236,0;1911,39;64,0;1582,17;828,35;23,93;51,99;1,1451
20/07/2004;07.00.00;2,0;1336,07;-200,0;8,6;794,09;218,0;1918,41;119,0;1831,59;996,96;27,66;43,29;1,137
20/07/2004;08.00.00;3,6;1837,86;-200,0;22,1;1329,08;308,0;1745,27;159,0;2041,75;1246,03;31,31;39,44;1,2419
20/07/2004;09.00.00;6,4;2040,0;-200,0;18,8;1214,98;-200,0;1396,01;124,0;1882,58;1073,99;30,57;37,5;1,1818
20/07/2004;10.00.00;1,9;1346,4;-200,0;8,7;813,74;198,0;2036,86;200,0;2203,66;1451,66;30,02;40,95;1,1974
20/07/2004;11.00.00;-200,0;1538,38;-200,0;8,8;825,39;-200,0;1971,51;131,0;1945,91;1021,43;33,35;30,51;1,2021
20/07/2004;12.00.00;1,7;1250,9;-200,0;7,6;763,86;-200,0;1817,52;85,0;1581,77;806,17;32,56;21,9;0,8386
20/07/2004;13.00.00;0,9;956,05;-200,0;5,9;677,56;121,0;2020,48;62,0;1406,2;745,18;32,88;19,5;0,7238
20/07/2004;14.00.00;0,8;1012,95;-200,0;5,5;652,83;121,0;2016,72;-200,0;1473,75;861,97;32,46;15,06;0,5263
20/07/2004;15.00.00;1,2;1030,19;-200,0;3,1;545,48;61,0;2083,56;75,0;1354,6;780,43;31,44;12,32;0,3712
20/07/2004;16.00.00;1,7;1267,14;-200,0;4,9;634,08;90,0;1979,13;63,0;1390,92;756,02;33,99;14,92;0,5595
20/07/2004;17.00.00;2,7;1514,46;-200,0;-200,0;749,39;248,0;1832,84;135,0;1722,69;1128,38;34,59;15,62;0,6876
20/07/2004;18.00.00;-200,0;1265,06;-200,0;10,0;842,64;-200,0;1866,93;155,0;1911,7;1167,75;33,28;25,61;0,9704
20/07/2004;19.00.00;3,7;1819,24;-200,0;10,2;818,42;-200,0;1466,62;91,0;1436,88;900,2;31,61;20,72;0,696
20/07/2004;20.00.00;2,4;1541,96;-200,0;17,8;1195,29;216,0;1950,75;96,0;1724,1;915,93;29,35;37,08;1,1323
20/07/2004;21.00.00;1,8;-200,0;-200,0;7,6;-200,0;184,0;-200,0;58,0;-200,0;-200,0;-200,0;-200,0;-200,0
20/07/2004;22.00.00;1,5;1293,48;-200,0;11,4;920,41;115,0;2036,8;79,0;1603,56;832,52;26,01;39,83;0,9907
20/07/2004;23.00.00;2,0;1378,76;-200,0;4,3;655,73;75,0;2032,51;-200,0;1588,01;494,63;28,99;44,07;1,3156
21/07/2004;00.00.00;1,2;1143,22;-200,0;5,7;657,09;102,0;2066,34;55,0;1537,68;641,05;24,38;45,04;1,0273
21/07/2004;01.00.00;-200,0;1052,81;-200,0;3,9;618,49;-200,0;2151,62;98,0;1806,71;882,82;24,09;52,04;1,1808
21/07/2004;02.00.00;1,1;1249,45;-200,0;3,7;614,12;-200,0;2041,69;70,0;1568,8;818,26;22,16;57,93;1,1425
21/07/2004;03.00.00;1,8;1338,63;-200,0;5,8;676,27;-200,0;1997,11;52,0;1453,35;624,1;23,92;49,58;1,0612
21/07/2004;04.00.00;1,9;1334,24;-200,0;9,4;812,72;96,0;2039,39;51,0;1591,18;682,58;27,04;44,82;1,1293
21/07/2004;05.00.00;1,9;1394,42;-200,0;6,2;736,08;182,0;1988,71;65,0;1613,45;698,23;26,62;54,2;1,3333
21/07/2004;06.00.00;1,5;1209,51;-200,0;9,2;841,83;225,0;1946,82;63,0;1690,33;697,66;28,34;49,45;1,2909
21/07/2004;07.00.00;1,4;1259,62;-200,0;11,9;929,94;-200,0;1704,22;83,0;1630,76;856,33;28,46;38,5;1,0291
21/07/2004;08.00.00;3,7;1692,23;-200,0;13,8;980,41;386,0;1647,15;123,0;1721,61;1012,51;26,42;36,09;0,8527
21/07/2004;09.00.00;2,0;-200,0;-200,0;14,2;-200,0;704,0;-200,0;-200,0;-200,0;-200,0;-200,0;-200,0;-200,0
21/07/2004;10.00.00;-200,0;1701,83;-200,0;7,5;748,2;-200,0;1378,04;104,0;1733,23;901,72;29,65;26,82;0,877
21/07/2004;11.00.00;2,3;1471,1;-200,0;8,0;762,55;263,0;1808,81;84,0;1580,91;846,73;35,08;24,48;0,9659
21/07/2004;12.00.00;1,3;1147,85;-200,0;8,7;786,2;189,0;2017,81;89,0;1494,01;860,79;31,06;21,04;0,6884
21/07/2004;13.00.00;1,4;1111,95;-200,0;7,0;719,31;150,0;2068,69;89,0;1557,07;925,59;36,04;16,26;0,6933
21/07/2004;14.00.00;1,5;1219,97;-200,0;6,2;676,01;79,0;1991,26;35,0;1228,99;619,31;36,54;13,92;0,6766
21/07/2004;15.00.00;1,1;1037,6;-200,0;7,4;758,24;72,0;2122,96;-200,0;1328,46;586,35;38,58;15,96;0,7312
21/07/2004;16.00.00;0,9;981,55;-200,0;6,9;697,42;94,0;2100,08;64,0;1392,04;721,29;33,93;18,55;0,6836
21/07/2004;17.00.00;1,9;1349,92;-200,0;8,9;779,26;253,0;1982,31;69,0;1351,07;767,73;35,68;17,93;0,7303
21/07/2004;18.00.00;2,7;1572,0;-200,0;16,4;1132,21;-200,0;1800,22;181,0;2231,21;1354,39;38,02;28,16;1,3606
21/07/2004;19.00.00;4,7;2040,0;-200,0;14,8;1050,88;-200,0;1259,48;134,0;1854,65;1134,85;31,19;28,64;0,994
21/07/2004;20.00.00;1,9;1250,97;-200,0;10,9;853,26;110,0;1948,76;235,0;2154,19;1581,52;28,14;22,49;0,6405
21/07/2004;21.00.00;-200,0;1533,42;-200,0;9,4;821,84;201,0;1955,34;76,0;1613,23;791,07;26,16;37,72;0,9885
21/07/2004;22.00.00;-200,0;1064,66;-200,0;4,9;639,49;135,0;1999,72;63,0;1696,95;736,39;30,05;42,79;1,3113
21/07/2004;23.00.00;0,7;1032,26;-200,0;3,5;577,1;119,0;2092,67;37,0;1364,23;589,69;23,65;41,93;0,8859
22/07/2004;00.00.00;-200,0;1068,66;-200,0;4,1;626,72;84,0;2080,77;-200,0;1540,46;719,32;25,62;40,38;1,0215
22/07/2004;01.00.00;0,8;1026,46;-200,0;4,5;626,76;106,0;2106,49;58,0;1626,14;635,42;26,44;50,76;1,2913
22/07/2004;02.00.00;0,8;975,32;-200,0;3,1;568,16;113,0;1992,75;72,0;1676,27;843,74;25,44;52,48;1,2016
22/07/2004;03.00.00;2,6;1580,26;-200,0;5,9;684,99;144,0;1963,18;57,0;1558,22;823,97;25,75;47,52;1,1909
22/07/2004;04.00.00;1,2;1153,96;-200,0;11,6;934,98;134,0;2060,41;-200,0;1636,9;957,74;25,51;45,26;1,0621
22/07/2004;05.00.00;-200,0;1827,49;-200,0;4,4;659,35;374,0;1740,14;79,0;1738,76;883,75;28,12;50,28;1,361
22/07/2004;06.00.00;1,2;1146,88;-200,0;6,4;679,31;-200,0;1959,32;-200,0;1611,82;772,32;24,46;46,69;1,0872
22/07/2004;07.00.00;1,3;1167,31;-200,0;31,2;1671,41;308,0;1780,72;98,0;1637,51;897,54;26,04;42,04;1,0219
22/07/2004;08.00.00;4,7;2040,0;-200,0;10,5;873,79;283,0;1738,55;200,0;2132,0;1396,7;27,06;39,37;1,0364
22/07/2004;09.00.00;2,3;-200,0;-200,0;23,5;-200,0;336,0;-200,0;239,0;-200,0;-200,0;-200,0;-200,0;-200,0
22/07/2004;10.00.00;2,5;1450,38;-200,0;10,1;871,26;545,0;1649,07;-200,0;1609,58;872,78;32,99;28,3;0,9692
22/07/2004;11.00.00;-200,0;1151,91;-200,0;8,3;750,38;71,0;2210,46;115,0;1813,12;1036,45;33,3;28,8;1,0622
22/07/2004;12.00.00;1,6;1214,71;-200,0;6,5;693,54;-200,0;2041,02;48,0;1393,62;664,06;35,8;20,65;0,9202
22/07/2004;13.00.00;0,9;990,28;-200,0;7,3;712,84;147,0;2063,46;58,0;1152,74;708,37;31,87;11,18;0,3276
22/07/2004;14.00.00;1,4;1144,95;-200,0;3,2;586,32;168,0;2005,44;77,0;1436,96;779,64;38,06;15,38;0,736
22/07/2004;15.00.00;-200,0;1081,13;-200,0;6,0;666,58;-200,0;2015,64;-200,0;1287,39;558,71;37,94;11,78;0,5017
22/07/2004;16.00.00;1,6;1254,61;-200,0;5,5;666,37;289,0;1916,45;115,0;1691,18;908,84;36,2;19,08;0,8553
22/07/2004;17.00.00;2,5;1534,82;-200,0;4,4;628,6;-200,0;1886,99;-200,0;1804,94;1003,12;37,79;21,14;1,0176
22/07/2004;18.00.00;2,9;1544,99;-200,0;-200,0;1197,08;321,0;1759,22;94,0;1382,32;830,8;30,12;14,11;0,4133
22/07/2004;19.00.00;3,4;1727,55;-200,0;6,3;712,34;565,0;1523,65;192,0;2183,52;1292,04;31,35;29,93;1,0873
22/07/2004;20.00.00;2,4;1386,55;-200,0;27,0;1531,69;600,0;1500,82;87,0;1606,39;881,92;29,72;24,91;0,8
22/07/2004;21.00.00;1,5;1293,3;-200,0;10,0;882,92;264,0;1804,3;-200,0;1935,05;867,45;31,34;42,93;1,4359
22/07/2004;22.00.00;1,5;1239,52;-200,0;-200,0;586,6;172,0;1899,88;76,0;1626,14;758,02;26,5;39,55;1,0229
22/07/2004;23.00.00;1,0;1080,74;-200,0;6,5;685,58;75,0;2090,17;57,0;1528,28;685,93;28,91;37,9;1,1333
23/07/2004;00.00.00;1,0;1126,96;-200,0;2,9;551,57;84,0;1987,24;43,0;1446,08;518,28;29,07;42,19;1,1676
23/07/2004;01.00.00;1,3;1228,97;-200,0;3,3;608,39;171,0;1934,31;44,0;1660,88;633,6;26,93;52,5;1,356
23/07/2004;02.00.00;0,8;1067,05;-200,0;2,4;586,21;131,0;2062,69;37,0;1445,48;599,03;25,6;50,6;1,2244
23/07/2004;03.00.00;2,1;1387,85;-200,0;3,8;608,7;108,0;1977,33;63,0;1557,23;686,43;22,89;52,68;1,0561
23/07/2004;04.00.00;-200,0;1167,22;-200,0;4,3;634,46;137,0;1963,17;85,0;1803,36;711,84;23,34;60,62;1,2939
23/07/2004;05.00.00;1,6;1382,32;-200,0;8,7;831,62;238,0;1860,68;140,0;2104,32;1100,09;28,04;47,26;1,3501
23/07/2004;06.00.00;1,7;1254,76;-200,0;12,1;967,91;311,0;1889,11;75,0;1679,62;808,03;27,89;48,19;1,2824
23/07/2004;07.00.00;2,9;1627,55;-200,0;6,8;747,87;199,0;1930,97;-200,0;2119,44;1187,83;27,29;51,27;1,3386
23/07/2004;08.00.00;3,4;1839,78;-200,0;15,9;1090,36;450,0;1600,53;203,0;2186,05;1610,47;27,74;41,18;1,0634
23/07/2004;09.00.00;2,9;1521,59;-200,0;7,2;716,25;387,0;1736,57;137,0;1641,2;1150,22;25,81;27,13;0,5647
23/07/2004;10.00.00;3,9;1879,03;-200,0;12,3;943,78;281,0;1780,26;154,0;1989,77;1246,13;29,02;33,04;0,9896
23/07/2004;11.00.00;0,6;968,52;-200,0;18,4;1197,33;354,0;1876,65;70,0;1521,4;795,06;36,19;20,35;0,8562
23/07/2004;12.00.00;2,5;1495,13;-200,0;3,5;591,66;150,0;2016,93;83,0;1549,2;761,38;30,84;29,47;0,9386
23/07/2004;13.00.00;2,1;1322,19;-200,0;4,2;603,8;117,0;1929,02;66,0;1336,1;724,73;34,58;15,46;0,5497
23/07/2004;14.00.00;0,7;1119,97;-200,0;7,7;790,86;97,0;2097,22;76,0;1757,77;682,19;36,71;32,63;1,403
23/07/2004;15.00.00;1,9;1283,83;-200,0;7,8;754,68;122,0;2009,74;76,0;1561,94;673,67;32,36;24,5;0,899
23/07/2004;16.00.00;2,2;1351,46;-200,0;4,5;609,81;113,0;2054,85;-200,0;1396,83;679,98;35,07;13,8;0,5484
23/07/2004;17.00.00;-200,0;1443,95;-200,0;15,6;1093,3;-200,0;1877,07;99,0;1630,1;916,81;36,07;19,68;0,8256
23/07/2004;18.00.00;1,5;1190,15;-200,0;9,1;804,3;227,0;1865,32;132,0;1818,98;1143,43;33,43;26,21;0,966
23/07/2004;19.00.00;3,7;1896,18;-200,0;26,7;1525,16;267,0;1801,45;110,0;1892,75;950,8;38,1;30,09;1,3368
23/07/2004;20.00.00;3,6;1815,48;-200,0;14,3;1004,02;229,0;1825,63;118,0;1756,23;1025,4;27,82;32,72;0,913
23/07/2004;21.00.00;1,5;1281,64;-200,0;12,8;984,53;234,0;1934,94;74,0;1663,45;753,96;31,98;41,43;1,3364
23/07/2004;22.00.00;1,5;1253,43;-200,0;5,8;687,44;50,0;2020,41;40,0;1488,53;497,79;28,23;39,21;1,0334
23/07/2004;23.00.00;0,9;1085,36;-200,0;5,0;631,13;61,0;2158,29;35,0;1486,47;533,89;28,91;42,33;1,1585
24/07/2004;00.00.00;1,4;1173,21;-200,0;4,7;660,61;-200,0;2089,36;38,0;1503,7;520,36;27,18;46,2;1,1929
24/07/2004;01.00.00;0,9;1043,14;-200,0;6,0;682,52;130,0;2047,07;46,0;1521,97;578,23;24,04;55,09;1,1836
24/07/2004;02.00.00;0,9;1082,72;-200,0;4,2;638,76;82,0;2078,92;33,0;1523,81;517,99;25,46;54,42;1,286
24/07/2004;03.00.00;1,2;1076,47;-200,0;3,3;581,95;96,0;2009,97;78,0;1546,64;893,72;21,12;54,66;0,9628
24/07/2004;04.00.00;0,8;1063,65;-200,0;4,9;625,7;110,0;2028,66;70,0;1700,29;781,98;26,21;56,57;1,4443
24/07/2004;05.00.00;1,3;1126,15;-200,0;4,3;588,35;60,0;2165,16;61,0;1562,67;745,07;26,1;40,54;1,0346
24/07/2004;06.00.00;1,8;1316,95;-200,0;5,3;658,9;211,0;1932,44;50,0;1585,3;661,32;27,58;49,49;1,3068
24/07/2004;07.00.00;2,7;1666,63;-200,0;-200,0;1159,91;-200,0;1808,72;94,0;1821,9;903,55;29,45;45,3;1,3107
24/07/2004;08.00.00;2,7;1616,63;-200,0;14,9;1037,9;437,0;1713,65;120,0;1950,44;1085,55;29,27;48,21;1,3779
24/07/2004;09.00.00;1,5;1254,99;-200,0;14,7;1047,4;-200,0;1253,92;-200,0;1641,48;876,12;30,13;27,56;0,8271
24/07/2004;10.00.00;3,2;1732,26;-200,0;13,8;977,81;136,0;1960,21;71,0;1610,78;689,35;29,37;38,33;1,0542
24/07/2004;11.00.00;2,6;1488,0;-200,0;8,7;753,9;89,0;2016,26;-200,0;1647,76;903,46;30,91;26,58;0,7996
24/07/2004;12.00.00;1,5;1218,61;-200,0;11,9;934,65;-200,0;1951,93;-200,0;1581,02;698,59;35,74;24,92;1,0691
24/07/2004;13.00.00;1,0;1066,84;-200,0;2,4;559,71;109,0;2033,79;82,0;1800,25;918,65;37,04;28,0;1,2475
24/07/2004;14.00.00;1,1;1064,22;-200,0;3,5;556,05;76,0;2115,07;58,0;1386,36;721,47;34,19;20,62;0,8646
24/07/2004;15.00.00;1,2;1041,0;-200,0;3,8;570,65;99,0;2084,58;72,0;1516,25;731,04;34,93;19,21;0,7429
24/07/2004;16.00.00;1,5;1187,76;-200,0;3,3;568,52;-200,0;2011,98;79,0;1419,13;781,81;32,85;19,03;0,6552
24/07/2004;17.00.00;1,5;1173,9;-200,0;7,8;743,03;-200,0;1795,74;98,0;1518,05;878,68;36,51;17,2;0,7165
24/07/2004;18.00.00;1,6;1229,13;-200,0;10,9;888,91;690,0;1428,03;167,0;1885,4;1249,83;34,7;22,34;0,855
24/07/2004;19.00.00;3,5;1760,57;-200,0;24,5;1421,91;153,0;1882,21;-200,0;1794,56;1156,32;36,22;22,63;0,9218
24/07/2004;20.00.00;2,4;1476,64;-200,0;13,9;1017,19;137,0;1992,37;68,0;1530,1;639,22;29,37;30,33;0,9031
24/07/2004;21.00.00;1,1;1026,04;-200,0;5,5;638,69;119,0;2055,16;49,0;1384,09;629,69;29,08;23,53;0,6807
24/07/2004;22.00.00;-200,0;1152,8;-200,0;5,4;682,73;73,0;2031,19;41,0;1442,46;545,27;29,0;42,01;1,1824
24/07/2004;23.00.00;-200,0;1153,45;-200,0;1,8;517,82;-200,0;2123,57;53,0;1633,24;559,6;28,63;43,6;1,2905
25/07/2004;00.00.00;0,7;1072,26;-200,0;3,4;600,63;56,0;2109,66;33,0;1455,06;444,62;25,83;46,3;1,2118
25/07/2004;01.00.00;-200,0;1249,22;-200,0;3,5;609,59;55,0;2136,33;43,0;1468,68;611,21;23,72;51,94;1,1708
25/07/2004;02.00.00;-200,0;1201,29;-200,0;2,6;547,19;-200,0;2136,58;-200,0;1537,14;718,12;26,73;45,47;1,1814
25/07/2004;03.00.00;1,0;1131,58;-200,0;3,6;630,83;53,0;2059,17;48,0;1735,33;554,28;26,24;62,9;1,5906
25/07/2004;04.00.00;1,1;1052,44;-200,0;3,2;596,26;172,0;2002,02;-200,0;1405,96;525,94;23,14;52,13;1,1726
25/07/2004;05.00.00;1,4;1262,89;-200,0;3,2;605,48;85,0;2029,47;36,0;1547,56;533,12;28,18;50,11;1,4151
25/07/2004;06.00.00;1,3;1178,12;-200,0;6,8;719,12;101,0;2056,57;105,0;1789,55;922,35;28,6;43,15;1,1846
25/07/2004;07.00.00;-200,0;1281,32;-200,0;10,2;860,53;88,0;2071,59;86,0;1747,94;857,73;27,57;44,37;1,1986
25/07/2004;08.00.00;2,8;1670,23;-200,0;10,6;915,57;182,0;1936,96;41,0;1609,23;580,25;28,66;46,85;1,3534
25/07/2004;09.00.00;1,2;1113,54;-200,0;7,4;744,39;332,0;1794,13;100,0;1785,8;930,69;30,91;40,43;1,2391
25/07/2004;10.00.00;1,0;1083,35;-200,0;5,4;668,81;218,0;1923,48;139,0;1873,58;1181,08;29,37;34,87;1,0084
25/07/2004;11.00.00;-200,0;1318,44;-200,0;4,6;634,88;175,0;1965,4;67,0;1545,35;735,77;32,36;28,98;1,0537
25/07/2004;12.00.00;2,8;1524,97;-200,0;4,4;604,92;64,0;2006,88;55,0;1284,53;666,16;29,03;20,73;0,5057
25/07/2004;13.00.00;1,6;1152,22;-200,0;3,2;571,5;58,0;2063,02;-200,0;1166,32;559,6;35,88;12,41;0,4522
25/07/2004;14.00.00;2,1;1358,02;-200,0;6,3;670,71;145,0;1928,01;45,0;1215,1;589,92;31,5;16,86;0,5462
25/07/2004;15.00.00;0,9;1062,28;-200,0;3,8;596,2;124,0;2061,36;-200,0;1245,72;566,61;37,8;16,07;0,7536
25/07/2004;16.00.00;0,9;960,45;-200,0;6,0;692,59;89,0;2048,83;35,0;1340,27;637,98;33,97;23,11;0,7992
25/07/2004;17.00.00;-200,0;-200,0;-200,0;3,4;-200,0;196,0;-200,0;42,0;-200,0;-200,0;-200,0;-200,0;-200,0
25/07/2004;18.00.00;2,4;1456,48;-200,0;5,9;678,93;116,0;1994,29;150,0;1997,69;1210,67;32,08;30,59;1,0959
25/07/2004;19.00.00;1,2;1170,5;-200,0;11,9;929,96;129,0;1916,82;121,0;1820,79;1086,1;31,72;32,24;1,0772
25/07/2004;20.00.00;1,6;1247,15;-200,0;10,4;869,78;93,0;1976,26;-200,0;1843,99;1063,13;33,93;28,31;1,1071
25/07/2004;21.00.00;1,3;1144,69;-200,0;3,4;538,68;142,0;2083,99;-200,0;1277,16;617,43;24,82;26,28;0,5694
25/07/2004;22.00.00;0,8;1124,29;-200,0;4,3;632,09;-200,0;2016,0;-200,0;1637,44;604,82;31,06;46,84;1,4648
25/07/2004;23.00.00;-200,0;1100,57;-200,0;3,7;629,59;50,0;2163,48;28,0;1559,21;493,39;27,97;51,05;1,4296
26/07/2004;00.00.00;1,4;1188,4;-200,0;3,0;556,56;57,0;2128,94;34,0;1342,8;518,4;23,81;41,2;0,9053
26/07/2004;01.00.00;1,3;1176,47;-200,0;4,9;660,59;253,0;1906,19;57,0;1576,09;738,91;23,28;58,44;1,1611
26/07/2004;02.00.00;1,6;-200,0;-200,0;-200,0;-200,0;95,0;-200,0;58,0;-200,0;-200,0;-200,0;-200,0;-200,0
26/07/2004;03.00.00;1,5;1189,98;-200,0;3,7;608,75;216,0;1973,49;-200,0;1665,09;781,88;22,87;54,11;1,1819
26/07/2004;04.00.00;1,0;1093,44;-200,0;7,3;750,82;128,0;2046,46;44,0;1543,9;627,12;22,62;60,76;1,176
26/07/2004;05.00.00;1,8;1413,15;-200,0;6,5;743,48;125,0;2028,38;75,0;1842,38;672,11;27,7;57,61;1,589
26/07/2004;06.00.00;1,3;1163,34;-200,0;8,0;780,08;352,0;1857,71;-200,0;1809,55;761,5;26,9;51,29;1,2894
26/07/2004;07.00.00;-200,0;1443,75;-200,0;10,2;864,64;397,0;1757,36;97,0;1718,51;921,9;25,38;46,67;1,0978
26/07/2004;08.00.00;2,1;1383,04;-200,0;17,7;1198,79;384,0;1790,22;146,0;2022,2;1176,08;28,9;43,04;1,2451
26/07/2004;09.00.00;2,4;1440,65;-200,0;18,1;1170,17;628,0;1578,91;95,0;1548,12;825,17;27,71;33,3;0,7866
26/07/2004;10.00.00;2,4;1505,3;-200,0;15,0;1072,08;837,0;1363,67;62,0;1496,57;729,31;33,25;30,37;1,0242
26/07/2004;11.00.00;1,6;1247,68;-200,0;8,5;779,23;-200,0;1981,75;172,0;1944,61;1294,74;34,38;21,79;0,8399
26/07/2004;12.00.00;1,2;1079,23;-200,0;5,9;634,87;-200,0;1922,5;82,0;1538,94;884,88;34,36;20,91;0,7646
26/07/2004;13.00.00;2,2;1400,37;-200,0;5,1;651,4;126,0;1993,74;63,0;1483,11;705,03;34,81;17,88;0,7511
26/07/2004;14.00.00;1,4;1126,65;-200,0;3,9;615,64;92,0;2151,47;-200,0;1463,12;802,25;38,11;14,74;0,6052
26/07/2004;15.00.00;1,1;1071,33;-200,0;4,8;632,33;88,0;2017,75;48,0;1379,93;558,48;34,76;17,99;0,7317
26/07/2004;16.00.00;1,0;977,32;-200,0;5,1;619,14;300,0;1863,88;75,0;1389,18;774,08;32,22;16,3;0,4887
26/07/2004;17.00.00;1,0;1082,13;-200,0;16,4;1099,99;-200,0;2052,57;142,0;1838,89;1204,47;34,99;22,22;0,8621
26/07/2004;18.00.00;2,4;1422,83;-200,0;8,4;783,27;411,0;1674,36;97,0;1524,78;891,84;37,47;14,46;0,5976
26/07/2004;19.00.00;-200,0;1279,82;-200,0;21,0;1287,04;269,0;1877,26;134,0;1784,37;1166,09;30,23;25,74;0,886
26/07/2004;20.00.00;-200,0;1701,56;-200,0;10,8;868,14;667,0;1410,21;-200,0;1560,09;840,67;30,33;31,3;0,9002
26/07/2004;21.00.00;-200,0;1335,9;-200,0;7,3;731,19;177,0;1956,93;116,0;1757,42;1042,35;30,59;33,75;1,0516
26/07/2004;22.00.00;2,2;1349,59;-200,0;5,8;693,95;-200,0;2013,26;61,0;1516,55;699,76;28,36;39,1;0,9987
26/07/2004;23.00.00;-200,0;1092,7;-200,0;2,3;585,47;159,0;2004,92;66,0;1528,31;648,95;25,29;36,38;0,9315
27/07/2004;00.00.00;0,8;1055,28;-200,0;2,9;566,98;115,0;2014,52;59,0;1684,03;739,97;28,42;49,87;1,409
27/07/2004;01.00.00;-200,0;1029,76;-200,0;2,7;598,74;116,0;2043,86;45,0;1745,96;654,94;30,03;54,18;1,6538
27/07/2004;02.00.00;1,6;1277,25;-200,0;4,1;642,94;148,0;1987,89;62,0;1633,75;754,41;25,28;55,21;1,365
27/07/2004;03.00.00;-200,0;1101,16;-200,0;3,7;592,3;76,0;2092,71;69,0;1741,0;913,14;22,91;58,55;1,2044
27/07/2004;04.00.00;1,2;1158,16;-200,0;9,5;845,74;185,0;1975,64;83,0;1705,83;820,13;21,79;53,75;1,0414
27/07/2004;05.00.00;2,7;1570,51;-200,0;5,1;701,29;142,0;1982,5;116,0;1899,05;994,69;25,9;53,34;1,2984
27/07/2004;06.00.00;2,2;1478,57;-200,0;3,2;609,95;226,0;1847,89;62,0;1712,85;687,7;28,39;48,86;1,3865
27/07/2004;07.00.00;2,7;1609,1;-200,0;9,6;842,83;349,0;1748,87;66,0;1744,69;705,66;28,17;47,79;1,2879
27/07/2004;08.00.00;4,2;1935,88;-200,0;19,6;1209,66;244,0;1760,0;114,0;1742,18;1043,57;28,42;32,13;0,8838
27/07/2004;09.00.00;-200,0;1896,36;-200,0;27,0;1531,38;501,0;1512,21;186,0;2023,87;1413,91;28,54;30,89;0,9062
27/07/2004;10.00.00;4,1;1935,88;-200,0;10,2;860,28;269,0;1795,06;141,0;1954,17;1216,18;28,83;38,63;1,1138
27/07/2004;11.00.00;1,5;1087,03;-200,0;6,7;702,35;121,0;2029,48;-200,0;1319,06;782,23;33,88;14,05;0,5193
27/07/2004;12.00.00;-200,0;1236,4;-200,0;6,8;707,36;156,0;1971,14;71,0;1489,15;780,53;35,08;21,93;0,802
27/07/2004;13.00.00;-200,0;1025,72;-200,0;7,3;724,37;151,0;1986,66;54,0;1457,91;684,93;30,95;25,63;0,894
27/07/2004;14.00.00;1,4;1111,27;-200,0;3,8;591,18;176,0;1918,2;64,0;1356,88;738,1;37,72;17,5;0,765
27/07/2004;15.00.00;1,3;1120,02;-200,0;5,1;657,58;48,0;2148,8;51,0;1380,09;596,74;35,86;15,33;0,6845
27/07/2004;16.00.00;0,8;941,89;-200,0;6,3;705,69;181,0;1988,92;-200,0;1745,57;1098,03;37,34;18,62;0,8413
27/07/2004;17.00.00;1,6;1128,61;-200,0;9,1;785,35;183,0;1889,97;152,0;1707,15;1229,21;31,36;18,0;0,5234
27/07/2004;18.00.00;-200,0;1991,74;-200,0;11,8;894,94;467,0;1585,2;175,0;1923,34;1359,81;30,52;22,78;0,7739
27/07/2004;19.00.00;3,2;1672,45;-200,0;9,9;832,64;381,0;1675,87;158,0;1898,86;1263,65;31,92;22,94;0,7847
27/07/2004;20.00.00;3,3;1772,91;-200,0;13,7;1006,18;276,0;1780,11;191,0;2219,92;1312,34;32,01;36,24;1,2928
27/07/2004;21.00.00;1,7;1387,16;-200,0;7,8;788,14;184,0;2000,26;-200,0;1876,59;875,98;33,31;42,47;1,53
27/07/2004;22.00.00;0,7;1013,75;-200,0;4,9;687,57;130,0;2039,37;60,0;1589,8;695,44;29,83;39,35;1,2188
27/07/2004;23.00.00;1,0;1039,97;-200,0;2,6;542,91;-200,0;2119,93;26,0;1337,14;512,81;26,73;37,42;0,8612
28/07/2004;00.00.00;1,5;1235,15;-200,0;4,9;647,8;55,0;2222,4;49,0;1481,22;678,6;24,08;45,52;0,9701
28/07/2004;01.00.00;0,7;1099,43;-200,0;3,0;595,18;79,0;2156,59;33,0;1478,83;580,82;27,8;50,08;1,2842
28/07/2004;02.00.00;1,6;1279,63;-200,0;8,8;814,58;196,0;1903,26;48,0;1521,98;679,98;22,91;55,33;1,1127
28/07/2004;03.00.00;-200,0;1021,63;-200,0;3,4;623,22;104,0;2135,95;63,0;1696,91;656,37;27,93;48,37;1,3346
28/07/2004;04.00.00;1,4;1224,85;-200,0;7,7;753,78;159,0;1967,0;49,0;1542,09;642,48;24,27;48,95;1,0515
28/07/2004;05.00.00;-200,0;1416,12;-200,0;3,1;591,75;92,0;2061,41;-200,0;1858,62;743,28;28,52;53,56;1,5428
28/07/2004;06.00.00;1,6;-200,0;-200,0;3,3;-200,0;95,0;-200,0;122,0;-200,0;-200,0;-200,0;-200,0;-200,0
28/07/2004;07.00.00;-200,0;2040,0;-200,0;8,8;794,74;184,0;1751,75;91,0;1727,6;813,88;26,89;41,31;1,1017
28/07/2004;08.00.00;2,5;1516,99;-200,0;6,1;693,29;-200,0;1827,76;166,0;1949,05;1261,42;27,34;33,41;0,9418
28/07/2004;09.00.00;2,5;1609,55;-200,0;19,2;1247,07;606,0;1531,64;108,0;2004,11;1021,06;28,99;51,83;1,5397
28/07/2004;10.00.00;2,6;1514,4;-200,0;11,0;892,99;472,0;1610,27;-200,0;1705,84;945,61;31,82;34,67;1,1436
28/07/2004;11.00.00;1,4;1105,9;-200,0;13,8;999,12;-200,0;1975,87;100,0;1522,64;881,67;32,32;25,08;0,7562
28/07/2004;12.00.00;1,0;1079,11;-200,0;6,4;712,55;-200,0;2067,65;97,0;1649,93;907,72;32,02;27,03;0,9437
28/07/2004;13.00.00;1,0;1031,15;-200,0;6,9;699,34;-200,0;1904,69;44,0;1321,5;601,83;33,67;19,2;0,703
28/07/2004;14.00.00;1,8;1296,84;-200,0;5,3;660,48;131,0;2030,91;-200,0;1771,03;1038,11;34,66;22,36;0,821
28/07/2004;15.00.00;1,2;1084,11;-200,0;4,1;571,82;248,0;1905,94;55,0;1268,06;673,61;30,41;18,21;0,5374
28/07/2004;16.00.00;2,8;1548,95;-200,0;5,5;646,83;204,0;1955,91;77,0;1484,15;801,63;35,41;18,48;0,8198
28/07/2004;17.00.00;1,7;1200,09;-200,0;5,7;677,56;204,0;1887,79;84,0;1412,23;828,4;32,04;19,26;0,5955
28/07/2004;18.00.00;-200,0;1706,96;-200,0;14,5;1003,35;309,0;1767,96;127,0;1609,65;1006,94;30,9;15,45;0,5157
28/07/2004;19.00.00;-200,0;1762,63;-200,0;12,6;954,54;373,0;1799,35;255,0;2415,5;1779,81;28,79;36,1;1,0371
28/07/2004;20.00.00;2,2;1367,08;-200,0;11,6;921,38;223,0;1869,62;216,0;2042,61;1590,59;27,38;26,05;0,6669
28/07/2004;21.00.00;1,3;1149,26;-200,0;23,3;1371,29;295,0;1940,28;53,0;1399,53;603,48;26,96;28,61;0,7673
28/07/2004;22.00.00;0,7;998,35;-200,0;4,3;622,47;155,0;1990,05;-200,0;1511,03;584,85;26,96;39,01;1,0836
28/07/2004;23.00.00;1,3;1228,51;-200,0;4,4;627,24;-200,0;2061,1;117,0;1871,53;958,6;31,08;39,61;1,2593
29/07/2004;00.00.00;1,6;1245,49;-200,0;3,8;613,33;89,0;2013,55;39,0;1444,74;563,71;25,03;47,95;1,0938
29/07/2004;01.00.00;-200,0;1111,02;-200,0;-200,0;754,15;60,0;2140,63;-200,0;1722,82;712,12;25,64;54,5;1,3324
29/07/2004;02.00.00;-200,0;1170,2;-200,0;5,2;678,45;131,0;1976,27;78,0;1706,67;780,55;25,59;57,84;1,4226
29/07/2004;03.00.00;1,0;1179,76;-200,0;4,8;674,95;128,0;2013,28;79,0;1683,02;865,64;24,88;57,55;1,3099
29/07/2004;04.00.00;1,7;-200,0;-200,0;13,9;-200,0;316,0;-200,0;27,0;-200,0;-200,0;-200,0;-200,0;-200,0
29/07/2004;05.00.00;1,4;1220,32;-200,0;4,6;621,31;-200,0;2028,16;81,0;1625,18;807,73;22,9;51,31;0,9377
29/07/2004;06.00.00;2,8;1653,27;-200,0;7,3;753,38;-200,0;2016,56;153,0;2087,1;1209,74;28,99;50,24;1,4043
29/07/2004;07.00.00;2,1;1424,11;-200,0;15,5;1061,77;147,0;1943,79;122,0;1855,91;964,9;30,73;35,69;1,0701
29/07/2004;08.00.00;1,9;1399,24;-200,0;10,6;896,84;356,0;1789,5;115,0;1705,35;996,66;24,96;42,99;1,0218
29/07/2004;09.00.00;2,6;1486,55;-200,0;19,5;1233,39;189,0;2002,0;116,0;1642,95;1046,98;27,57;28,19;0,737
29/07/2004;10.00.00;-200,0;1402,1;-200,0;9,3;839,62;480,0;1671,27;116,0;1898,16;1098,84;30,35;41,02;1,255
29/07/2004;11.00.00;-200,0;1443,24;-200,0;11,9;878,08;323,0;1693,07;113,0;1679,96;948,0;30,19;24,45;0,7495
29/07/2004;12.00.00;-200,0;1160,65;-200,0;9,9;858,43;156,0;2087,01;194,0;2051,51;1502,88;34,17;21,82;0,7839
29/07/2004;13.00.00;1,7;1235,5;-200,0;6,1;668,71;98,0;2087,33;65,0;1301,06;748,44;32,49;16,04;0,6343
29/07/2004;14.00.00;-200,0;1076,99;-200,0;4,0;589,64;72,0;2146,27;79,0;1509,74;764,3;38,78;14,94;0,7838
29/07/2004;15.00.00;1,2;1173,21;-200,0;4,9;657,54;98,0;2117,31;39,0;1554,33;545,2;37,0;28,85;1,3483
29/07/2004;16.00.00;1,2;1124,62;-200,0;6,4;702,51;-200,0;1958,92;42,0;1404,85;661,47;34,87;22,79;0,9309
29/07/2004;17.00.00;-200,0;1150,83;-200,0;12,5;933,63;164,0;1919,01;85,0;1398,24;870,47;36,0;12,14;0,5052
29/07/2004;18.00.00;4,1;2001,55;-200,0;-200,0;1048,77;-200,0;1373,34;160,0;2134,96;1308,82;35,37;30,27;1,3028
29/07/2004;19.00.00;2,3;1441,83;-200,0;17,5;1156,73;715,0;1352,2;153,0;1938,85;1207,43;30,99;32,44;1,0049
29/07/2004;20.00.00;2,3;1396,63;-200,0;13,8;991,35;318,0;1742,77;136,0;1787,07;1074,66;29,28;29,41;0,815
29/07/2004;21.00.00;2,6;1525,84;-200,0;11,0;887,82;164,0;1939,75;-200,0;1655,95;680,41;29,78;37,01;1,0797
29/07/2004;22.00.00;1,6;1321,78;-200,0;4,7;635,24;89,0;2096,1;57,0;1527,32;610,48;30,05;40,06;1,2453
29/07/2004;23.00.00;1,9;-200,0;-200,0;4,2;-200,0;-200,0;-200,0;42,0;-200,0;-200,0;-200,0;-200,0;-200,0
30/07/2004;00.00.00;1,2;1165,72;-200,0;-200,0;609,36;-200,0;2065,1;29,0;1332,82;558,83;22,88;44,29;0,8961
30/07/2004;01.00.00;0,9;1041,24;-200,0;3,6;584,87;136,0;2148,92;-200,0;1418,41;474,27;23,63;51,86;1,0249
30/07/2004;02.00.00;-200,0;1563,19;-200,0;7,0;722,28;107,0;2040,38;84,0;1722,47;744,65;24,59;50,79;1,1666
30/07/2004;03.00.00;1,6;-200,0;-200,0;7,7;-200,0;163,0;-200,0;46,0;-200,0;-200,0;-200,0;-200,0;-200,0
30/07/2004;04.00.00;1,3;1278,03;-200,0;9,2;848,61;97,0;2121,63;61,0;1821,76;676,9;28,68;63,89;1,7582
30/07/2004;05.00.00;1,6;1206,27;-200,0;4,8;623,5;135,0;2036,92;106,0;1715,33;945,63;22,46;45,22;0,9623
30/07/2004;06.00.00;-200,0;1400,52;-200,0;8,9;810,23;-200,0;1890,24;80,0;1783,75;938,08;27,04;49,37;1,3332
30/07/2004;07.00.00;2,2;1366,31;-200,0;16,6;1126,55;220,0;1850,53;161,0;2010,78;1284,51;30,04;35,84;1,1092
30/07/2004;08.00.00;1,9;1359,72;-200,0;25,7;1520,42;660,0;1491,51;121,0;1976,44;1073,55;32,81;38,21;1,3625
30/07/2004;09.00.00;5,3;2040,0;-200,0;8,2;796,4;-200,0;1703,37;265,0;2539,08;1843,11;28,76;37,65;1,0415
30/07/2004;10.00.00;2,4;1436,35;-200,0;11,1;860,17;229,0;1982,24;-200,0;1804,82;1213,36;31,84;26,76;0,8584
30/07/2004;11.00.00;2,0;1316,89;-200,0;7,6;753,89;-200,0;1772,7;90,0;1732,16;774,34;33,21;29,48;1,0443
30/07/2004;12.00.00;3,3;1686,16;-200,0;12,6;949,8;273,0;1887,4;73,0;1438,1;839,81;33,49;21,47;0,7099
30/07/2004;13.00.00;1,2;1089,26;-200,0;2,7;534,75;293,0;1891,5;91,0;1667,52;897,03;33,7;25,75;0,9653
30/07/2004;14.00.00;1,8;1307,94;-200,0;3,9;631,7;62,0;2107,46;71,0;1614,92;676,89;35,27;24,97;1,0051
30/07/2004;15.00.00;1,0;987,0;-200,0;9,8;783,0;144,0;1888,73;23,0;1118,97;461,8;29,5;14,61;0,3849
30/07/2004;16.00.00;1,7;1247,8;-200,0;-200,0;666,3;161,0;2086,01;63,0;1380,48;660,42;35,76;18,54;0,8424
30/07/2004;17.00.00;2,1;1340,98;-200,0;5,5;654,53;181,0;1909,23;111,0;1645,48;899,17;34,15;20,87;0,8209
30/07/2004;18.00.00;3,5;1795,99;-200,0;22,3;1344,08;-200,0;1746,81;102,0;1717,58;929,78;32,66;25,91;0,9417
30/07/2004;19.00.00;4,5;2040,0;-200,0;8,3;787,11;335,0;1630,54;134,0;1837,47;1036,67;36,16;26,61;1,0953
30/07/2004;20.00.00;2,1;-200,0;-200,0;17,8;-200,0;341,0;-200,0;118,0;-200,0;-200,0;-200,0;-200,0;-200,0
30/07/2004;21.00.00;3,0;1625,88;-200,0;4,4;634,64;834,0;1219,27;-200,0;1945,13;1249,45;28,76;34,33;1,0052
30/07/2004;22.00.00;2,1;1516,81;-200,0;2,9;583,08;130,0;1947,21;69,0;1715,31;698,91;32,25;40,78;1,4049
30/07/2004;23.00.00;1,0;1127,48;-200,0;4,3;643,36;-200,0;2049,33;51,0;1559,39;579,28;25,4;51,03;1,282
31/07/2004;00.00.00;1,0;1141,45;-200,0;2,6;552,24;101,0;2047,08;29,0;1509,83;570,94;24,87;51,57;1,1688
31/07/2004;01.00.00;0,9;1026,16;-200,0;4,3;630,42;87,0;2066,79;-200,0;1495,0;498,52;24,88;54,71;1,2263
31/07/2004;02.00.00;1,0;1141,74;-200,0;8,5;818,89;58,0;2121,68;-200,0;1693,2;642,6;26,36;56,62;1,4386
31/07/2004;03.00.00;0,8;1007,36;-200,0;4,4;622,68;52,0;2071,05;66,0;1570,15;688,82;24,92;52,84;1,1484
31/07/2004;04.00.00;1,7;1266,62;-200,0;9,4;850,51;114,0;2039,64;37,0;1515,88;608,35;22,09;54,59;1,1115
31/07/2004;05.00.00;0,7;950,37;-200,0;6,3;704,02;-200,0;2140,31;99,0;1681,62;920,32;24,11;45,78;0,9375
31/07/2004;06.00.00;1,2;1229,28;-200,0;9,6;876,83;71,0;2035,68;57,0;1682,78;737,47;24,76;54,69;1,2741
31/07/2004;07.00.00;2,0;1341,94;-200,0;3,7;584,07;461,0;1677,83;114,0;1640,71;932,21;26,85;30,7;0,7517
31/07/2004;08.00.00;4,0;1913,37;-200,0;15,2;1069,14;329,0;1766,8;-200,0;2754,72;2166,03;29,07;39,84;1,1732
31/07/2004;09.00.00;2,1;1418,4;-200,0;14,4;1037,33;-200,0;1489,92;116,0;1880,68;1005,56;30,35;41,32;1,3232
31/07/2004;10.00.00;2,4;1421,69;-200,0;8,1;755,04;93,0;1958,68;109,0;1614,03;872,38;27,25;24,14;0,6379
31/07/2004;11.00.00;-200,0;1272,53;-200,0;14,2;1027,65;311,0;1865,89;65,0;1511,89;804,85;34,14;28,61;1,0232
31/07/2004;12.00.00;2,0;1342,22;-200,0;4,9;653,67;114,0;1997,32;71,0;1493,46;753,43;33,55;19,48;0,6702
31/07/2004;13.00.00;1,5;1213,0;-200,0;3,0;577,31;214,0;1944,91;98,0;1531,96;966,26;36,61;18,18;0,7464
31/07/2004;14.00.00;1,7;1316,58;-200,0;6,9;728,57;127,0;2029,18;55,0;1364,55;726,7;35,23;22,96;0,8253
31/07/2004;15.00.00;1,0;1083,75;-200,0;2,9;542,95;-200,0;1954,42;-200,0;1434,33;692,78;36,71;18,6;0,8617
31/07/2004;16.00.00;-200,0;963,15;-200,0;5,7;644,27;157,0;2091,17;90,0;1358,18;984,25;35,27;10,0;0,4072
31/07/2004;17.00.00;2,0;1260,23;-200,0;12,6;941,29;157,0;1967,72;57,0;1301,05;630,44;36,53;15,14;0,5927
31/07/2004;18.00.00;-200,0;1310,21;-200,0;12,5;945,86;206,0;1925,81;118,0;1879,59;1131,92;34,09;27,76;1,1211
31/07/2004;19.00.00;2,5;1450,69;-200,0;10,6;872,1;265,0;1839,36;-200,0;1740,73;924,4;31,81;28,86;0,9308
31/07/2004;20.00.00;2,4;1594,91;-200,0;8,7;832,35;139,0;1995,76;-200,0;1992,35;979,23;35,35;39,7;1,6136
31/07/2004;21.00.00;2,4;1599,75;-200,0;11,0;935,59;135,0;2008,08;57,0;1672,78;694,43;31,29;44,03;1,3912
31/07/2004;22.00.00;1,5;1236,68;-200,0;2,8;561,74;73,0;1938,04;33,0;1396,4;581,15;29,36;38,56;1,0297
31/07/2004;23.00.00;0,8;1117,47;-200,0;4,9;631,93;39,0;2167,29;21,0;1454,42;469,6;24,46;57,13;1,2075
01/08/2004;00.00.00;-200,0;974,87;-200,0;7,4;757,5;74,0;2047,68;33,0;1301,58;624,39;23,34;48,54;0,9946
01/08/2004;01.00.00;1,8;1339,06;-200,0;4,2;642,34;-200,0;2041,47;43,0;1511,32;635,99;25,7;46,46;1,1579
01/08/2004;02.00.00;-200,0;932,31;-200,0;3,4;626,75;83,0;2049,64;56,0;1529,32;605,06;24,91;49,91;1,1607
01/08/2004;03.00.00;0,9;1066,61;-200,0;3,7;586,56;110,0;2033,69;30,0;1345,11;543,68;23,22;42,41;0,8897
01/08/2004;04.00.00;1,4;1214,31;-200,0;3,5;585,17;82,0;2050,13;51,0;1606,04;671,97;24,9;61,11;1,2988
01/08/2004;05.00.00;2,1;1519,76;-200,0;3,6;632,89;68,0;2041,91;63,0;1851,58;737,47;28,3;59,25;1,7023
01/08/2004;06.00.00;1,2;1210,16;-200,0;5,5;686,19;138,0;1945,12;68,0;1626,66;685,08;27,3;43,34;1,1461
01/08/2004;07.00.00;1,6;1262,35;-200,0;-200,0;815,66;49,0;2088,3;85,0;1636,99;819,83;24,67;43,55;0,9781
01/08/2004;08.00.00;-200,0;1242,08;-200,0;16,2;1100,16;213,0;1960,43;49,0;1512,55;667,72;27,93;40,83;1,1634
01/08/2004;09.00.00;2,0;1361,73;-200,0;4,2;618,93;-200,0;1819,93;95,0;1676,56;869,72;27,84;30,89;0,8955
01/08/2004;10.00.00;1,1;1087,04;-200,0;2,8;549,32;267,0;1876,98;-200,0;1480,79;880,64;29,97;22,25;0,7321
01/08/2004;11.00.00;1,0;1126,38;-200,0;10,1;837,16;101,0;2020,22;74,0;1506,15;769,46;31,12;25,64;0,8144
01/08/2004;12.00.00;1,6;1196,68;-200,0;-200,0;612,45;42,0;1975,38;85,0;1484,33;782,52;32,03;21,36;0,6728
01/08/2004;13.00.00;1,0;1031,46;-200,0;4,7;613,89;32,0;2151,47;-200,0;1277,98;614,02;31,27;18,16;0,6397
01/08/2004;14.00.00;1,5;1119,75;-200,0;5,1;637,78;119,0;2036,76;44,0;1318,54;525,2;34,02;19,42;0,6624
01/08/2004;15.00.00;-200,0;1107,3;-200,0;3,9;615,02;76,0;2066,83;50,0;1483,21;637,39;33,33;24,84;0,9983
01/08/2004;16.00.00;0,7;896,98;-200,0;9,6;808,7;233,0;1873,61;53,0;1330,15;612,33;28,42;16,79;0,4689
01/08/2004;17.00.00;2,1;1377,86;-200,0;7,1;721,31;-200,0;2032,45;76,0;1524,15;743,37;37,88;20,95;0,9102
01/08/2004;18.00.00;1,1;1128,74;-200,0;6,6;720,12;-200,0;1916,97;-200,0;1770,42;963,9;35,16;26,6;1,0007
01/08/2004;19.00.00;1,6;1163,92;-200,0;7,5;745,2;441,0;1778,97;91,0;1610,57;776,4;31,2;29,46;0,89
01/08/2004;20.00.00;1,6;1248,23;-200,0;7,1;718,17;203,0;1993,82;-200,0;1642,82;891,0;30,78;27,96;0,8922
01/08/2004;21.00.00;1,9;1326,64;-200,0;4,0;611,55;63,0;2028,45;57,0;1442,39;733,35;27,11;36,17;0,9365
01/08/2004;22.00.00;0,9;1121,25;-200,0;7,3;768,4;252,0;1959,25;28,0;1552,33;463,82;31,55;43,09;1,3597
01/08/2004;23.00.00;0,7;1000,14;-200,0;3,4;596,07;121,0;2007,99;-200,0;1458,81;499,69;30,74;39,05;1,216
02/08/2004;00.00.00;1,1;1193,06;-200,0;2,5;588,25;73,0;2143,06;21,0;1490,64;568,58;26,16;54,81;1,2788
02/08/2004;01.00.00;1,0;1185,81;-200,0;5,0;696,26;130,0;2042,41;84,0;1837,18;884,12;27,1;58,51;1,5447
02/08/2004;02.00.00;1,0;1084,44;-200,0;8,3;794,66;151,0;2108,8;83,0;1689,19;799,62;24,91;49,54;1,132
02/08/2004;03.00.00;1,4;1152,4;-200,0;7,9;762,82;159,0;1960,5;84,0;1640,3;786,72;21,71;54,74;1,0259
02/08/2004;04.00.00;0,9;1061,66;-200,0;4,4;604,51;77,0;2146,15;-200,0;1574,09;728,86;23,73;56,37;1,1436
02/08/2004;05.00.00;0,8;1083,54;-200,0;4,2;607,94;179,0;2062,58;100,0;1760,02;890,37;25,32;48,63;1,125
02/08/2004;06.00.00;-200,0;1893,67;-200,0;13,5;1012,03;363,0;1683,25;117,0;1844,78;1108,85;24,94;50,9;1,1475
02/08/2004;07.00.00;2,4;1433,53;-200,0;5,9;681,47;356,0;1701,78;77,0;1686,65;813,69;26,45;45,58;1,1542
02/08/2004;08.00.00;3,2;1673,15;-200,0;-200,0;1124,54;-200,0;1663,72;125,0;1806,23;986,08;27,91;33,09;0,9042
02/08/2004;09.00.00;2,3;1472,57;-200,0;11,8;917,22;-200,0;1763,17;192,0;2202,13;1360,4;29,22;38,06;1,1472
02/08/2004;10.00.00;3,3;1753,82;-200,0;18,5;1175,42;201,0;1861,66;106,0;1638,98;917,22;30,78;25,61;0,7868
02/08/2004;11.00.00;-200,0;1250,51;-200,0;5,5;654,57;-200,0;2000,99;73,0;1469,52;721,48;29,76;31,46;0,8499
02/08/2004;12.00.00;-200,0;917,75;-200,0;5,1;651,0;231,0;2041,94;-200,0;1540,85;911,8;31,49;19,68;0,6969
02/08/2004;13.00.00;1,2;1087,43;-200,0;8,0;761,9;-200,0;2021,95;-200,0;1342,18;692,14;31,15;19,37;0,5788
02/08/2004;14.00.00;1,3;1113,34;-200,0;7,9;744,01;79,0;2089,18;147,0;1932,88;1113,54;36,17;25,24;1,0072
02/08/2004;15.00.00;1,3;1016,19;-200,0;9,5;832,74;201,0;1957,19;108,0;1546,63;891,41;30,17;20,25;0,6183
02/08/2004;16.00.00;1,4;1120,28;-200,0;7,7;733,82;-200,0;1993,03;68,0;1398,86;684,8;36,52;12,98;0,5717
02/08/2004;17.00.00;1,6;1223,68;-200,0;10,3;859,09;160,0;2010,56;-200,0;1728,05;1172,31;36,49;15,11;0,6198
02/08/2004;18.00.00;2,1;1330,48;-200,0;18,8;1206,83;273,0;1900,11;-200,0;1732,5;1235,46;32,32;20,04;0,6622
02/08/2004;19.00.00;2,7;1479,66;-200,0;8,5;767,83;356,0;1726,93;139,0;1782,24;1075,07;26,68;28,74;0,7074
02/08/2004;20.00.00;1,4;1246,01;-200,0;8,7;825,15;389,0;1776,49;253,0;2472,93;1783,78;29,96;32,9;1,0672
02/08/2004;21.00.00;-200,0;1106,35;-200,0;4,9;615,8;139,0;2078,45;102,0;1651,66;891,32;29,26;31,55;0,9197
02/08/2004;22.00.00;1,3;1084,56;-200,0;1,8;497,07;175,0;1928,6;43,0;1382,5;547,17;26,07;34,59;0,7974
02/08/2004;23.00.00;1,1;1119,58;-200,0;5,5;665,33;101,0;2051,78;53,0;1554,21;633,9;25,85;46,18;1,0676
03/08/2004;00.00.00;1,4;1234,88;-200,0;6,7;719,5;-200,0;2117,99;77,0;1757,88;773,94;28,84;47,67;1,3461
03/08/2004;01.00.00;1,0;1174,15;-200,0;5,3;668,58;87,0;2030,45;50,0;1714,73;711,97;26,32;62,23;1,5545
03/08/2004;02.00.00;0,8;1023,75;-200,0;5,5;691,51;89,0;2088,74;59,0;1534,27;702,7;22,64;53,42;1,0998
03/08/2004;03.00.00;0,7;1109,36;-200,0;5,5;670,74;125,0;2030,16;-200,0;1578,09;604,57;21,12;62,92;1,167
03/08/2004;04.00.00;1,0;1082,19;-200,0;6,0;688,55;260,0;1879,67;74,0;1563,63;850,83;23,83;47,39;0,9794
03/08/2004;05.00.00;1,8;1301,1;-200,0;-200,0;952,15;130,0;1973,76;54,0;1514,19;736,57;24,56;43,57;0,9576
03/08/2004;06.00.00;3,0;1653,86;-200,0;14,2;1040,86;213,0;1818,58;-200,0;1660,04;700,33;26,78;42,98;1,1297
03/08/2004;07.00.00;2,4;1455,33;-200,0;8,8;834,83;215,0;1798,71;-200,0;1815,1;914,77;25,75;50,8;1,1625
03/08/2004;08.00.00;2,0;1421,06;-200,0;22,3;1349,84;493,0;1609,13;171,0;2217,34;1300,69;29,05;49,29;1,3973
03/08/2004;09.00.00;-200,0;1401,07;-200,0;23,5;1421,53;445,0;1706,12;-200,0;2390,53;1607,85;33,19;31,94;1,18
03/08/2004;10.00.00;1,8;1367,7;-200,0;14,4;1029,51;515,0;1594,85;-200,0;1862,55;1069,62;32,24;28,89;1,0331
03/08/2004;11.00.00;1,6;1233,29;-200,0;9,5;817,08;146,0;1977,22;120,0;1648,63;1062,44;31,72;21,01;0,69
03/08/2004;12.00.00;2,4;1366,03;-200,0;7,9;734,92;225,0;1828,96;67,0;1329,96;749,76;32,49;14,07;0,4674
03/08/2004;13.00.00;2,3;1400,94;-200,0;3,6;587,78;258,0;1869,88;86,0;1534,47;815,69;32,94;23,86;0,7814
03/08/2004;14.00.00;1,3;1190,09;-200,0;3,2;595,97;115,0;2114,95;98,0;1654,75;908,13;36,51;19,58;0,865
03/08/2004;15.00.00;1,5;1179,43;-200,0;7,7;752,19;-200,0;2046,09;62,0;1379,77;691,02;33,06;17,9;0,7064
03/08/2004;16.00.00;1,2;1000,42;-200,0;4,3;615,03;169,0;1981,71;82,0;1374,52;786,89;34,24;11,47;0,5646
03/08/2004;17.00.00;1,1;1124,61;-200,0;5,3;653,82;209,0;1976,17;84,0;1739,48;811,69;33,75;28,46;1,0752
03/08/2004;18.00.00;5,0;2040,0;-200,0;5,8;658,44;363,0;1708,79;169,0;1844,49;1301,17;31,85;20,61;0,6885
03/08/2004;19.00.00;1,3;1059,1;-200,0;12,0;921,62;513,0;1704,99;65,0;1406,6;752,39;29,07;29,52;0,806
03/08/2004;20.00.00;1,4;1135,98;-200,0;14,0;1002,56;307,0;1905,09;-200,0;1485,32;765,5;31,26;23,92;0,6832
03/08/2004;21.00.00;3,4;1726,74;-200,0;9,5;838,22;191,0;1893,02;-200,0;1748,54;954,6;29,2;34,9;1,0229
03/08/2004;22.00.00;1,3;1250,31;-200,0;7,0;772,48;128,0;2107,58;34,0;1507,18;553,37;29,02;41,97;1,3256
03/08/2004;23.00.00;0,7;1012,93;-200,0;3,4;585,71;70,0;2088,71;39,0;1513,78;569,65;25,75;46,49;1,1801
04/08/2004;00.00.00;1,3;1217,6;-200,0;4,1;639,75;-200,0;2145,37;71,0;1730,04;652,21;28,15;49,44;1,4127
04/08/2004;01.00.00;1,5;1264,06;-200,0;5,9;701,86;-200,0;2112,22;65,0;1554,07;714,17;23,16;54,0;1,1327
04/08/2004;02.00.00;0,8;1028,47;-200,0;5,7;687,79;-200,0;2040,33;118,0;1936,56;989,25;27,84;47,67;1,3041
04/08/2004;03.00.00;1,1;1089,17;-200,0;4,3;612,67;147,0;1938,62;62,0;1474,66;656,43;20,75;54,93;0,8705
04/08/2004;04.00.00;1,9;1392,55;-200,0;6,6;717,07;123,0;2015,59;65,0;1700,41;747,68;25,29;53,9;1,2994
04/08/2004;05.00.00;1,2;1152,42;-200,0;3,1;588,96;113,0;1973,53;-200,0;1658,87;802,19;25,87;52,69;1,2448
04/08/2004;06.00.00;-200,0;1313,32;-200,0;7,9;748,09;190,0;1950,58;66,0;1597,85;743,52;24,12;49,03;1,0392
04/08/2004;07.00.00;3,9;1863,41;-200,0;8,7;825,65;342,0;1675,02;115,0;1731,89;939,51;27,6;38,57;1,0104
04/08/2004;08.00.00;1,3;1169,66;-200,0;-200,0;1494,56;417,0;1787,16;108,0;1758,44;948,23;30,51;34,01;1,0435
04/08/2004;09.00.00;2,7;1420,3;-200,0;10,2;822,92;1014,0;1068,99;237,0;2086,87;1741,34;24,81;24,87;0,5308
04/08/2004;10.00.00;2,6;1566,46;-200,0;11,8;903,17;-200,0;1967,45;158,0;2002,77;1308,76;31,55;35,37;1,1677
04/08/2004;11.00.00;1,0;1031,41;-200,0;7,0;712,02;194,0;1988,3;63,0;1452,13;743,77;26,76;31,08;0,7618
04/08/2004;12.00.00;1,3;1175,91;-200,0;5,6;663,99;234,0;1846,58;63,0;1498,27;660,74;30,85;27,43;0,8769
04/08/2004;13.00.00;2,2;1411,33;-200,0;7,3;741,09;113,0;2040,25;81,0;1551,37;844,99;36,84;21,89;0,8791
04/08/2004;14.00.00;-200,0;973,53;-200,0;5,0;615,16;312,0;1786,41;73,0;1274,61;827,01;32,91;10,0;0,3442
04/08/2004;15.00.00;0,8;919,39;-200,0;11,5;923,79;134,0;2066,18;46,0;1179,03;738,7;31,9;12,81;0,3758
04/08/2004;16.00.00;-200,0;1356,56;-200,0;3,1;537,6;-200,0;1884,57;75,0;1447,68;713,92;33,68;19,41;0,6851
04/08/2004;17.00.00;-200,0;1431,04;-200,0;11,5;917,68;233,0;1987,11;121,0;1744,59;1146,61;37,71;21,03;0,9656
04/08/2004;18.00.00;2,6;1455,33;-200,0;12,3;926,31;518,0;1600,29;170,0;1807,86;1216,8;29,12;22,1;0,5592
04/08/2004;19.00.00;2,9;1618,89;-200,0;14,1;986,23;248,0;1751,91;273,0;2359,74;1950,76;29,65;28,78;0,816
04/08/2004;20.00.00;3,7;1839,74;-200,0;13,7;1000,92;624,0;1450,93;146,0;2010,99;1158,32;33,54;31,34;1,1779
04/08/2004;21.00.00;2,0;1429,5;-200,0;11,8;967,03;222,0;1863,36;61,0;1534,2;740,14;32,96;36,54;1,2296
04/08/2004;22.00.00;1,6;1268,54;-200,0;5,6;670,64;151,0;2058,13;-200,0;1471,74;531,18;27,75;37,4;1,0926
04/08/2004;23.00.00;0,8;1107,74;-200,0;5,8;720,7;61,0;2122,93;69,0;1658,29;793,4;24,27;49,85;1,1617
05/08/2004;00.00.00;-200,0;995,3;-200,0;4,0;625,78;93,0;2070,84;76,0;1767,23;729,41;29,83;46,61;1,377
05/08/2004;01.00.00;-200,0;1193,65;-200,0;2,9;576,26;62,0;2103,77;49,0;1527,12;580,54;28,03;44,97;1,1865
05/08/2004;02.00.00;1,8;1337,36;-200,0;4,6;639,78;175,0;2000,41;62,0;1514,51;763,72;25,7;49,56;1,1973
05/08/2004;03.00.00;-200,0;1080,89;-200,0;8,2;763,66;71,0;2119,27;62,0;1533,17;641,84;22,55;52,29;0,975
05/08/2004;04.00.00;1,9;1374,45;-200,0;5,0;641,61;147,0;1882,32;-200,0;1643,93;652,96;24,25;58,39;1,1883
05/08/2004;05.00.00;1,4;1221,47;-200,0;4,3;619,93;-200,0;2080,13;46,0;1508,02;680,67;24,52;51,41;1,1294
05/08/2004;06.00.00;1,7;1351,35;-200,0;10,0;870,75;103,0;1950,85;103,0;1828,55;957,19;26,3;47,83;1,1779
05/08/2004;07.00.00;4,4;2040,0;-200,0;12,6;969,83;-200,0;1887,37;-200,0;2307,64;1605,4;29,58;38,79;1,1553
05/08/2004;08.00.00;2,7;1608,4;-200,0;11,0;898,65;-200,0;1608,27;-200,0;2154,78;1290,29;29,64;44,62;1,2973
05/08/2004;09.00.00;2,7;1610,4;-200,0;13,5;1015,09;273,0;1816,84;-200,0;1893,99;1124,31;27,02;32,77;0,9085
05/08/2004;10.00.00;1,3;1156,34;-200,0;10,5;860,67;-200,0;1924,5;109,0;1758,77;963,5;33,22;30,87;1,0389
05/08/2004;11.00.00;-200,0;1441,77;-200,0;8,3;793,31;242,0;1879,94;108,0;1842,88;933,46;32,3;34,43;1,1259
05/08/2004;12.00.00;1,3;1150,82;-200,0;8,9;784,66;248,0;1970,61;113,0;1782,76;960,99;34,08;25,85;1,0001
05/08/2004;13.00.00;1,6;1116,83;-200,0;5,4;645,57;-200,0;2004,16;85,0;1394,87;818,4;36,44;12,3;0,467
05/08/2004;14.00.00;1,3;1005,01;-200,0;7,7;729,32;137,0;2027,78;37,0;1161,1;584,88;31,78;10,0;0,2741
05/08/2004;15.00.00;1,2;1092,74;-200,0;-200,0;617,58;147,0;2050,6;113,0;1592,51;946,38;34,1;17,71;0,6754
05/08/2004;16.00.00;1,5;1074,37;-200,0;12,2;909,53;-200,0;1974,74;96,0;1427,54;923,13;32,94;12,58;0,3945
05/08/2004;17.00.00;2,0;1290,8;-200,0;17,2;1118,28;150,0;1962,74;96,0;1578,41;970,07;30,37;23,69;0,7268
05/08/2004;18.00.00;4,0;1863,76;-200,0;9,2;823,08;381,0;1715,47;-200,0;1746,15;1047,22;33,4;23,52;0,8214
05/08/2004;19.00.00;5,1;2040,0;-200,0;9,1;834,04;250,0;1805,16;138,0;1959,26;1195,73;36,7;27,86;1,162
05/08/2004;20.00.00;3,2;1623,4;-200,0;17,7;1145,55;419,0;1645,97;-200,0;1865,23;1416,04;26,79;27,84;0,6034
05/08/2004;21.00.00;2,8;1659,06;-200,0;8,9;831,33;214,0;1956,32;48,0;1599,61;679,51;29,11;44,74;1,3008
05/08/2004;22.00.00;1,7;1375,08;-200,0;6,2;734,78;-200,0;2146,97;68,0;1814,47;707,96;29,16;54,9;1,5299
05/08/2004;23.00.00;1,3;1127,21;-200,0;3,1;573,31;125,0;1950,62;50,0;1613,5;681,19;26,92;43,64;1,1103
06/08/2004;00.00.00;1,8;1348,9;-200,0;3,7;611,78;65,0;2030,02;49,0;1484,6;628,03;25,34;50,62;1,1622
06/08/2004;01.00.00;0,7;996,64;-200,0;3,8;613,46;-200,0;2074,19;34,0;1449,53;619,75;22,17;52,2;1,0127
06/08/2004;02.00.00;-200,0;1053,09;-200,0;5,4;671,55;160,0;1992,83;32,0;1515,54;618,72;24,73;52,22;1,1769
06/08/2004;03.00.00;-200,0;1091,95;-200,0;-200,0;591,95;114,0;2002,82;124,0;1848,7;1085,2;22,58;49,97;1,0126
06/08/2004;04.00.00;1,3;1187,09;-200,0;5,6;645,61;178,0;1973,16;69,0;1469,77;754,55;19,89;48,09;0,7891
06/08/2004;05.00.00;2,0;1379,12;-200,0;4,0;607,02;120,0;2017,63;137,0;1964,31;1128,12;27,16;46,04;1,2579
06/08/2004;06.00.00;1,2;1120,58;-200,0;6,5;724,69;278,0;1964,96;119,0;1878,61;1026,91;27,48;50,88;1,253
06/08/2004;07.00.00;-200,0;1636,46;-200,0;10,7;876,97;316,0;1834,41;128,0;1893,07;1034,62;26,7;42,53;1,0657
06/08/2004;08.00.00;2,5;1521,79;-200,0;17,9;1173,08;471,0;1759,8;175,0;1989,62;1302,59;28,26;27,9;0,8119
06/08/2004;09.00.00;-200,0;-200,0;-200,0;18,6;-200,0;371,0;-200,0;231,0;-200,0;-200,0;-200,0;-200,0;-200,0
06/08/2004;10.00.00;2,6;1489,52;-200,0;15,1;1068,81;589,0;1542,57;184,0;2019,14;1357,24;30,84;31,28;0,9448
06/08/2004;11.00.00;3,3;1765,47;-200,0;4,7;647,15;456,0;1627,01;108,0;1815,6;963,75;33,41;33,86;1,193
06/08/2004;12.00.00;1,3;1055,38;-200,0;11,2;894,41;67,0;2080,18;111,0;1641,14;963,5;32,04;25,27;0,8055
06/08/2004;13.00.00;1,5;-200,0;-200,0;5,0;-200,0;225,0;-200,0;-200,0;-200,0;-200,0;-200,0;-200,0;-200,0
06/08/2004;14.00.00;1,0;974,51;-200,0;4,8;606,07;-200,0;2056,64;74,0;1272,26;734,53;34,57;10,0;0,3502
06/08/2004;15.00.00;1,1;1040,09;-200,0;6,3;671,46;166,0;1980,99;54,0;1411,28;769,27;34,49;14,53;0,573
06/08/2004;16.00.00;1,0;1034,71;-200,0;5,7;639,2;74,0;2120,44;-200,0;1404,85;800,49;31,39;15,62;0,524
06/08/2004;17.00.00;2,2;1413,81;-200,0;10,4;884,62;275,0;1865,89;80,0;1605,0;777,0;34,0;25,26;1,0677
06/08/2004;18.00.00;3,1;1618,28;-200,0;15,7;1083,29;239,0;1817,92;125,0;1747,84;1024,36;30,97;23,36;0,7627
06/08/2004;19.00.00;3,8;1830,46;-200,0;10,8;896,21;321,0;1784,48;-200,0;2044,8;1380,93;30,32;32,8;0,9724
06/08/2004;20.00.00;2,0;1260,05;-200,0;11,4;905,17;271,0;1793,58;132,0;1715,35;1087,14;28,76;24,85;0,6319
06/08/2004;21.00.00;2,2;1429,9;-200,0;7,6;760,06;149,0;2007,94;138,0;1940,56;1037,82;26,97;40,95;1,0387
06/08/2004;22.00.00;1,3;1292,79;-200,0;7,3;760,58;86,0;2088,16;47,0;1728,29;698,43;32,05;44,39;1,4989
06/08/2004;23.00.00;1,0;1113,81;-200,0;3,3;568,43;70,0;2045,74;-200,0;1297,52;370,13;29,26;35,04;0,9111
07/08/2004;00.00.00;0,6;1059,87;-200,0;3,0;571,71;67,0;2119,84;64,0;1740,7;658,52;29,32;55,57;1,5901
07/08/2004;01.00.00;1,1;1113,23;-200,0;2,7;566,65;93,0;2019,0;46,0;1543,13;592,76;22,24;52,28;1,0438
07/08/2004;02.00.00;-200,0;1225,26;-200,0;3,0;584,06;202,0;1980,02;51,0;1519,48;675,16;24,33;55,58;1,2055
07/08/2004;03.00.00;1,2;1119,76;-200,0;2,8;567,8;70,0;2011,52;42,0;1513,76;554,0;21,43;49,9;0,9856
07/08/2004;04.00.00;1,5;1175,97;-200,0;3,9;623,31;123,0;2044,98;32,0;1452,38;499,86;22,8;59,99;1,1409
07/08/2004;05.00.00;1,8;1295,87;-200,0;10,3;883,2;182,0;1861,94;-200,0;1447,4;649,77;22,85;45,89;0,969
07/08/2004;06.00.00;1,1;1204,12;-200,0;8,8;820,54;122,0;2062,49;91,0;1859,7;845,77;27,96;53,12;1,488
07/08/2004;07.00.00;1,9;1275,92;-200,0;15,0;1069,25;92,0;1983,05;97,0;1791,65;844,05;25,72;49,33;1,2309
07/08/2004;08.00.00;-200,0;-200,0;-200,0;8,4;-200,0;143,0;-200,0;-200,0;-200,0;-200,0;-200,0;-200,0;-200,0
07/08/2004;09.00.00;2,3;1480,34;-200,0;5,8;677,91;126,0;2030,2;78,0;1814,48;821,58;30,23;46,15;1,4337
07/08/2004;10.00.00;2,9;1597,74;-200,0;10,6;884,16;461,0;1593,27;-200,0;2204,14;1443,66;34,92;32,73;1,2573
07/08/2004;11.00.00;1,7;1227,35;-200,0;-200,0;1027,59;222,0;1804,71;77,0;1457,82;812,66;28,56;30,5;0,7855
07/08/2004;12.00.00;0,7;904,1;-200,0;5,0;626,52;-200,0;1922,28;143,0;1680,61;1141,81;35,07;15,86;0,61
07/08/2004;13.00.00;-200,0;1281,63;-200,0;5,7;677,92;-200,0;1920,37;71,0;1660,72;819,33;35,64;31,23;1,2336
07/08/2004;14.00.00;1,2;1071,49;-200,0;2,8;543,4;93,0;2007,52;97,0;1361,28;851,05;31,9;12,72;0,4737
07/08/2004;15.00.00;0,7;989,07;-200,0;5,1;666,65;299,0;1804,44;-200,0;1392,76;636,13;36,03;23,35;1,0016
07/08/2004;16.00.00;1,3;1013,91;-200,0;5,4;646,47;151,0;1955,8;39,0;1242,52;586,44;34,52;13,87;0,478
07/08/2004;17.00.00;1,1;1002,19;-200,0;3,5;587,91;-200,0;2031,87;81,0;1476,22;807,0;32,89;17,54;0,5857
07/08/2004;18.00.00;3,0;1623,32;-200,0;7,1;712,98;437,0;1731,29;140,0;1852,9;1059,74;30,91;27,44;0,8558
07/08/2004;19.00.00;2,5;1512,73;-200,0;-200,0;780,89;415,0;1640,71;163,0;2003,09;1214,31;30,08;32,37;0,983
07/08/2004;20.00.00;1,6;1155,76;-200,0;5,6;642,44;460,0;1722,16;128,0;1852,5;1156,38;34,41;25,21;1,0186
07/08/2004;21.00.00;2,1;1386,19;-200,0;5,2;639,82;301,0;1848,65;161,0;2098,34;1276,45;29,02;41,68;1,2339
07/08/2004;22.00.00;1,4;1233,96;-200,0;5,5;664,67;-200,0;2020,21;59,0;1645,34;625,73;29,29;46,11;1,3491
07/08/2004;23.00.00;0,9;-200,0;-200,0;2,9;-200,0;80,0;-200,0;39,0;-200,0;-200,0;-200,0;-200,0;-200,0
08/08/2004;00.00.00;0,6;1004,77;-200,0;5,0;634,51;42,0;2128,44;35,0;1434,43;496,77;23,84;57,05;1,1415
08/08/2004;01.00.00;0,7;1054,17;-200,0;3,0;570,68;34,0;2141,1;31,0;1581,14;482,8;26,77;44,64;1,1992
08/08/2004;02.00.00;0,8;975,56;-200,0;4,2;607,81;107,0;1986,42;47,0;1409,51;651,56;21,41;50,6;0,9264
08/08/2004;03.00.00;1,4;1233,43;-200,0;4,8;666,1;124,0;2052,09;65,0;1618,01;623,95;23,1;56,73;1,2507
08/08/2004;04.00.00;-200,0;975,29;-200,0;7,6;779,39;40,0;2053,97;77,0;1771,54;871,14;24,17;49,45;1,0964
08/08/2004;05.00.00;1,2;1154,32;-200,0;3,5;619,63;75,0;2089,59;48,0;1565,36;642,61;24,83;53,24;1,3152
08/08/2004;06.00.00;1,2;1114,56;-200,0;6,3;690,9;126,0;2006,81;60,0;1636,66;751,64;25,04;50,27;1,1903
08/08/2004;07.00.00;2,3;1477,71;-200,0;4,9;652,63;-200,0;1901,63;-200,0;1591,59;716,94;27,23;44,4;1,086
08/08/2004;08.00.00;2,1;1383,08;-200,0;17,2;1144,23;536,0;1572,81;136,0;2007,87;1121,83;29,03;45,15;1,2691
08/08/2004;09.00.00;2,4;1441,25;-200,0;6,0;692,98;175,0;1999,93;67,0;1636,73;704,69;30,4;35,19;1,0833
08/08/2004;10.00.00;1,4;1186,86;-200,0;8,2;771,38;162,0;2032,95;63,0;1505,9;691,6;28,26;32,83;0,8624
08/08/2004;11.00.00;-200,0;1045,18;-200,0;10,0;843,39;168,0;2042,93;-200,0;1278,12;474,62;30,87;33,06;1,0329
08/08/2004;12.00.00;1,1;1145,46;-200,0;3,1;562,36;93,0;2064,81;38,0;1440,82;577,89;34,86;27,56;1,0151
08/08/2004;13.00.00;1,5;1215,45;-200,0;5,7;669,01;80,0;2020,32;-200,0;1446,87;537,04;35,05;24,67;0,9803
08/08/2004;14.00.00;1,5;1109,95;-200,0;2,9;528,99;72,0;2045,72;42,0;1215,46;462,02;31,02;13,2;0,4352
08/08/2004;15.00.00;1,0;-200,0;-200,0;10,2;-200,0;-200,0;-200,0;32,0;-200,0;-200,0;-200,0;-200,0;-200,0
08/08/2004;16.00.00;0,9;961,47;-200,0;2,2;515,35;-200,0;2090,38;37,0;1172,45;627,65;29,81;14,55;0,5342
08/08/2004;17.00.00;1,0;1015,58;-200,0;3,3;575,09;187,0;1996,65;101,0;1454,19;893,7;33,36;14,34;0,5241
08/08/2004;18.00.00;1,7;1262,39;-200,0;5,1;669,28;-200,0;1915,16;69,0;1528,95;589,88;36,27;23,25;0,9425
08/08/2004;19.00.00;2,0;1316,15;-200,0;5,8;682,51;66,0;2098,25;55,0;1266,04;687,75;29,54;22,81;0,5938
08/08/2004;20.00.00;2,9;1606,55;-200,0;9,3;801,99;91,0;1985,46;61,0;1503,94;691,33;28,56;35,63;1,0027
08/08/2004;21.00.00;1,4;1257,9;-200,0;-200,0;895,93;101,0;2069,24;44,0;1540,49;570,9;30,46;40,41;1,2445
08/08/2004;22.00.00;1,3;1127,77;-200,0;6,0;657,45;120,0;1977,61;44,0;1321,6;496,81;24,55;31,48;0,746
08/08/2004;23.00.00;0,7;981,62;-200,0;3,6;618,21;48,0;2213,31;-200,0;1516,53;613,24;25,17;41,19;0,9503
09/08/2004;00.00.00;1,1;1108,22;-200,0;3,9;615,43;95,0;2110,55;29,0;1339,12;558,22;26,5;41,87;0,9892
09/08/2004;01.00.00;1,2;1098,11;-200,0;3,4;586,73;-200,0;2002,49;55,0;1441,74;645,63;23,25;49,72;1,12
09/08/2004;02.00.00;1,2;-200,0;-200,0;5,6;-200,0;135,0;-200,0;86,0;-200,0;-200,0;-200,0;-200,0;-200,0
09/08/2004;03.00.00;1,3;1150,61;-200,0;4,9;672,38;98,0;2092,33;84,0;1703,07;709,12;25,34;53,23;1,2363
09/08/2004;04.00.00;1,5;1218,96;-200,0;6,3;706,67;-200,0;1983,13;80,0;1734,59;932,07;24,86;50,88;1,1706
09/08/2004;05.00.00;1,8;1352,4;-200,0;5,0;646,54;91,0;2085,81;84,0;1791,9;820,72;25,05;58,53;1,3753
09/08/2004;06.00.00;2,7;1536,67;-200,0;5,1;647,97;-200,0;1381,87;81,0;1517,39;836,23;24,63;37,64;0,7776
09/08/2004;07.00.00;1,1;1211,75;-200,0;11,3;938,09;356,0;1846,06;196,0;2231,66;1439,73;27,09;51,63;1,3437
09/08/2004;08.00.00;4,5;2040,0;-200,0;14,9;1044,25;869,0;1272,58;188,0;2092,25;1409,81;27,31;38,38;0,9826
09/08/2004;09.00.00;1,7;1238,74;-200,0;11,9;943,54;284,0;1878,47;128,0;1922,53;1065,43;29,76;36,05;1,1057
09/08/2004;10.00.00;2,7;1499,01;-200,0;8,5;772,44;-200,0;1748,16;121,0;1741,07;1051,83;29,15;29,15;0,8076
09/08/2004;11.00.00;4,3;1956,46;-200,0;10,3;867,67;171,0;1903,56;75,0;1636,99;821,03;30,98;35,16;1,095
09/08/2004;12.00.00;1,6;-200,0;-200,0;-200,0;-200,0;169,0;-200,0;75,0;-200,0;-200,0;-200,0;-200,0;-200,0
09/08/2004;13.00.00;-200,0;1202,83;-200,0;13,1;957,63;136,0;1998,97;107,0;1664,5;1012,85;33,11;20,91;0,8113
09/08/2004;14.00.00;1,3;1141,23;-200,0;10,1;816,54;97,0;2074,24;-200,0;1358,67;736,94;32,05;21,69;0,5706
09/08/2004;15.00.00;1,8;-200,0;-200,0;3,7;-200,0;94,0;-200,0;51,0;-200,0;-200,0;-200,0;-200,0;-200,0
09/08/2004;16.00.00;1,8;1217,74;-200,0;6,1;660,49;155,0;1905,45;-200,0;1520,88;929,67;34,19;14,45;0,5452
09/08/2004;17.00.00;1,6;-200,0;-200,0;5,5;-200,0;183,0;-200,0;154,0;-200,0;-200,0;-200,0;-200,0;-200,0
09/08/2004;18.00.00;-200,0;1445,01;-200,0;6,4;687,65;361,0;1716,66;111,0;1586,08;1013,83;33,95;19,28;0,6723
09/08/2004;19.00.00;2,0;1321,36;-200,0;33,7;1782,26;277,0;1892,24;259,0;2248,48;1747,79;30,49;23,36;0,6806
09/08/2004;20.00.00;-200,0;1497,42;-200,0;21,7;1315,44;441,0;1648,26;186,0;2072,88;1437,4;30,96;30,03;0,926
09/08/2004;21.00.00;1,6;1351,21;-200,0;6,4;711,99;169,0;1995,68;76,0;1669,14;773,89;29,95;39,69;1,145
09/08/2004;22.00.00;1,3;1212,0;-200,0;8,2;779,11;231,0;1932,94;86,0;1661,46;838,44;28,44;39,39;1,0304
09/08/2004;23.00.00;0,8;1106,93;-200,0;6,8;713,19;-200,0;2074,97;31,0;1439,97;550,86;24,7;50,83;1,0985
10/08/2004;00.00.00;-200,0;1086,36;-200,0;1,9;531,75;78,0;2057,56;39,0;1372,39;582,38;25,52;44,29;1,0663
10/08/2004;01.00.00;1,1;1148,35;-200,0;6,0;669,96;184,0;1983,64;35,0;1463,04;592,53;25,16;45,88;1,0683
10/08/2004;02.00.00;-200,0;1223,71;-200,0;4,0;615,69;88,0;2069,16;40,0;1642,22;577,26;23,94;63,57;1,4066
10/08/2004;03.00.00;1,5;1125,22;-200,0;6,2;675,84;104,0;2008,07;-200,0;1524,57;792,29;19,58;51,26;0,8611
10/08/2004;04.00.00;1,3;1086,51;-200,0;18,6;1182,88;-200,0;2035,94;67,0;1568,57;735,71;24,25;47,39;0,9804
10/08/2004;05.00.00;1,2;1129,18;-200,0;12,0;948,17;-200,0;1975,37;52,0;1595,87;639,82;28,85;43,43;1,2632
10/08/2004;06.00.00;-200,0;1390,98;-200,0;7,6;766,33;147,0;2007,35;74,0;1666,91;727,43;24,5;54,66;1,1734
10/08/2004;07.00.00;2,3;1422,29;-200,0;19,3;1226,88;408,0;1722,93;101,0;1689,65;1021,73;24,8;43,85;1,0307
10/08/2004;08.00.00;4,4;2040,0;-200,0;7,2;751,91;-200,0;1658,64;178,0;2070,56;1324,57;28,21;39,94;1,0413
10/08/2004;09.00.00;4,6;2040,0;-200,0;18,2;1180,08;576,0;1472,52;340,0;2723,01;2153,03;29,38;35,76;1,0152
10/08/2004;10.00.00;1,5;1216,62;-200,0;14,0;1007,0;408,0;1735,58;-200,0;1965,16;1112,17;32,44;36,96;1,2607
10/08/2004;11.00.00;2,3;1469,63;-200,0;10,9;875,71;169,0;1922,65;-200,0;1686,03;871,11;28,74;26,66;0,7892
10/08/2004;12.00.00;-200,0;1414,49;-200,0;5,8;683,31;126,0;2050,83;129,0;1984,61;1067,04;33,76;35,55;1,3277
10/08/2004;13.00.00;0,9;-200,0;-200,0;7,4;-200,0;134,0;-200,0;-200,0;-200,0;-200,0;-200,0;-200,0;-200,0
10/08/2004;14.00.00;-200,0;1251,39;-200,0;-200,0;785,17;-200,0;2070,54;103,0;1692,53;914,33;33,3;24,48;0,981
10/08/2004;15.00.00;1,9;1311,19;-200,0;2,4;531,81;156,0;2051,72;57,0;1379,35;699,3;34,43;22,58;0,7764
10/08/2004;16.00.00;1,1;1063,35;-200,0;5,8;678,64;191,0;1944,41;66,0;1428,39;739,68;35,65;18,98;0,7257
10/08/2004;17.00.00;1,9;1298,07;-200,0;6,5;693,45;-200,0;1931,06;92,0;1469,18;927,35;34,83;18,03;0,6538
10/08/2004;18.00.00;-200,0;1597,61;-200,0;16,6;1076,01;258,0;1864,03;138,0;1760,22;1229,85;30,01;25,49;0,6853
10/08/2004;19.00.00;3,7;1895,4;-200,0;24,7;1435,22;308,0;1793,06;-200,0;1986,39;1250,73;32,9;30,1;1,0314
10/08/2004;20.00.00;1,8;1330,65;-200,0;9,8;847,79;-200,0;1757,57;154,0;1929,89;1208,16;29,92;29,03;0,9119
10/08/2004;21.00.00;-200,0;1605,86;-200,0;5,4;674,63;156,0;1898,04;80,0;1665,55;817,89;28,9;37,38;1,0394
10/08/2004;22.00.00;0,6;997,15;-200,0;5,3;660,0;147,0;2101,05;60,0;1669,21;647,99;27,61;47,39;1,2456
10/08/2004;23.00.00;1,7;1312,93;-200,0;2,6;559,92;107,0;2105,29;28,0;1509,67;465,73;25,96;55,9;1,2721
11/08/2004;00.00.00;1,3;1228,52;-200,0;3,6;616,24;155,0;1977,06;58,0;1738,19;648,43;27,51;53,67;1,3819
11/08/2004;01.00.00;0,9;1062,6;-200,0;3,8;612,04;77,0;2057,07;72,0;1741,1;741,67;24,17;61,57;1,3294
11/08/2004;02.00.00;1,7;1305,07;-200,0;6,0;686,45;95,0;1952,36;59,0;1493,16;657,19;21,6;50,91;0,9973
11/08/2004;03.00.00;0,9;1068,54;-200,0;6,1;701,48;-200,0;2140,39;78,0;1644,05;842,45;22,88;58,18;1,1037
11/08/2004;04.00.00;1,5;1270,17;-200,0;6,3;745,24;94,0;2040,18;51,0;1657,85;674,42;24,19;60,75;1,3136
11/08/2004;05.00.00;-200,0;1259,41;-200,0;12,3;959,5;107,0;1978,36;121,0;1934,31;1012,82;26,79;47,78;1,2705
11/08/2004;06.00.00;2,0;1360,26;-200,0;8,9;823,33;249,0;1892,13;96,0;1723,29;775,41;26,34;46,97;1,1433
11/08/2004;07.00.00;1,8;1348,85;-200,0;9,6;826,62;632,0;1490,76;75,0;1637,32;773,35;24,46;54,36;1,1085
11/08/2004;08.00.00;2,6;1589,28;-200,0;13,4;982,85;-200,0;1626,32;-200,0;2459,53;1760,39;32,34;36,45;1,3188
11/08/2004;09.00.00;3,2;1722,69;-200,0;11,3;882,46;616,0;1454,6;-200,0;2180,57;1540,89;29,19;29,96;0,9073
11/08/2004;10.00.00;1,9;1382,12;-200,0;-200,0;780,0;224,0;1875,26;232,0;2534,69;1631,16;32,51;39,65;1,4207
11/08/2004;11.00.00;2,1;1378,77;-200,0;4,9;649,66;127,0;2000,6;159,0;1895,44;1214,76;30,86;33,65;0,983
11/08/2004;12.00.00;1,3;1167,14;-200,0;10,8;890,32;155,0;1983,33;121,0;1821,29;1029,05;33,27;26,1;1,0194
11/08/2004;13.00.00;2,2;1393,35;-200,0;4,9;647,77;-200,0;1935,52;-200,0;1485,26;758,82;34,67;20,85;0,7733
11/08/2004;14.00.00;2,5;1457,19;-200,0;6,7;722,6;98,0;2059,84;85,0;1435,11;818,36;35,93;17,09;0,685
11/08/2004;15.00.00;1,3;1109,41;-200,0;5,2;614,97;149,0;1990,93;46,0;1418,07;518,16;35,78;20,08;0,7931
11/08/2004;16.00.00;2,1;1328,87;-200,0;6,5;702,29;97,0;2061,57;68,0;1662,36;654,39;35,24;27,18;1,1374
11/08/2004;17.00.00;1,9;1297,5;-200,0;14,3;1033,99;-200,0;1820,56;267,0;2350,84;1859,69;32,36;22,27;0,7587
11/08/2004;18.00.00;2,0;1310,66;-200,0;13,9;1016,53;292,0;1759,82;82,0;1664,55;826,29;31,06;34,78;1,1417
11/08/2004;19.00.00;2,6;1523,79;-200,0;10,4;851,56;388,0;1749,81;179,0;1945,8;1292,31;31,83;23,18;0,7802
11/08/2004;20.00.00;2,7;1594,42;-200,0;10,0;820,83;-200,0;1748,32;136,0;1865,34;1160,24;31,82;31,91;1,0639
11/08/2004;21.00.00;-200,0;982,61;-200,0;11,3;879,87;169,0;1989,65;120,0;1830,77;1024,0;28,22;34,8;0,9112
11/08/2004;22.00.00;1,6;1279,55;-200,0;6,2;717,0;198,0;2046,87;62,0;1676,09;726,61;29,5;35,9;1,1512
11/08/2004;23.00.00;1,1;1153,48;-200,0;5,7;681,56;43,0;2136,6;68,0;1690,47;783,6;29,07;44,9;1,2226
12/08/2004;00.00.00;1,5;1249,33;-200,0;3,6;606,44;140,0;2000,04;46,0;1500,76;566,35;23,2;51,6;1,0935
12/08/2004;01.00.00;1,4;1170,21;-200,0;2,6;552,62;-200,0;2047,13;64,0;1544,41;636,96;22,56;55,0;1,1214
12/08/2004;02.00.00;1,3;1240,87;-200,0;5,9;739,68;160,0;2084,62;62,0;1715,94;677,03;23,46;65,03;1,4298
12/08/2004;03.00.00;1,2;1133,49;-200,0;5,9;702,97;-200,0;2024,13;56,0;1648,5;629,77;24,18;57,11;1,3251
12/08/2004;04.00.00;2,4;1537,27;-200,0;6,6;702,0;201,0;1957,97;59,0;1577,78;686,95;22,69;59,93;1,2032
12/08/2004;05.00.00;3,3;-200,0;-200,0;3,9;-200,0;152,0;-200,0;112,0;-200,0;-200,0;-200,0;-200,0;-200,0
12/08/2004;06.00.00;-200,0;1313,74;-200,0;-200,0;728,03;223,0;1930,72;110,0;2040,09;939,1;25,88;57,91;1,4892
12/08/2004;07.00.00;3,5;1850,49;-200,0;7,9;777,9;471,0;1659,98;172,0;2206,81;1354,72;26,15;57,78;1,4156
12/08/2004;08.00.00;2,4;1433,21;-200,0;17,5;1149,06;-200,0;1713,32;248,0;2373,36;1832,12;24,4;44,1;0,9285
12/08/2004;09.00.00;2,5;1452,26;-200,0;17,8;1165,51;712,0;1421,17;-200,0;1785,82;1083,99;25,94;31,83;0,7532
12/08/2004;10.00.00;2,1;1417,45;-200,0;11,3;891,53;-200,0;1804,28;117,0;1678,01;969,33;30,42;29,39;0,8475
12/08/2004;11.00.00;2,4;1471,77;-200,0;12,1;907,8;155,0;1905,47;84,0;1567,78;822,0;26,8;29,2;0,7623
12/08/2004;12.00.00;1,1;1082,79;-200,0;12,4;951,69;149,0;2034,85;110,0;1831,35;940,46;34,13;26,34;1,0501
12/08/2004;13.00.00;2,6;1490,26;-200,0;7,4;727,92;225,0;1886,74;-200,0;1544,27;796,12;32,58;24,69;0,855
12/08/2004;14.00.00;-200,0;1343,76;-200,0;7,7;765,21;84,0;2017,61;-200,0;1566,74;709,64;39,88;21,7;1,0233
12/08/2004;15.00.00;-200,0;1287,46;-200,0;4,7;654,31;-200,0;1964,6;47,0;1462,52;583,25;38,18;18,82;0,9299
12/08/2004;16.00.00;1,4;-200,0;-200,0;5,0;-200,0;137,0;-200,0;97,0;-200,0;-200,0;-200,0;-200,0;-200,0
12/08/2004;17.00.00;-200,0;1567,37;-200,0;13,6;951,35;138,0;1922,27;135,0;1777,03;1187,14;32,69;23,21;0,7364
12/08/2004;18.00.00;-200,0;1166,01;-200,0;9,3;869,75;378,0;1853,49;172,0;2196,03;1374,05;34,09;33,34;1,2503
12/08/2004;19.00.00;3,6;1900,2;-200,0;19,2;1234,9;296,0;1813,29;-200,0;2121,86;1289,98;34,47;32,89;1,2799
12/08/2004;20.00.00;-200,0;1637,92;-200,0;24,0;1384,29;260,0;1878,73;193,0;2094,29;1491,58;26,59;34,8;0,8969
12/08/2004;21.00.00;1,0;1006,08;-200,0;10,5;853,73;159,0;2068,41;90,0;1628,59;920,05;25,0;41,94;0,9621
12/08/2004;22.00.00;1,5;-200,0;-200,0;5,0;-200,0;123,0;-200,0;92,0;-200,0;-200,0;-200,0;-200,0;-200,0
12/08/2004;23.00.00;1,3;1166,28;-200,0;2,4;557,51;71,0;2009,82;58,0;1573,62;574,7;27,23;43,25;1,1314
13/08/2004;00.00.00;0,6;948,96;-200,0;4,2;589,53;96,0;2129,7;30,0;1522,39;556,67;25,93;45,9;1,1651
13/08/2004;01.00.00;-200,0;1108,76;-200,0;6,4;732,83;144,0;2014,33;48,0;1711,43;531,54;26,28;51,88;1,3225
13/08/2004;02.00.00;2,5;1511,87;-200,0;4,5;616,74;137,0;1944,85;62,0;1453,47;663,35;21,24;52,19;0,9047
13/08/2004;03.00.00;1,2;1090,07;-200,0;8,0;789,59;266,0;1924,09;49,0;1473,57;551,47;18,84;60,96;0,975
13/08/2004;04.00.00;2,0;1504,3;-200,0;6,8;745,69;333,0;1848,04;95,0;1874,0;888,99;25,36;51,92;1,3259
13/08/2004;05.00.00;2,3;1374,38;-200,0;-200,0;756,65;142,0;1994,52;40,0;1395,5;680,41;22,48;48,49;0,9423
13/08/2004;06.00.00;2,1;1380,06;-200,0;7,2;735,08;125,0;1990,51;117,0;1823,29;1043,92;20,9;59,35;1,0469
13/08/2004;07.00.00;3,5;1783,55;-200,0;6,5;718,8;264,0;1851,58;157,0;1980,26;1300,63;26,26;43,66;1,0873
13/08/2004;08.00.00;1,5;1202,23;-200,0;12,8;992,83;428,0;1745,22;88,0;1664,47;886,02;28,76;42,34;1,1779
13/08/2004;09.00.00;2,9;1630,8;-200,0;12,9;953,21;-200,0;1113,73;173,0;2074,76;1244,63;28,22;39,17;1,0395
13/08/2004;10.00.00;0,8;972,52;-200,0;14,4;1017,9;-200,0;1874,99;111,0;1661,63;986,47;28,85;26,57;0,7333
13/08/2004;11.00.00;1,0;1136,3;-200,0;8,4;799,32;238,0;1874,93;148,0;1948,61;1194,6;30,65;34,09;1,1435
13/08/2004;12.00.00;1,4;1174,61;-200,0;10,7;890,58;-200,0;2007,66;-200,0;1456,74;731,22;31,26;27,37;0,8826
13/08/2004;13.00.00;1,2;1024,24;-200,0;7,2;719,09;134,0;1979,37;94,0;1587,33;931,53;30,1;29,12;0,8224
13/08/2004;14.00.00;1,5;1075,33;-200,0;-200,0;608,8;85,0;2121,09;94,0;1458,85;834,63;31,87;16,13;0,4659
13/08/2004;15.00.00;-200,0;1199,84;-200,0;4,3;631,4;-200,0;2007,55;58,0;1488,53;686,89;34,51;19,41;0,8597
13/08/2004;16.00.00;1,6;1229,07;-200,0;-200,0;643,19;283,0;1834,11;113,0;1656,64;968,39;33,94;19,72;0,7279
13/08/2004;17.00.00;-200,0;1346,5;-200,0;9,8;822,12;371,0;1682,7;90,0;1539,11;908,49;33,14;22,64;0,8348
13/08/2004;18.00.00;3,1;1557,4;-200,0;11,3;869,0;297,0;1812,49;221,0;1996,04;1585,13;30,01;16,91;0,4752
13/08/2004;19.00.00;-200,0;1394,72;-200,0;9,8;817,89;623,0;1492,17;-200,0;2731,78;2242,34;30,61;28,47;0,909
13/08/2004;20.00.00;-200,0;1251,09;-200,0;18,3;1165,99;192,0;2011,37;186,0;1927,06;1416,25;25,41;25,12;0,6649
13/08/2004;21.00.00;1,8;1401,26;-200,0;8,7;758,94;192,0;1961,28;112,0;1824,35;1001,29;28,83;38,71;1,0695
13/08/2004;22.00.00;1,3;1117,19;-200,0;5,7;680,51;126,0;2016,4;50,0;1513,01;639,12;30,03;30,93;0,9634
13/08/2004;23.00.00;-200,0;960,4;-200,0;2,9;528,62;143,0;2045,45;84,0;1525,63;881,51;23,02;36,66;0,684
14/08/2004;00.00.00;1,5;1307,46;-200,0;2,4;579,16;79,0;2085,94;56,0;1671,68;579,89;23,66;53,86;1,2507
14/08/2004;01.00.00;-200,0;1200,3;-200,0;3,7;595,52;104,0;2081,8;40,0;1495,38;619,55;24,69;49,9;1,1427
14/08/2004;02.00.00;-200,0;1075,58;-200,0;-200,0;527,51;77,0;2137,86;81,0;1678,92;820,22;26,04;49,49;1,1875
14/08/2004;03.00.00;1,1;1114,63;-200,0;6,4;717,88;119,0;2024,54;57,0;1553,02;686,84;22,47;61,4;1,2093
14/08/2004;04.00.00;2,6;1524,83;-200,0;4,0;618,85;202,0;1864,75;74,0;1602,26;750,88;22,15;56,07;1,0722
14/08/2004;05.00.00;1,5;1175,21;-200,0;5,2;656,02;68,0;2093,44;57,0;1459,81;763,99;20,1;56,99;0,9674
14/08/2004;06.00.00;1,8;1360,39;-200,0;8,1;748,95;270,0;1947,77;57,0;1584,57;680,75;25,04;48,94;1,0069
14/08/2004;07.00.00;1,7;1363,91;-200,0;8,7;837,5;221,0;1979,98;79,0;1998,05;865,23;29,95;59,44;1,7945
14/08/2004;08.00.00;-200,0;1431,6;-200,0;7,9;766,96;181,0;2020,05;121,0;1768,99;1127,51;27,63;38,68;1,0241
14/08/2004;09.00.00;4,4;2040,0;-200,0;22,0;1342,33;294,0;1816,06;162,0;2102,91;1248,77;28,32;45,76;1,292
14/08/2004;10.00.00;2,2;1419,32;-200,0;5,4;670,98;424,0;1658,34;97,0;1648,11;887,3;30,3;32,08;0,9637
14/08/2004;11.00.00;1,6;1208,74;-200,0;3,0;539,65;143,0;1998,33;62,0;1320,03;620,11;30,84;19,77;0,5895
14/08/2004;12.00.00;-200,0;1111,85;-200,0;8,5;762,63;163,0;1981,23;51,0;1383,65;591,68;30,28;26,73;0,8231
14/08/2004;13.00.00;3,3;1706,53;-200,0;3,2;577,95;66,0;2008,78;-200,0;1576,73;911,39;34,34;23,03;0,8006
14/08/2004;14.00.00;1,3;1111,26;-200,0;8,4;735,3;56,0;2102,36;-200,0;1284,06;676,96;33,65;14,4;0,5384
14/08/2004;15.00.00;1,0;1031,16;-200,0;5,9;661,01;74,0;2141,21;-200,0;1136,67;504,25;33,4;14,43;0,4324
14/08/2004;16.00.00;1,1;1020,1;-200,0;6,4;671,01;205,0;1884,26;65,0;1390,15;840,55;31,25;19,53;0,6901
14/08/2004;17.00.00;2,3;1407,7;-200,0;6,3;720,67;190,0;1961,88;77,0;1626,22;770,21;35,3;23,2;0,9679
14/08/2004;18.00.00;1,4;1123,14;-200,0;7,9;711,81;446,0;1747,32;128,0;1548,61;1002,07;33,23;11,96;0,3854
14/08/2004;19.00.00;3,0;1643,74;-200,0;10,5;850,71;522,0;1610,9;112,0;1768,23;941,71;29,76;33,31;1,031
14/08/2004;20.00.00;1,7;1334,09;-200,0;7,4;781,08;195,0;1918,18;-200,0;2012,51;1327,2;31,66;29,91;0,9987
14/08/2004;21.00.00;0,8;1037,77;-200,0;11,1;898,48;330,0;1880,06;-200,0;1468,72;800,61;27,37;30,38;0,7482
14/08/2004;22.00.00;0,8;1043,89;-200,0;3,4;575,66;80,0;2067,57;49,0;1419,02;590,61;25,51;46,41;0,9984
14/08/2004;23.00.00;1,0;1090,68;-200,0;4,5;612,04;114,0;2062,86;39,0;1429,94;532,49;24,35;45,92;1,035
15/08/2004;00.00.00;1,5;1222,0;-200,0;4,8;626,59;93,0;2043,6;44,0;1497,51;567,67;21,18;55,98;0,9966
15/08/2004;01.00.00;1,3;1223,11;-200,0;2,5;570,5;70,0;2045,81;-200,0;1569,28;685,66;24,87;54,95;1,3111
15/08/2004;02.00.00;-200,0;1051,29;-200,0;4,3;623,43;78,0;2014,28;38,0;1404,61;638,69;19,77;54,55;0,9306
15/08/2004;03.00.00;1,5;1266,88;-200,0;2,9;556,08;97,0;2086,25;47,0;1487,42;612,23;20,8;54,41;0,9503
15/08/2004;04.00.00;-200,0;1013,51;-200,0;4,0;638,86;97,0;2046,29;-200,0;1482,29;626,42;19,28;56,97;1,0336
15/08/2004;05.00.00;0,7;1003,42;-200,0;3,9;600,78;88,0;2078,5;70,0;1605,2;750,64;23,76;50,69;1,1169
15/08/2004;06.00.00;1,3;1159,1;-200,0;4,2;579,88;103,0;2069,01;41,0;1385,14;556,18;24,42;45,64;0,8345
15/08/2004;07.00.00;1,0;1068,95;-200,0;7,6;798,83;149,0;1963,46;72,0;1624,73;798,08;25,11;49,22;1,116
15/08/2004;08.00.00;2,7;1512,8;-200,0;5,7;686,65;388,0;1753,54;95,0;1656,11;802,39;24,88;41,11;0,8711
15/08/2004;09.00.00;2,7;1512,78;-200,0;13,0;960,21;120,0;1991,62;159,0;1918,29;1270,19;25,92;37,34;0,8652
15/08/2004;10.00.00;1,2;1215,49;-200,0;4,8;653,98;145,0;1953,77;-200,0;1798,67;1066,82;30,48;37,96;1,1756
15/08/2004;11.00.00;1,4;1164,1;-200,0;3,5;582,09;114,0;2006,19;72,0;1480,62;710,79;29,66;27,6;0,8403
15/08/2004;12.00.00;1,3;1117,51;-200,0;-200,0;596,42;100,0;2095,95;41,0;1380,19;560,96;32,43;24,52;0,8612
15/08/2004;13.00.00;-200,0;1222,47;-200,0;4,0;590,84;114,0;2081,51;53,0;1372,69;533,42;30,82;18,59;0,6437
15/08/2004;14.00.00;0,7;962,09;-200,0;5,0;646,7;53,0;2161,31;-200,0;1616,53;816,49;33,45;21,94;0,833
15/08/2004;15.00.00;1,4;1164,73;-200,0;4,4;625,56;139,0;1977,92;47,0;1449,35;702,18;35,87;20,92;0,8957
15/08/2004;16.00.00;0,8;962,66;-200,0;2,5;511,34;149,0;2002,29;56,0;1464,78;564,24;34,26;24,29;0,9357
15/08/2004;17.00.00;1,9;1272,03;-200,0;8,8;789,1;190,0;1892,32;73,0;1411,02;726,01;31,77;18,69;0,6883
15/08/2004;18.00.00;2,6;1497,07;-200,0;7,2;733,21;184,0;1952,65;68,0;1420,79;813,39;32,31;22,16;0,7457
15/08/2004;19.00.00;1,6;1191,2;-200,0;9,8;840,4;167,0;1922,02;77,0;1558,01;782,06;30,28;32,13;0,9758
15/08/2004;20.00.00;2,7;1538,21;-200,0;17,9;1142,45;168,0;2010,45;67,0;1597,11;720,39;29,57;33,78;0,9063
15/08/2004;21.00.00;0,8;1024,27;-200,0;9,0;824,67;131,0;2041,73;-200,0;1544,13;687,97;27,61;32,64;0,9222
15/08/2004;22.00.00;1,5;1196,49;-200,0;4,2;628,72;106,0;2023,6;-200,0;1533,22;612,5;26,64;48,37;1,2167
15/08/2004;23.00.00;1,6;1226,42;-200,0;2,0;528,72;61,0;2057,79;41,0;1483,23;544,76;26,19;37,68;1,0739
16/08/2004;00.00.00;1,2;1236,32;-200,0;2,4;545,42;96,0;2029,6;-200,0;1516,87;661,14;22,63;53,96;1,0656
16/08/2004;01.00.00;1,1;1077,21;-200,0;6,8;695,93;-200,0;2080,83;101,0;1645,43;894,36;21,79;46,57;0,8974
16/08/2004;02.00.00;-200,0;1252,6;-200,0;4,2;655,98;124,0;1985,43;128,0;1929,59;1078,08;20,55;64,13;1,1712
16/08/2004;03.00.00;-200,0;1067,25;-200,0;5,1;659,28;113,0;2093,15;-200,0;1411,32;805,06;19,95;47,59;0,7648
16/08/2004;04.00.00;-200,0;1817,49;-200,0;3,9;600,81;159,0;1942,23;91,0;1694,97;899,36;20,89;60,46;1,1181
16/08/2004;05.00.00;1,3;1212,81;-200,0;7,9;745,33;77,0;2085,49;93,0;1757,47;891,91;24,14;52,49;1,1531
16/08/2004;06.00.00;-200,0;1651,43;-200,0;12,6;958,82;-200,0;1883,29;-200,0;1867,52;1069,12;22,83;48,2;0,9661
16/08/2004;07.00.00;1,9;1334,06;-200,0;20,4;1291,05;-200,0;1727,72;177,0;2243,7;1288,3;26,68;47,24;1,2535
16/08/2004;08.00.00;5,5;-200,0;-200,0;12,9;-200,0;514,0;-200,0;142,0;-200,0;-200,0;-200,0;-200,0;-200,0
16/08/2004;09.00.00;-200,0;2040,0;-200,0;19,6;1214,3;-200,0;1706,61;-200,0;2528,97;2122,22;24,22;32,79;0,736
16/08/2004;10.00.00;2,8;1560,31;-200,0;11,2;873,66;228,0;1863,8;211,0;2218,2;1484,45;30,76;28,57;0,9762
16/08/2004;11.00.00;2,1;1433,68;-200,0;11,8;935,11;149,0;1978,06;129,0;1837,3;1009,99;32,27;31,56;1,0471
16/08/2004;12.00.00;1,2;1050,52;-200,0;7,1;682,16;201,0;1915,62;-200,0;1458,22;916,89;29,7;16,04;0,4643
16/08/2004;13.00.00;1,1;1106,34;-200,0;4,8;634,52;207,0;1963,51;83,0;1598,34;824,52;33,32;18,8;0,7991
16/08/2004;14.00.00;1,6;1239,41;-200,0;10,0;868,68;107,0;1982,78;73,0;1710,2;739,38;31,27;35,13;1,1655
16/08/2004;15.00.00;2,4;1349,96;-200,0;6,1;663,51;240,0;1926,81;85,0;1445,92;872,34;33,35;14,47;0,5001
16/08/2004;16.00.00;1,3;1123,24;-200,0;5,8;671,25;279,0;1881,32;81,0;1610,99;823,62;30,45;25,66;0,8384
16/08/2004;17.00.00;4,5;1983,38;-200,0;10,0;787,76;254,0;1843,53;118,0;1465,41;965,84;28,9;18,79;0,5087
16/08/2004;18.00.00;-200,0;1386,71;-200,0;10,0;823,77;411,0;1728,8;-200,0;1787,73;1095,72;30,92;27,13;0,7872
16/08/2004;19.00.00;3,3;1767,34;-200,0;17,5;1145,79;199,0;1843,26;158,0;2009,82;1245,6;30,4;31,58;1,0485
16/08/2004;20.00.00;2,9;1625,25;-200,0;11,7;895,95;269,0;1864,69;258,0;2421,44;1766,3;28,65;38,3;1,0249
16/08/2004;21.00.00;1,8;1320,04;-200,0;6,1;714,52;124,0;1959,62;-200,0;1741,55;928,89;25,78;36,31;0,9963
16/08/2004;22.00.00;-200,0;1037,31;-200,0;12,8;961,51;81,0;2084,9;54,0;1555,54;713,49;26,06;51,91;1,244
16/08/2004;23.00.00;0,9;-200,0;-200,0;2,8;-200,0;105,0;-200,0;51,0;-200,0;-200,0;-200,0;-200,0;-200,0
17/08/2004;00.00.00;1,1;1045,86;-200,0;4,5;661,74;113,0;1944,07;32,0;1451,84;485,74;24,42;51,35;1,0755
17/08/2004;01.00.00;1,1;1145,94;-200,0;4,5;656,93;-200,0;2094,57;-200,0;1682,73;726,92;24,08;54,26;1,2371
17/08/2004;02.00.00;1,6;1259,69;-200,0;3,3;607,95;122,0;2046,41;-200,0;1437,03;646,74;21,87;49,23;0,9732
17/08/2004;03.00.00;1,7;1424,76;-200,0;4,8;676,65;157,0;1916,59;58,0;1742,03;619,87;25,38;54,02;1,3129
17/08/2004;04.00.00;1,3;1177,18;-200,0;3,6;607,8;73,0;2091,85;62,0;1508,33;740,87;20,86;55,64;1,0592
17/08/2004;05.00.00;-200,0;1055,82;-200,0;14,7;1031,88;95,0;2014,85;47,0;1465,61;635,56;24,69;50,88;1,126
17/08/2004;06.00.00;3,2;1814,69;-200,0;7,4;749,48;188,0;1908,91;171,0;2282,25;1346,21;26,87;62,38;1,5292
17/08/2004;07.00.00;1,5;1192,31;-200,0;10,7;893,52;-200,0;1728,74;141,0;1956,82;1141,89;26,5;42,26;1,0558
17/08/2004;08.00.00;-200,0;1561,78;-200,0;32,0;1733,39;342,0;1775,6;313,0;2748,0;2173,08;26,34;48,0;1,2028
17/08/2004;09.00.00;2,3;1483,32;-200,0;11,2;866,79;235,0;1901,44;-200,0;1972,01;1238,73;26,98;41,73;1,05
17/08/2004;10.00.00;-200,0;1721,43;-200,0;19,1;1226,24;231,0;1863,23;-200,0;1975,58;1191,43;31,41;32,72;1,0854
17/08/2004;11.00.00;3,0;1518,47;-200,0;10,7;862,62;145,0;1927,04;126,0;1680,41;1087,93;27,69;24,12;0,662
17/08/2004;12.00.00;1,6;1158,41;-200,0;3,4;543,83;85,0;2027,31;98,0;1477,51;834,88;29,64;20,88;0,5759
17/08/2004;13.00.00;1,7;1160,48;-200,0;5,7;680,6;401,0;1740,03;67,0;1445,05;688,35;31,58;19,27;0,6565
17/08/2004;14.00.00;1,7;1204,05;-200,0;7,2;695,04;242,0;1948,54;41,0;1147,37;599,51;35,35;11,13;0,4356
17/08/2004;15.00.00;2,7;-200,0;-200,0;5,9;-200,0;60,0;-200,0;143,0;-200,0;-200,0;-200,0;-200,0;-200,0
17/08/2004;16.00.00;-200,0;877,89;-200,0;6,8;712,98;72,0;2132,1;-200,0;1343,11;746,75;30,93;12,65;0,4432
17/08/2004;17.00.00;2,7;1561,08;-200,0;7,4;758,81;172,0;1928,64;246,0;2290,4;1683,24;31,75;28,59;0,9148
17/08/2004;18.00.00;3,2;1614,76;-200,0;10,1;836,15;-200,0;1940,5;-200,0;1763,11;988,03;30,35;27,81;0,8375
17/08/2004;19.00.00;2,7;1556,67;-200,0;13,4;983,73;1102,0;1111,84;269,0;2453,98;1842,29;29,12;32,38;0,9406
17/08/2004;20.00.00;3,0;1645,65;-200,0;26,7;1534,04;240,0;1790,88;-200,0;2122,8;1244,67;31,29;35,73;1,2318
17/08/2004;21.00.00;2,4;1494,21;-200,0;5,9;676,85;244,0;1823,4;119,0;1768,09;999,85;25,3;38,28;0,906
17/08/2004;22.00.00;1,6;1351,42;-200,0;4,3;649,21;96,0;2094,19;50,0;1695,87;573,56;29,96;49,41;1,5233
17/08/2004;23.00.00;2,3;1471,02;-200,0;4,1;645,26;52,0;2135,96;43,0;1466,8;629,95;27,2;43,4;1,1148
18/08/2004;00.00.00;1,1;1150,46;-200,0;2,3;544,28;129,0;1983,31;42,0;1562,0;595,96;26,57;50,85;1,2748
18/08/2004;01.00.00;1,2;1131,32;-200,0;5,2;671,83;126,0;1972,78;55,0;1634,66;692,4;22,67;56,92;1,1455
18/08/2004;02.00.00;1,2;1084,14;-200,0;3,0;561,98;108,0;2016,87;55,0;1507,65;698,84;22,8;48,37;0,9974
18/08/2004;03.00.00;-200,0;1268,68;-200,0;3,6;581,92;344,0;1785,98;55,0;1630,62;692,02;20,06;71,08;1,2176
18/08/2004;04.00.00;1,4;1238,4;-200,0;-200,0;629,6;158,0;1999,68;53,0;1552,69;678,82;22,05;55,12;1,1397
18/08/2004;05.00.00;1,6;1339,99;-200,0;3,6;609,8;135,0;2043,75;60,0;1587,02;726,87;24,58;53,89;1,1934
18/08/2004;06.00.00;1,9;1395,16;-200,0;13,3;1014,07;461,0;1679,82;109,0;1920,31;1021,45;26,98;56,6;1,3708
18/08/2004;07.00.00;2,3;1511,25;-200,0;14,1;1008,09;360,0;1842,62;102,0;1794,98;877,09;23,21;51,17;1,2017
18/08/2004;08.00.00;2,6;-200,0;-200,0;21,8;-200,0;822,0;-200,0;119,0;-200,0;-200,0;-200,0;-200,0;-200,0
18/08/2004;09.00.00;3,7;1858,69;-200,0;21,2;1306,53;410,0;1632,51;178,0;2119,51;1380,45;27,62;38,24;1,085
18/08/2004;10.00.00;2,3;1312,6;-200,0;11,0;887,46;87,0;1983,85;-200,0;1425,72;747,69;26,43;25,41;0,7041
18/08/2004;11.00.00;2,4;1421,45;-200,0;8,4;800,43;112,0;1979,43;95,0;1609,05;970,74;31,61;25,81;0,9017
18/08/2004;12.00.00;-200,0;1279,6;-200,0;10,5;860,51;277,0;1876,52;-200,0;1577,84;846,47;30,01;27,45;0,824
18/08/2004;13.00.00;1,3;-200,0;-200,0;12,2;-200,0;123,0;-200,0;-200,0;-200,0;-200,0;-200,0;-200,0;-200,0
18/08/2004;14.00.00;2,5;1458,93;-200,0;3,8;618,53;161,0;1929,0;-200,0;1547,4;691,98;31,85;26,31;0,8187
18/08/2004;15.00.00;1,4;1095,9;-200,0;15,3;1043,56;223,0;1918,89;44,0;1296,64;610,35;31,35;18,99;0,7194
18/08/2004;16.00.00;2,0;1257,73;-200,0;4,1;587,96;-200,0;1919,98;71,0;1276,36;774,99;32,74;13,27;0,424
18/08/2004;17.00.00;-200,0;-200,0;-200,0;7,9;-200,0;168,0;-200,0;129,0;-200,0;-200,0;-200,0;-200,0;-200,0
18/08/2004;18.00.00;1,4;1217,73;-200,0;13,7;999,98;353,0;1900,19;168,0;2012,97;1357,49;30,72;32,04;1,0162
18/08/2004;19.00.00;2,5;1529,03;-200,0;-200,0;1110,03;425,0;1680,07;129,0;1799,58;1178,39;28,97;33,08;0,9441
18/08/2004;20.00.00;-200,0;1198,78;-200,0;26,8;1511,19;285,0;1895,61;-200,0;1995,17;1296,55;29,86;32,12;0,9346
18/08/2004;21.00.00;1,7;1390,41;-200,0;12,3;951,1;118,0;1997,37;125,0;1987,9;1053,41;31,23;42,81;1,4588
18/08/2004;22.00.00;2,2;-200,0;-200,0;6,1;-200,0;-200,0;-200,0;43,0;-200,0;-200,0;-200,0;-200,0;-200,0
18/08/2004;23.00.00;0,8;1072,22;-200,0;6,0;725,75;82,0;2064,76;25,0;1478,75;588,07;27,42;47,17;1,2591
19/08/2004;00.00.00;0,5;985,74;-200,0;4,5;599,82;45,0;2118,15;81,0;1548,55;865,32;21,49;43,91;0,8076
19/08/2004;01.00.00;1,9;1351,48;-200,0;3,4;588,42;65,0;1988,57;-200,0;1550,3;590,3;23,79;50,4;1,1371
19/08/2004;02.00.00;1,1;1105,93;-200,0;5,9;693,35;82,0;1995,63;49,0;1491,45;627,87;20,78;58,25;1,0304
19/08/2004;03.00.00;-200,0;1159,16;-200,0;5,6;670,38;58,0;2081,51;-200,0;1411,64;743,83;19,85;47,71;0,896
19/08/2004;04.00.00;1,9;1344,81;-200,0;4,4;630,72;151,0;1954,69;72,0;1563,08;796,16;21,5;55,97;1,0609
19/08/2004;05.00.00;-200,0;1359,12;-200,0;10,9;906,33;181,0;1975,18;106,0;1927,71;906,39;25,86;55,23;1,3963
19/08/2004;06.00.00;2,4;1582,64;-200,0;8,1;782,31;165,0;1971,08;57,0;1720,8;665,99;26,17;58,14;1,4241
19/08/2004;07.00.00;3,4;1756,22;-200,0;7,6;728,33;171,0;1910,98;113,0;1910,15;971,02;25,79;53,29;1,2866
19/08/2004;08.00.00;-200,0;1353,44;-200,0;10,7;879,67;494,0;1683,28;288,0;2591,33;1903,95;23,45;46,72;1,0465
19/08/2004;09.00.00;1,9;1373,2;-200,0;19,0;1196,77;527,0;1649,76;222,0;2185,53;1720,56;27,42;26,93;0,8192
19/08/2004;10.00.00;3,8;1895,1;-200,0;17,6;1140,25;324,0;1760,07;165,0;2080,56;1356,66;29,71;37,69;1,2038
19/08/2004;11.00.00;1,5;1216,01;-200,0;10,3;853,9;221,0;1906,54;109,0;1794,78;991,46;30,66;32,27;1,0589
19/08/2004;12.00.00;1,3;1099,35;-200,0;8,6;795,38;226,0;1895,64;89,0;1497,21;876,13;27,66;26,29;0,7315
19/08/2004;13.00.00;1,0;989,51;-200,0;4,8;609,74;152,0;2003,86;64,0;1313,3;777,77;30,36;13,5;0,3924
19/08/2004;14.00.00;1,3;1130,46;-200,0;6,3;684,78;-200,0;2037,92;58,0;1359,57;660,11;32,51;16,47;0,5868
19/08/2004;15.00.00;1,3;1049,82;-200,0;5,2;615,85;135,0;2029,33;87,0;1343,15;878,03;33,88;13,9;0,4737
19/08/2004;16.00.00;1,1;1064,05;-200,0;6,2;673,58;138,0;2068,31;64,0;1255,38;821,62;28,25;10,28;0,3023
19/08/2004;17.00.00;1,4;1201,85;-200,0;9,1;833,59;235,0;1904,07;115,0;1694,6;1021,21;31,81;22,14;0,7629
19/08/2004;18.00.00;3,1;1607,6;-200,0;10,4;852,48;516,0;1593,9;-200,0;1861,25;1261,28;31,63;21,02;0,5987
19/08/2004;19.00.00;2,3;1548,03;-200,0;20,1;1282,7;246,0;1960,71;336,0;2775,0;2235,16;32,01;41,87;1,4177
19/08/2004;20.00.00;2,2;1379,5;-200,0;8,7;803,19;366,0;1780,44;134,0;1812,39;1081,25;30,49;32,24;1,0255
19/08/2004;21.00.00;0,9;1080,77;-200,0;5,1;657,99;-200,0;2069,02;136,0;2022,85;1058,53;28,97;44,21;1,2648
19/08/2004;22.00.00;-200,0;1565,01;-200,0;3,9;609,63;81,0;2095,35;74,0;1517,44;776,46;24,91;34,55;0,8097
19/08/2004;23.00.00;1,5;1229,03;-200,0;5,7;663,43;-200,0;1973,29;45,0;1293,1;537,19;21,49;44,09;0,7638
20/08/2004;00.00.00;0,9;1074,86;-200,0;4,5;658,72;101,0;2097,16;31,0;1485,75;493,67;23,37;51,1;1,0338
20/08/2004;01.00.00;0,8;1068,32;-200,0;-200,0;576,76;103,0;2030,14;50,0;1551,49;604,37;25,36;48,94;1,2017
20/08/2004;02.00.00;-200,0;1188,42;-200,0;6,2;703,37;-200,0;2081,08;-200,0;1693,66;806,04;25,65;53,17;1,2694
20/08/2004;03.00.00;-200,0;1207,07;-200,0;5,4;688,11;115,0;2020,76;42,0;1568,69;554,75;24,11;54,8;1,2169
20/08/2004;04.00.00;0,9;1052,98;-200,0;5,2;654,73;60,0;2126,81;90,0;1803,01;852,93;23,72;54,11;1,1313
20/08/2004;05.00.00;0,6;1060,43;-200,0;6,2;732,81;167,0;2109,28;-200,0;1926,29;938,64;24,12;62,75;1,3756
20/08/2004;06.00.00;1,5;1263,37;-200,0;5,0;633,89;123,0;1986,1;95,0;1687,16;888,39;23,04;52,51;0,9667
20/08/2004;07.00.00;1,4;1217,45;-200,0;12,4;958,5;-200,0;1825,56;173,0;2064,35;1371,35;24,93;49,29;1,1726
20/08/2004;08.00.00;3,4;1828,21;-200,0;9,6;862,46;-200,0;1677,86;-200,0;2251,06;1334,06;29,73;45,25;1,444
20/08/2004;09.00.00;3,4;1715,97;-200,0;13,6;1002,79;252,0;1834,78;206,0;2215,71;1442,57;25,8;40,95;0,9332
20/08/2004;10.00.00;1,8;1308,96;-200,0;10,4;852,93;366,0;1792,73;211,0;2294,53;1545,05;32,21;32,82;1,0749
20/08/2004;11.00.00;1,6;1189,88;-200,0;11,5;908,65;524,0;1670,75;58,0;1418,38;788,0;29,54;27,29;0,83
20/08/2004;12.00.00;3,1;1661,21;-200,0;7,3;747,89;163,0;1923,4;63,0;1591,43;698,09;33,87;26,0;1,0443
20/08/2004;13.00.00;-200,0;1345,59;-200,0;8,6;768,32;230,0;1880,57;111,0;1673,06;986,62;29,2;28,09;0,8163
20/08/2004;14.00.00;1,2;1156,45;-200,0;3,9;617,85;60,0;2143,33;109,0;1696,61;911,64;33,69;26,13;0,9048
20/08/2004;15.00.00;-200,0;1608,73;-200,0;-200,0;681,06;170,0;1905,13;-200,0;1188,86;573,66;31,21;18,69;0,5953
20/08/2004;16.00.00;1,0;1058,37;-200,0;8,2;764,39;129,0;2042,24;125,0;1650,12;1026,81;29,69;24,34;0,675
20/08/2004;17.00.00;1,6;1160,39;-200,0;15,2;1041,12;218,0;1885,76;46,0;1284,35;662,58;32,46;21,33;0,7052
20/08/2004;18.00.00;2,7;1548,56;-200,0;8,7;786,46;459,0;1653,79;181,0;2029,71;1323,7;33,24;25,33;0,8996
20/08/2004;19.00.00;1,8;1343,94;-200,0;11,0;914,16;370,0;1710,97;180,0;1888,85;1339,89;28,5;26,52;0,6953
20/08/2004;20.00.00;5,0;2040,0;-200,0;15,5;1072,84;-200,0;1840,79;112,0;1551,46;1009,87;25,98;32,32;0,7476
20/08/2004;21.00.00;2,0;1343,23;-200,0;15,5;1069,02;403,0;1672,42;76,0;1688,16;696,88;27,5;44,6;1,1846
20/08/2004;22.00.00;1,0;1118,12;-200,0;5,8;662,75;65,0;2020,38;49,0;1524,13;665,7;26,22;43,01;1,0712
20/08/2004;23.00.00;1,3;1181,88;-200,0;2,7;555,54;60,0;2026,61;44,0;1465,97;532,47;26,29;47,57;1,1058
21/08/2004;00.00.00;1,1;1125,92;-200,0;2,4;544,26;78,0;2103,81;80,0;1553,35;736,99;25,93;43,54;1,0759
21/08/2004;01.00.00;1,0;1124,26;-200,0;4,2;625,53;89,0;2033,14;-200,0;1535,26;632,59;23,12;52,09;1,0586
21/08/2004;02.00.00;0,8;1044,68;-200,0;5,1;672,37;115,0;2055,17;80,0;1752,78;872,45;26,45;54,22;1,3899
21/08/2004;03.00.00;0,7;1000,53;-200,0;4,5;650,75;115,0;2032,55;-200,0;1466,31;699,66;23,01;51,9;1,1066
21/08/2004;04.00.00;2,8;1616,88;-200,0;3,5;552,55;197,0;1919,48;65,0;1558,86;674,42;22,04;55,54;1,0533
21/08/2004;05.00.00;0,9;1070,75;-200,0;8,9;808,98;169,0;1925,13;47,0;1410,32;707,7;20,01;51,49;0,9209
21/08/2004;06.00.00;2,9;1639,31;-200,0;6,1;710,9;104,0;1980,81;72,0;1561,47;839,06;23,5;51,17;1,0407
21/08/2004;07.00.00;1,6;1256,06;-200,0;11,8;900,76;83,0;2039,45;90,0;1724,43;874,94;24,39;47,65;1,1264
21/08/2004;08.00.00;3,5;1795,61;-200,0;-200,0;695,54;359,0;1751,7;164,0;1993,44;1369,6;28,19;37,92;1,003
21/08/2004;09.00.00;-200,0;1711,14;-200,0;20,1;1247,73;626,0;1506,33;-200,0;1750,46;1073,0;28,49;36,05;1,0254
21/08/2004;10.00.00;2,7;1481,42;-200,0;7,6;752,02;150,0;1853,29;-200,0;1560,57;818,79;26,5;33,77;0,8364
21/08/2004;11.00.00;2,2;1376,42;-200,0;12,1;930,41;-200,0;2056,75;93,0;1679,41;913,62;30,41;34,96;1,0343
21/08/2004;12.00.00;0,8;1026,8;-200,0;7,8;760,04;171,0;2050,31;69,0;1506,62;710,87;32,44;26,6;0,9657
21/08/2004;13.00.00;-200,0;1089,55;-200,0;3,3;557,01;163,0;2021,61;-200,0;1362,48;625,04;34,95;19,15;0,7257
21/08/2004;14.00.00;0,8;1070,96;-200,0;5,9;673,82;196,0;1918,05;46,0;1380,63;609,66;34,17;22,65;0,774
21/08/2004;15.00.00;1,4;1172,55;-200,0;9,7;826,01;235,0;1944,24;47,0;1424,15;584,38;34,09;28,58;0,935
21/08/2004;16.00.00;0,9;-200,0;-200,0;4,6;-200,0;151,0;-200,0;86,0;-200,0;-200,0;-200,0;-200,0;-200,0
21/08/2004;17.00.00;0,9;1021,77;-200,0;15,0;1048,32;135,0;2021,18;-200,0;1685,98;842,61;32,67;25,19;0,9514
21/08/2004;18.00.00;-200,0;1450,96;-200,0;12,8;979,9;198,0;1967,34;96,0;1757,37;911,58;33,6;28,94;1,128
21/08/2004;19.00.00;1,2;1088,34;-200,0;20,7;1278,37;263,0;1977,86;110,0;1714,56;975,38;27,4;36,24;0,9182
21/08/2004;20.00.00;2,5;1506,26;-200,0;11,3;898,93;426,0;1678,12;81,0;1662,32;858,0;28,16;38,76;1,0455
21/08/2004;21.00.00;1,1;1060,09;-200,0;6,8;735,93;142,0;1982,53;71,0;1579,76;730,4;26,02;40,88;0,9734
21/08/2004;22.00.00;0,9;1000,6;-200,0;9,3;824,58;153,0;2009,54;55,0;1552,69;686,8;27,03;48,05;1,1725
21/08/2004;23.00.00;0,5;1031,92;-200,0;4,9;647,71;40,0;2167,4;33,0;1432,43;524,5;27,53;41,64;1,0563
22/08/2004;00.00.00;1,7;-200,0;-200,0;3,0;-200,0;-200,0;-200,0;77,0;-200,0;-200,0;-200,0;-200,0;-200,0
22/08/2004;01.00.00;0,6;975,59;-200,0;4,1;602,5;51,0;2085,1;50,0;1398,06;641,17;18,33;54,58;0,8797
22/08/2004;02.00.00;0,9;1099,8;-200,0;3,1;568,22;-200,0;2124,39;43,0;1476,66;596,9;21,79;55,93;1,0857
22/08/2004;03.00.00;0,6;1029,84;-200,0;4,2;636,61;77,0;2095,82;48,0;1511,12;672,18;24,27;53,48;1,1147
22/08/2004;04.00.00;0,9;1086,8;-200,0;6,9;724,53;132,0;2067,48;32,0;1574,02;614,1;23,68;59,72;1,2814
22/08/2004;05.00.00;2,2;1433,47;-200,0;4,5;638,7;-200,0;2056,35;37,0;1316,21;674,36;23,97;44,48;0,8507
22/08/2004;06.00.00;1,5;1211,09;-200,0;-200,0;581,96;127,0;2011,46;96,0;1714,83;902,17;23,34;48,26;1,0537
22/08/2004;07.00.00;1,3;1143,82;-200,0;5,0;648,06;252,0;1936,3;138,0;1836,63;1140,19;22,38;44,78;0,9012
22/08/2004;08.00.00;2,0;1288,47;-200,0;9,6;815,14;-200,0;1979,58;51,0;1395,31;662,95;27,18;34,68;0,8344
22/08/2004;09.00.00;-200,0;1307,16;-200,0;6,9;739,32;246,0;1939,97;121,0;1921,65;988,65;25,77;45,67;1,179
22/08/2004;10.00.00;1,6;1222,18;-200,0;4,3;637,14;252,0;1822,21;-200,0;1793,82;1051,26;33,1;26,75;0,8689
22/08/2004;11.00.00;1,8;1279,63;-200,0;3,6;570,74;129,0;1997,57;58,0;1388,56;698,87;31,08;26,26;0,8715
22/08/2004;12.00.00;1,1;1130,82;-200,0;7,8;736,05;58,0;2069,55;92,0;1692,95;933,67;29,81;30,01;0,9296
22/08/2004;13.00.00;1,3;1133,38;-200,0;4,4;630,61;81,0;2125,93;68,0;1537,23;792,66;30,55;25,84;0,746
22/08/2004;14.00.00;-200,0;1112,72;-200,0;4,5;602,2;43,0;2109,62;-200,0;1375,07;669,12;32,08;15,27;0,5167
22/08/2004;15.00.00;1,0;1018,55;-200,0;3,0;553,47;-200,0;2074,02;46,0;1346,28;568,21;31,96;23,61;0,7147
22/08/2004;16.00.00;0,9;1032,35;-200,0;3,8;583,42;128,0;1973,67;56,0;1329,6;736,92;34,5;22,26;0,7168
22/08/2004;17.00.00;1,2;1137,65;-200,0;4,9;645,55;155,0;2141,73;60,0;1579,77;661,6;32,14;34,28;1,1141
22/08/2004;18.00.00;2,4;1421,63;-200,0;7,4;721,04;371,0;1758,02;101,0;1554,77;858,43;29,51;27,49;0,7818
22/08/2004;19.00.00;-200,0;1546,8;-200,0;4,9;645,93;402,0;1705,26;111,0;1828,81;980,18;33,72;28,49;1,0875
22/08/2004;20.00.00;1,2;1077,28;-200,0;12,0;908,49;221,0;1874,16;77,0;1546,53;783,61;28,83;29,26;0,8368
22/08/2004;21.00.00;1,2;1134,56;-200,0;5,6;687,47;-200,0;2112,49;-200,0;1489,83;543,68;28,98;34,48;0,9946
22/08/2004;22.00.00;0,8;1024,42;-200,0;4,2;603,41;108,0;2061,86;43,0;1402,92;582,39;24,93;38,73;0,8375
22/08/2004;23.00.00;1,3;1159,99;-200,0;4,7;671,03;46,0;2111,51;28,0;1463,05;510,09;25,67;54,06;1,2656
23/08/2004;00.00.00;0,9;1046,05;-200,0;5,5;684,86;121,0;1985,53;32,0;1491,67;535,65;24,4;51,18;1,0925
23/08/2004;01.00.00;2,5;1525,34;-200,0;3,6;571,88;111,0;1919,85;41,0;1375,75;610,88;19,2;56,78;0,8748
23/08/2004;02.00.00;1,4;1312,17;-200,0;6,3;712,39;148,0;2081,59;74,0;1828,32;776,22;26,51;63,32;1,5571
23/08/2004;03.00.00;2,1;1407,44;-200,0;6,9;725,59;159,0;1914,38;44,0;1471,81;604,63;24,89;44,57;1,0237
23/08/2004;04.00.00;-200,0;1170,38;-200,0;6,9;722,72;397,0;1805,36;52,0;1535,85;672,06;21,69;62,14;1,1558
23/08/2004;05.00.00;1,6;1290,09;-200,0;10,2;845,53;207,0;1927,03;96,0;1644,54;940,2;20,78;54,23;0,9642
23/08/2004;06.00.00;2,3;1480,21;-200,0;11,3;925,63;123,0;2035,35;73,0;1777,13;709,25;24,47;53,27;1,2251
23/08/2004;07.00.00;1,7;1351,91;-200,0;15,5;1072,44;486,0;1677,31;-200,0;1694,2;845,65;24,98;43,22;0,9692
23/08/2004;08.00.00;3,2;1750,54;-200,0;26,3;1518,14;354,0;1738,27;224,0;2250,25;1553,61;26,73;39,25;0,9287
23/08/2004;09.00.00;4,7;2040,0;-200,0;15,9;1076,7;750,0;1307,15;-200,0;2055,91;1295,12;27,69;40,81;1,12
23/08/2004;10.00.00;2,3;1497,53;-200,0;12,2;930,46;605,0;1500,5;135,0;1968,9;1092,48;29,62;45,63;1,3697
23/08/2004;11.00.00;1,4;1212,01;-200,0;11,9;924,2;286,0;1818,69;90,0;1797,5;822,08;32,7;34,38;1,223
23/08/2004;12.00.00;3,1;1694,71;-200,0;6,8;743,5;105,0;1963,57;94,0;1700,58;877,84;31,98;31,96;1,1107
23/08/2004;13.00.00;1,0;985,83;-200,0;8,0;743,34;133,0;1963,65;93,0;1511,67;828,76;29,54;21,81;0,6687
23/08/2004;14.00.00;1,6;1171,16;-200,0;5,0;659,4;258,0;1797,18;67,0;1456,62;753,65;34,87;17,97;0,7084
23/08/2004;15.00.00;1,1;1110,34;-200,0;2,5;532,0;327,0;1851,15;42,0;1282,02;580,83;35,59;16,46;0,7918
23/08/2004;16.00.00;1,1;1056,53;-200,0;8,5;790,9;-200,0;1980,54;-200,0;1539,89;816,27;38,44;18,53;0,8125
23/08/2004;17.00.00;2,7;1451,48;-200,0;5,3;629,32;220,0;1926,37;-200,0;1391,1;893,85;29,39;12,51;0,3381
23/08/2004;18.00.00;2,6;1520,19;-200,0;10,4;824,07;220,0;1923,44;-200,0;2059,47;1478,95;31,33;22,01;0,7662
23/08/2004;19.00.00;3,6;1756,37;-200,0;21,0;1262,31;255,0;1835,6;127,0;1643,67;1087,63;25,65;26,56;0,6413
23/08/2004;20.00.00;-200,0;1189,08;-200,0;17,8;1170,09;381,0;1811,19;130,0;1781,19;1083,25;29,71;32,83;1,0188
23/08/2004;21.00.00;2,3;1471,71;-200,0;13,3;979,06;-200,0;1799,71;59,0;1510,85;691,8;26,21;39,02;0,9702
23/08/2004;22.00.00;-200,0;1125,77;-200,0;2,4;562,22;65,0;2119,26;77,0;1750,79;817,0;29,86;44,83;1,4195
23/08/2004;23.00.00;0,6;933,45;-200,0;4,6;627,31;122,0;2033,69;-200,0;1557,58;665,43;23,26;47,29;0,9362
24/08/2004;00.00.00;2,1;1372,24;-200,0;3,6;593,54;150,0;2000,68;40,0;1434,6;572,77;20,26;48,35;0,9155
24/08/2004;01.00.00;1,4;1164,61;-200,0;6,5;664,77;127,0;2146,3;-200,0;1435,64;693,9;21,91;44,3;0,9136
24/08/2004;02.00.00;1,4;1204,12;-200,0;8,7;780,07;225,0;1823,2;44,0;1296,56;651,75;18,4;53,04;0,7733
24/08/2004;03.00.00;2,1;1395,63;-200,0;3,4;579,77;150,0;2006,46;50,0;1546,44;646,89;23,68;51,66;1,1355
24/08/2004;04.00.00;1,6;1265,28;-200,0;6,2;702,5;-200,0;1977,53;87,0;1605,18;866,83;18,22;58,24;0,9039
24/08/2004;05.00.00;1,2;1110,94;-200,0;9,4;845,49;-200,0;1940,6;-200,0;1591,76;842,51;22,91;58,66;1,1689
24/08/2004;06.00.00;-200,0;1243,38;-200,0;7,4;739,01;374,0;1808,24;109,0;1723,11;972,11;19,49;55,95;0,8436
24/08/2004;07.00.00;-200,0;1325,51;-200,0;22,9;1371,57;390,0;1693,5;130,0;1874,83;1089,29;24,04;51,31;1,0684
24/08/2004;08.00.00;2,7;1555,35;-200,0;13,5;973,83;341,0;1859,96;221,0;2371,72;1652,95;29,17;42,52;1,2691
24/08/2004;09.00.00;2,1;1368,2;-200,0;14,1;1001,42;512,0;1678,1;154,0;1948,61;1232,34;27,9;35,92;1,0127
24/08/2004;10.00.00;1,8;1283,55;-200,0;8,0;752,19;381,0;1740,5;188,0;2057,44;1312,03;26,75;30,13;0,7545
24/08/2004;11.00.00;-200,0;1550,34;-200,0;9,2;802,56;202,0;1814,98;177,0;1972,58;1354,25;29,62;21,99;0,6945
24/08/2004;12.00.00;1,9;1324,04;-200,0;2,3;543,6;276,0;1833,81;48,0;1460,03;643,49;30,75;30,76;1,0195
24/08/2004;13.00.00;1,3;1135,96;-200,0;6,1;652,17;168,0;2052,39;-200,0;1513,41;716,61;32,45;22,06;0,7719
24/08/2004;14.00.00;1,0;1010,1;-200,0;10,0;835,42;198,0;2056,73;68,0;1283,73;844,77;29,27;14,91;0,3989
24/08/2004;15.00.00;-200,0;1066,86;-200,0;3,5;556,38;-200,0;1972,63;54,0;1349,22;622,29;33,36;16,39;0,6179
24/08/2004;16.00.00;-200,0;963,69;-200,0;3,7;535,97;-200,0;2080,32;88,0;1367,57;813,37;26,6;16,81;0,4475
24/08/2004;17.00.00;2,2;1451,15;-200,0;14,7;1037,11;164,0;1937,57;153,0;1818,19;1270,34;30,25;23,15;0,746
24/08/2004;18.00.00;3,9;1914,59;-200,0;21,9;1310,02;269,0;1773,43;80,0;1534,33;864,47;29,74;31,14;0,975
24/08/2004;19.00.00;7,3;2040,0;-200,0;9,2;820,48;404,0;1486,55;88,0;1566,09;863,91;30,95;27,79;0,8195
24/08/2004;20.00.00;1,9;1261,57;-200,0;-200,0;1411,03;677,0;1545,29;-200,0;2140,58;1769,61;28,52;22,61;0,6074
24/08/2004;21.00.00;2,6;1471,25;-200,0;10,1;832,99;212,0;1862,58;-200,0;1477,15;837,37;24,37;37,58;0,74
24/08/2004;22.00.00;1,0;1116,24;-200,0;7,9;748,05;142,0;2042,25;-200,0;1513,04;681,89;23,91;42,4;0,9556
24/08/2004;23.00.00;0,7;1059,74;-200,0;3,0;580,31;125,0;2059,7;34,0;1386,37;485,66;25,08;46,4;1,0624
25/08/2004;00.00.00;0,7;991,17;-200,0;7,1;721,48;73,0;2219,88;47,0;1451,3;720,28;23,35;48,29;1,0341
25/08/2004;01.00.00;1,2;1150,55;-200,0;4,0;616,2;82,0;2074,75;80,0;1673,71;728,47;21,56;55,37;0,9736
25/08/2004;02.00.00;0,9;1070,04;-200,0;4,4;627,32;176,0;1973,98;-200,0;1565,39;724,76;21,25;56,41;1,1186
25/08/2004;03.00.00;1,1;1080,17;-200,0;6,7;714,44;165,0;1966,77;67,0;1600,2;667,62;23,44;56,57;1,1324
25/08/2004;04.00.00;1,3;1123,75;-200,0;5,3;681,36;116,0;2080,83;40,0;1437,91;569,55;21,18;58,14;1,1148
25/08/2004;05.00.00;1,2;1146,16;-200,0;3,9;635,9;141,0;2107,89;98,0;1769,74;919,7;22,54;52,13;1,0495
25/08/2004;06.00.00;1,4;1283,43;-200,0;8,8;813,24;-200,0;2016,07;94,0;1823,19;887,19;27,85;48,99;1,3126
25/08/2004;07.00.00;-200,0;1134,75;-200,0;10,5;859,81;359,0;1793,75;108,0;1794,22;1059,63;21,7;54,6;1,0277
25/08/2004;08.00.00;3,3;1683,16;-200,0;11,8;913,59;722,0;1416,96;-200,0;2169,76;1571,95;22,05;46,15;0,8662
25/08/2004;09.00.00;-200,0;1734,17;-200,0;25,5;1483,2;-200,0;1508,69;133,0;1980,63;1136,0;28,61;42,83;1,27
25/08/2004;10.00.00;1,9;1315,57;-200,0;-200,0;1623,1;211,0;1921,08;160,0;2007,81;1322,55;26,98;40,17;1,0338
25/08/2004;11.00.00;2,2;1363,41;-200,0;6,2;674,51;-200,0;1898,31;-200,0;1764,92;1130,44;28,91;32,32;0,8611
25/08/2004;12.00.00;2,7;1517,21;-200,0;7,9;736,18;206,0;1896,75;-200,0;1530,72;832,6;29,02;30,61;0,8615
25/08/2004;13.00.00;1,6;1095,37;-200,0;5,8;637,25;-200,0;1927,56;66,0;1336,27;659,61;30,85;15,21;0,4899
25/08/2004;14.00.00;2,4;1364,31;-200,0;14,8;1060,75;-200,0;2003,99;58,0;1495,04;748,23;35,07;22,33;0,9326
25/08/2004;15.00.00;3,2;1549,43;-200,0;7,2;690,22;221,0;1923,12;77,0;1416,59;807,88;33,65;19,78;0,6996
25/08/2004;16.00.00;3,9;1839,84;-200,0;9,7;848,44;-200,0;1945,25;-200,0;1585,8;778,91;33,6;29,7;1,0659
25/08/2004;17.00.00;-200,0;1197,84;-200,0;15,1;1038,63;286,0;1854,03;229,0;2171,73;1712,72;28,54;27,74;0,779
25/08/2004;18.00.00;-200,0;1403,75;-200,0;14,3;1011,14;191,0;1986,64;96,0;1575,26;908,15;28,28;22,81;0,6741
25/08/2004;19.00.00;2,7;1576,23;-200,0;14,5;991,28;607,0;1496,86;164,0;1824,25;1264,57;23,87;31,56;0,6131
25/08/2004;20.00.00;2,9;1597,83;-200,0;23,3;1370,74;-200,0;1734,78;158,0;1934,43;1281,1;26,72;34,87;0,9094
25/08/2004;21.00.00;3,3;1727,99;-200,0;11,5;936,1;297,0;1766,2;100,0;1741,16;920,98;28,96;40,97;1,1517
25/08/2004;22.00.00;-200,0;1236,28;-200,0;3,8;594,67;103,0;2037,75;50,0;1444,34;600,02;26,78;38,26;0,9572
25/08/2004;23.00.00;0,7;1033,5;-200,0;3,1;605,02;-200,0;2055,15;70,0;1615,31;727,66;24,1;49,49;1,1833
26/08/2004;00.00.00;0,9;1123,51;-200,0;3,5;550,4;39,0;2047,65;58,0;1531,13;695,81;23,33;50,45;1,0468
26/08/2004;01.00.00;1,1;1097,34;-200,0;7,0;740,39;142,0;2045,17;65,0;1576,26;681,97;21,2;55,87;1,0729
26/08/2004;02.00.00;0,7;1022,78;-200,0;8,8;806,19;88,0;2095,44;46,0;1524,88;534,68;22,49;52,63;1,0864
26/08/2004;03.00.00;-200,0;1199,42;-200,0;12,7;938,6;152,0;1905,81;56,0;1585,07;608,29;23,44;53,94;1,0779
26/08/2004;04.00.00;1,0;1055,72;-200,0;4,7;647,94;175,0;1982,47;82,0;1574,61;830,23;18,85;62,12;0,9106
26/08/2004;05.00.00;0,9;991,24;-200,0;-200,0;732,6;94,0;2079,94;-200,0;1434,16;658,77;23,18;49,2;1,0625
26/08/2004;06.00.00;1,4;1174,94;-200,0;7,2;744,79;324,0;1799,2;117,0;1844,82;1013,08;25,24;46,7;1,0357
26/08/2004;07.00.00;-200,0;1557,76;-200,0;11,1;875,76;371,0;1683,94;128,0;1818,4;1066,57;23,58;47,61;0,9281
26/08/2004;08.00.00;3,7;1940,41;-200,0;22,6;1350,52;452,0;1618,35;246,0;2356,03;1768,52;27,01;39,67;1,0735
26/08/2004;09.00.00;-200,0;1788,28;-200,0;15,7;1095,16;508,0;1580,64;153,0;2174,09;1270,18;32,54;34,44;1,147
26/08/2004;10.00.00;3,6;1840,71;-200,0;20,0;1279,97;338,0;1637,99;240,0;2290,46;1745,56;27,99;34,73;0,9061
26/08/2004;11.00.00;-200,0;1481,38;-200,0;7,2;714,3;-200,0;1761,35;-200,0;1630,7;908,21;30,19;22,34;0,784
26/08/2004;12.00.00;1,8;1220,55;-200,0;9,7;834,41;-200,0;1949,47;97,0;1456,44;861,42;28,97;21,1;0,5224
26/08/2004;13.00.00;1,6;1329,19;-200,0;5,7;699,41;231,0;1855,44;61,0;1583,88;715,4;31,6;33,55;1,0472
26/08/2004;14.00.00;1,6;1241,8;-200,0;3,1;573,94;189,0;1996,85;76,0;1483,62;740,82;32,66;23,78;0,8094
26/08/2004;15.00.00;-200,0;1135,7;-200,0;4,1;603,76;133,0;2061,29;57,0;1257,72;725,04;32,3;17,13;0,5764
26/08/2004;16.00.00;-200,0;1005,37;-200,0;7,2;710,45;364,0;1759,07;47,0;1359,76;689,97;29,7;23,57;0,6591
26/08/2004;17.00.00;3,2;1722,77;-200,0;-200,0;1230,71;302,0;1778,88;-200,0;1619,23;1012,74;31,65;26,11;0,8085
26/08/2004;18.00.00;3,3;1802,96;-200,0;11,5;913,81;398,0;1709,76;220,0;2311,67;1575,25;33,37;31,11;1,2064
26/08/2004;19.00.00;2,1;1409,13;-200,0;14,6;1034,3;537,0;1651,29;168,0;2005,1;1328,01;30,3;29,23;0,9152
26/08/2004;20.00.00;4,5;2040,0;-200,0;-200,0;1089,82;335,0;1739,37;132,0;1950,91;1104,44;30,13;39,09;1,2239
26/08/2004;21.00.00;1,6;1181,35;-200,0;6,8;697,91;-200,0;1779,14;87,0;1497,66;917,99;26,43;28,67;0,7086
26/08/2004;22.00.00;1,3;1162,35;-200,0;4,4;616,51;121,0;2038,38;124,0;1799,84;1040,95;27,11;38,24;1,0054
26/08/2004;23.00.00;-200,0;1287,7;-200,0;4,2;622,85;-200,0;2069,78;58,0;1598,95;759,58;24,97;48,69;1,1655
27/08/2004;00.00.00;-200,0;1130,37;-200,0;3,4;597,04;54,0;2083,24;28,0;1397,82;396,16;21,33;53,42;0,9475
27/08/2004;01.00.00;1,9;1345,53;-200,0;2,3;527,48;46,0;2040,31;-200,0;1484,01;561,31;23,07;50,07;1,0468
27/08/2004;02.00.00;1,1;1112,32;-200,0;3,9;617,12;135,0;2078,02;50,0;1561,71;618,48;19,95;57,72;1,0295
27/08/2004;03.00.00;2,5;1402,82;-200,0;7,1;742,89;-200,0;1948,39;51,0;1439,38;755,86;20,5;53,92;1,0366
27/08/2004;04.00.00;1,1;-200,0;-200,0;7,9;-200,0;136,0;-200,0;-200,0;-200,0;-200,0;-200,0;-200,0;-200,0
27/08/2004;05.00.00;2,6;1553,48;-200,0;11,5;925,67;63,0;2050,98;-200,0;1574,94;740,3;23,03;59,75;1,2339
27/08/2004;06.00.00;0,9;1056,22;-200,0;13,6;1017,04;437,0;1783,06;80,0;1629,7;841,1;20,85;56,31;1,0796
27/08/2004;07.00.00;1,7;1350,15;-200,0;8,5;781,56;330,0;1872,53;139,0;1914,72;1187,57;26,38;43,06;0,9373
27/08/2004;08.00.00;3,6;1834,53;-200,0;12,0;921,45;757,0;1365,35;107,0;1779,16;933,34;26,62;38,41;1,0459
27/08/2004;09.00.00;2,9;1545,11;-200,0;12,3;918,38;242,0;1891,37;89,0;1606,28;780,94;25,36;36,98;0,8326
27/08/2004;10.00.00;2,5;1492,4;-200,0;-200,0;885,7;336,0;1730,44;201,0;2065,03;1527,37;24,99;34,25;0,7759
27/08/2004;11.00.00;2,0;1327,56;-200,0;7,0;729,51;-200,0;1885,05;129,0;1707,49;1128,87;28,98;26,75;0,7901
27/08/2004;12.00.00;-200,0;1139,45;-200,0;6,9;721,11;193,0;1998,16;93,0;1692,21;867,79;29,41;31,52;0,9188
27/08/2004;13.00.00;1,1;1052,49;-200,0;4,8;610,95;180,0;1958,44;-200,0;1528,76;819,11;31,32;25,19;0,831
27/08/2004;14.00.00;1,6;1197,97;-200,0;8,4;797,09;83,0;2056,72;66,0;1466,93;637,04;30,87;23,68;0,833
27/08/2004;15.00.00;1,1;1008,87;-200,0;4,2;584,66;-200,0;2050,96;179,0;1853,24;1438,96;27,75;14,71;0,3756
27/08/2004;16.00.00;2,6;1431,03;-200,0;4,7;636,86;118,0;2024,77;83,0;1561,59;869,94;30,82;27,49;0,8179
27/08/2004;17.00.00;2,0;1251,67;-200,0;11,9;903,59;194,0;1990,6;-200,0;2139,61;1698,54;30,49;10,0;0,4023
27/08/2004;18.00.00;3,7;1892,88;-200,0;18,1;1164,04;371,0;1676,29;-200,0;2571,15;2055,83;31,57;30,48;1,0334
27/08/2004;19.00.00;3,8;1829,71;-200,0;14,4;1008,09;365,0;1771,6;200,0;2110,04;1367,43;27,87;34,71;1,034
27/08/2004;20.00.00;-200,0;1393,84;-200,0;18,4;1174,96;311,0;1790,53;136,0;1854,95;1123,96;31,42;32,22;1,099
27/08/2004;21.00.00;1,0;1030,36;-200,0;11,7;907,29;351,0;1762,85;97,0;1599,81;894,21;22,94;45,4;0,8641
27/08/2004;22.00.00;2,0;1399,38;-200,0;11,0;905,99;115,0;2005,75;53,0;1577,35;607,03;28,1;43,38;1,2191
27/08/2004;23.00.00;0,8;990,87;-200,0;5,4;695,43;74,0;2094,23;55,0;1494,32;659,06;23,82;48,35;0,9922
28/08/2004;00.00.00;0,9;1084,03;-200,0;7,1;758,08;-200,0;2058,49;53,0;1599,42;660,98;24,81;53,64;1,2223
28/08/2004;01.00.00;1,0;1158,3;-200,0;4,2;607,26;54,0;2125,22;32,0;1579,81;572,8;22,45;70,74;1,4055
28/08/2004;02.00.00;-200,0;1165,59;-200,0;7,6;768,15;105,0;2164,41;119,0;1947,95;1111,39;24,07;63,33;1,303
28/08/2004;03.00.00;1,7;1294,84;-200,0;8,5;757,66;150,0;2009,96;44,0;1486,56;633,31;20,85;60,72;1,062
28/08/2004;04.00.00;1,3;1233,5;-200,0;5,1;668,34;142,0;2050,47;26,0;1401,68;618,29;19,6;52,04;0,9885
28/08/2004;05.00.00;1,4;1235,42;-200,0;4,6;645,6;143,0;2042,3;-200,0;1698,45;730,4;25,14;55,52;1,3003
28/08/2004;06.00.00;2,4;1430,08;-200,0;-200,0;685,07;227,0;1862,85;56,0;1492,44;629,21;22,86;47,88;0,9677
28/08/2004;07.00.00;2,7;1612,33;-200,0;11,6;924,03;-200,0;1853,57;108,0;1831,13;934,08;24,57;52,33;1,2666
28/08/2004;08.00.00;2,1;1416,76;-200,0;8,4;797,41;354,0;1772,97;148,0;2017,12;1175,09;27,8;44,58;1,1801
28/08/2004;09.00.00;-200,0;1279,5;-200,0;11,0;868,59;-200,0;1529,77;167,0;1838,78;1255,01;24,56;33,6;0,7501
28/08/2004;10.00.00;1,6;1304,36;-200,0;15,9;1090,38;231,0;1973,47;155,0;2023,9;1277,11;29,11;34,97;1,0607
28/08/2004;11.00.00;1,7;1269,58;-200,0;9,6;803,93;238,0;1872,75;61,0;1421,24;694,95;27,95;25,97;0,6846
28/08/2004;12.00.00;-200,0;999,58;-200,0;2,6;547,06;198,0;1974,82;64,0;1429,08;720,93;29,9;27,25;0,7851
28/08/2004;13.00.00;1,5;1194,41;-200,0;-200,0;569,92;100,0;2047,13;82,0;1382,64;759,59;31,1;19,33;0,5101
28/08/2004;14.00.00;-200,0;1090,91;-200,0;12,4;929,57;168,0;1976,38;50,0;1318,46;687,32;28,45;21,97;0,5661
28/08/2004;15.00.00;0,5;905,57;-200,0;8,3;764,73;94,0;2113,88;33,0;1267,05;517,12;30,07;24,97;0,7134
28/08/2004;16.00.00;0,9;983,51;-200,0;4,8;647,44;-200,0;2015,83;82,0;1576,7;869,25;34,16;21,57;0,8252
28/08/2004;17.00.00;0,7;973,46;-200,0;4,6;649,53;158,0;2084,85;76,0;1514,86;748,5;32,73;21,68;0,7311
28/08/2004;18.00.00;2,1;1342,86;-200,0;7,1;706,37;335,0;1802,59;103,0;1657,15;896,1;30,04;27,51;0,9445
28/08/2004;19.00.00;3,9;1908,64;-200,0;15,6;1050,55;-200,0;1614,24;147,0;1830,12;1145,88;29,61;33,7;0,9488
28/08/2004;20.00.00;1,2;1170,28;-200,0;23,1;1362,35;298,0;1822,52;121,0;1714,72;996,38;27,33;29,02;0,8312
28/08/2004;21.00.00;1,1;-200,0;-200,0;15,1;-200,0;202,0;-200,0;113,0;-200,0;-200,0;-200,0;-200,0;-200,0
28/08/2004;22.00.00;1,1;1186,52;-200,0;2,6;570,69;84,0;1963,66;-200,0;1499,98;620,54;24,93;50,46;1,1978
28/08/2004;23.00.00;0,7;1030,25;-200,0;3,4;601,33;47,0;2078,68;90,0;1781,32;894,62;24,59;51,09;1,1866
29/08/2004;00.00.00;0,7;950,73;-200,0;2,4;555,63;66,0;2155,47;25,0;1366,12;474,01;25,24;52,42;1,1122
29/08/2004;01.00.00;-200,0;1146,09;-200,0;3,7;576,66;-200,0;1976,85;37,0;1359,18;479,73;20,6;58,19;1,0404
29/08/2004;02.00.00;0,9;1088,64;-200,0;2,3;561,77;-200,0;2092,0;34,0;1552,37;583,56;24,77;59,05;1,3289
29/08/2004;03.00.00;0,7;1000,23;-200,0;3,4;607,42;106,0;2015,34;49,0;1384,74;576,41;18,42;61,17;0,9062
29/08/2004;04.00.00;-200,0;956,98;-200,0;3,2;590,15;78,0;2102,66;51,0;1504,07;599,98;24,91;46,67;1,0921
29/08/2004;05.00.00;2,7;1556,42;-200,0;5,9;682,85;116,0;1982,98;58,0;1491,76;682,52;21,41;47,22;0,9713
29/08/2004;06.00.00;-200,0;1335,03;-200,0;4,6;644,82;93,0;2041,91;70,0;1607,21;780,85;22,46;57,15;1,0052
29/08/2004;07.00.00;1,5;1177,24;-200,0;6,5;680,88;155,0;1929,53;127,0;1713,12;1097,09;20,2;40,87;0,6878
29/08/2004;08.00.00;2,2;1399,66;-200,0;11,6;919,05;286,0;1886,99;-200,0;1716,95;1031,39;24,28;46,07;0,956
29/08/2004;09.00.00;1,8;1268,3;-200,0;17,9;1159,53;115,0;1999,11;-200,0;1975,84;1232,72;24,4;37,64;0,8414
29/08/2004;10.00.00;2,1;-200,0;-200,0;-200,0;-200,0;389,0;-200,0;49,0;-200,0;-200,0;-200,0;-200,0;-200,0
29/08/2004;11.00.00;1,0;1064,07;-200,0;6,9;724,41;-200,0;2104,78;33,0;1343,85;566,49;28,71;32,15;0,8791
29/08/2004;12.00.00;-200,0;1093,93;-200,0;4,9;644,79;254,0;1916,02;60,0;1556,54;610,68;31,93;27,68;0,9666
29/08/2004;13.00.00;1,4;1219,32;-200,0;7,8;783,73;74,0;2040,91;60,0;1692,99;692,72;31,23;34,36;1,1962
29/08/2004;14.00.00;1,9;1272,07;-200,0;7,0;719,03;68,0;2039,47;43,0;1370,24;602,23;31,93;18,89;0,769
29/08/2004;15.00.00;-200,0;1138,67;-200,0;6,1;686,97;80,0;1936,69;50,0;1372,98;576,77;29,29;28,6;0,7983
29/08/2004;16.00.00;1,9;1252,31;-200,0;2,6;538,47;89,0;2030,8;78,0;1446,97;796,25;29,55;23,77;0,6131
29/08/2004;17.00.00;1,3;1137,01;-200,0;10,0;841,8;117,0;2016,16;-200,0;1527,45;891,29;34,41;20,51;0,8154
29/08/2004;18.00.00;1,5;1110,64;-200,0;9,7;850,32;-200,0;1945,73;85,0;1578,43;819,47;28,55;30,67;0,9405
29/08/2004;19.00.00;1,0;1121,72;-200,0;6,7;738,01;251,0;1885,24;112,0;1818,95;1053,21;32,29;33,23;1,1816
29/08/2004;20.00.00;1,9;1402,06;-200,0;6,3;687,39;140,0;2019,55;116,0;1770,47;1041,42;27,29;34,92;0,994
29/08/2004;21.00.00;-200,0;1269,88;-200,0;-200,0;733,97;191,0;1974,47;44,0;1462,16;579,66;26,49;40,73;1,0079
29/08/2004;22.00.00;1,0;1071,33;-200,0;1,5;492,59;151,0;2030,76;36,0;1392,76;576,24;27,33;41,07;1,0465
29/08/2004;23.00.00;0,7;992,91;-200,0;3,2;606,05;29,0;2096,44;53,0;1606,88;555,08;26,52;44,27;1,116
30/08/2004;00.00.00;1,7;1226,95;-200,0;3,2;571,67;-200,0;1926,24;27,0;1416,38;587,26;22,58;56,11;1,1091
30/08/2004;01.00.00;1,5;1245,89;-200,0;3,4;576,27;137,0;1884,87;37,0;1414,01;583,31;21,23;54,05;1,0363
30/08/2004;02.00.00;2,0;1394,86;-200,0;4,3;653,34;128,0;2016,75;39,0;1539,49;591,98;21,39;56,57;1,1084
30/08/2004;03.00.00;1,0;1062,92;-200,0;3,2;579,9;104,0;2121,75;86,0;1760,34;792,13;22,01;58,98;1,1977
30/08/2004;04.00.00;1,2;1195,56;-200,0;9,3;821,24;160,0;1907,59;50,0;1600,93;583,42;23,29;58,3;1,2435
30/08/2004;05.00.00;2,5;1513,46;-200,0;3,1;581,65;-200,0;1909,02;101,0;1697,53;959,81;22,01;48,03;0,945
30/08/2004;06.00.00;1,9;1350,83;-200,0;9,1;831,01;649,0;1561,27;85,0;1782,03;861,09;24,04;58,74;1,3205
30/08/2004;07.00.00;2,1;1403,96;-200,0;8,8;796,4;-200,0;1311,46;237,0;2395,75;1687,55;27,11;49,19;1,1762
30/08/2004;08.00.00;2,8;1594,13;-200,0;34,4;1832,84;231,0;1987,86;186,0;2117,65;1473,9;25,8;43,23;1,0517
30/08/2004;09.00.00;3,3;1757,09;-200,0;16,4;1119,01;404,0;1641,31;252,0;2450,11;1742,16;26,96;41,74;1,0748
30/08/2004;10.00.00;3,7;1770,5;-200,0;5,5;674,28;338,0;1709,91;158,0;1854,84;1224,31;24,59;36,11;0,823
30/08/2004;11.00.00;1,9;1302,02;-200,0;11,0;879,22;-200,0;1734,57;86,0;1535,27;850,02;23,57;34,42;0,7265
30/08/2004;12.00.00;2,3;1425,48;-200,0;4,9;657,71;178,0;1964,29;83,0;1578,14;774,0;30,65;29,55;0,9503
30/08/2004;13.00.00;1,9;1337,63;-200,0;9,9;850,09;121,0;1972,68;77,0;1578,45;816,59;30,47;27,58;0,8303
30/08/2004;14.00.00;-200,0;1126,45;-200,0;8,0;759,28;155,0;1987,06;61,0;1488,48;692,32;30,13;28,95;0,9417
30/08/2004;15.00.00;1,1;1086,75;-200,0;10,7;897,44;123,0;1979,3;92,0;1598,58;866,61;31,82;26,0;0,8942
30/08/2004;16.00.00;1,4;1173,52;-200,0;7,5;743,74;258,0;1904,88;175,0;1827,11;1337,29;31,04;21,39;0,6945
30/08/2004;17.00.00;1,3;1066,57;-200,0;13,5;989,94;694,0;1547,54;-200,0;1571,39;1007,8;32,92;18,38;0,6176
30/08/2004;18.00.00;2,4;1482,18;-200,0;14,2;1021,09;549,0;1572,46;194,0;2211,87;1446,97;30,04;35,19;1,1114
30/08/2004;19.00.00;5,5;2040,0;-200,0;12,7;959,31;641,0;1400,69;207,0;2144,04;1421,68;27,34;29,39;0,7816
30/08/2004;20.00.00;2,8;1543,86;-200,0;20,1;1252,85;600,0;1503,05;64,0;1432,58;730,95;29,61;32,56;0,9297
30/08/2004;21.00.00;1,5;1157,72;-200,0;5,5;670,55;268,0;1953,64;114,0;1603,94;988,23;25,9;30,9;0,7455
30/08/2004;22.00.00;2,6;1505,64;-200,0;5,3;663,53;105,0;1999,93;-200,0;1657,49;696,41;26,09;45,93;1,156
30/08/2004;23.00.00;0,8;1061,4;-200,0;3,3;577,13;78,0;2046,63;32,0;1394,19;498,9;22,88;49,33;1,0345
31/08/2004;00.00.00;-200,0;1023,42;-200,0;5,6;685,92;136,0;2044,04;27,0;1404,33;597,19;21,35;44,92;0,864
31/08/2004;01.00.00;1,8;1302,91;-200,0;3,2;586,6;-200,0;2011,4;60,0;1598,87;714,09;22,02;57,63;1,1244
31/08/2004;02.00.00;1,6;1179,91;-200,0;4,4;642,68;76,0;2052,48;98,0;1771,71;893,07;21,38;54,67;1,0749
31/08/2004;03.00.00;1,3;1220,38;-200,0;5,8;682,4;230,0;1946,66;57,0;1758,39;633,03;22,14;71,22;1,4556
31/08/2004;04.00.00;-200,0;1360,63;-200,0;11,0;880,92;108,0;1947,01;64,0;1546,43;719,19;20,82;54,31;1,0211
31/08/2004;05.00.00;1,8;1323,16;-200,0;5,7;661,11;107,0;2017,66;165,0;1871,64;1374,85;18,18;53,18;0,796
31/08/2004;06.00.00;1,3;1115,09;-200,0;7,4;758,12;151,0;2054,71;-200,0;1862,2;1051,01;21,78;48,12;0,8694
31/08/2004;07.00.00;1,1;1184,74;-200,0;7,3;773,52;366,0;1866,52;91,0;1756,43;859,63;25,27;55,16;1,2624
31/08/2004;08.00.00;2,7;1550,92;-200,0;11,2;900,87;664,0;1427,51;143,0;1885,59;1070,64;24,29;42,57;1,0395
31/08/2004;09.00.00;4,9;2040,0;-200,0;19,1;1215,56;494,0;1462,06;340,0;2737,48;2207,8;25,69;36,15;0,8793
31/08/2004;10.00.00;2,2;-200,0;-200,0;12,5;-200,0;260,0;-200,0;111,0;-200,0;-200,0;-200,0;-200,0;-200,0
31/08/2004;11.00.00;2,3;1415,2;-200,0;9,1;780,68;163,0;1911,41;-200,0;1419,67;843,33;27,26;23,87;0,6175
31/08/2004;12.00.00;1,8;1240,56;-200,0;14,5;1018,44;256,0;1864,38;-200,0;1613,86;1059,12;26,63;30,17;0,7482
31/08/2004;13.00.00;0,9;-200,0;-200,0;3,6;-200,0;-200,0;-200,0;-200,0;-200,0;-200,0;-200,0;-200,0;-200,0
31/08/2004;14.00.00;1,3;1149,83;-200,0;15,3;1043,42;175,0;1977,94;82,0;1521,92;827,34;30,04;25,22;0,7627
31/08/2004;15.00.00;1,7;1162,82;-200,0;9,6;814,27;137,0;1976,42;76,0;1394,96;805,03;29,25;24,96;0,6887
31/08/2004;16.00.00;-200,0;1140,36;-200,0;6,2;711,1;194,0;2004,23;75,0;1436,0;765,58;30,66;26,73;0,7837
31/08/2004;17.00.00;1,9;1304,62;-200,0;11,5;916,79;301,0;1869,4;162,0;2023,65;1288,75;31,5;32,73;1,1021
31/08/2004;18.00.00;3,3;1694,4;-200,0;10,8;878,77;1042,0;1017,81;103,0;1780,18;994,57;29,7;33,09;1,041
31/08/2004;19.00.00;3,4;1732,21;-200,0;18,0;1183,81;512,0;1510,81;182,0;2149,11;1477,91;29,3;32,97;1,0855
31/08/2004;20.00.00;-200,0;1947,53;-200,0;30,4;1669,71;305,0;1696,55;123,0;1921,14;971,32;31,1;39,63;1,2552
31/08/2004;21.00.00;2,2;1403,16;-200,0;6,9;755,02;240,0;1853,58;-200,0;1867,17;1211,36;25,5;35,34;0,8192
31/08/2004;22.00.00;1,0;1091,16;-200,0;-200,0;658,98;-200,0;2108,8;58,0;1595,52;661,33;25,45;48,31;1,1021
31/08/2004;23.00.00;0,9;1054,8;-200,0;3,1;534,62;59,0;2120,72;89,0;1699,5;858,82;22,67;43,74;0,9383
01/09/2004;00.00.00;1,1;1067,1;-200,0;3,3;566,13;145,0;2089,02;41,0;1451,71;555,61;20,8;50,85;0,9616
01/09/2004;01.00.00;1,9;1319,14;-200,0;3,9;616,83;113,0;1986,93;54,0;1415,4;638,08;20,53;40,14;0,6715
01/09/2004;02.00.00;1,1;1104,48;-200,0;3,4;586,59;185,0;1931,64;-200,0;1651,34;830,14;20,24;59,35;0,9952
01/09/2004;03.00.00;0,8;1058,31;-200,0;5,1;653,64;67,0;2104,43;-200,0;1571,75;529,66;21,75;54,74;1,0948
01/09/2004;04.00.00;1,7;1290,01;-200,0;6,4;740,44;100,0;1956,55;-200,0;2028,75;941,15;25,9;62,9;1,5426
01/09/2004;05.00.00;1,3;1176,63;-200,0;6,0;670,11;195,0;1968,22;-200,0;1573,65;847,72;20,27;57,5;1,0472
01/09/2004;06.00.00;1,2;1133,28;-200,0;3,6;582,78;155,0;1977,54;-200,0;1781,45;927,03;21,66;58,31;1,0657
01/09/2004;07.00.00;-200,0;1527,6;-200,0;11,5;880,95;178,0;2014,97;161,0;1917,53;1343,64;23,41;43,54;0,8221
01/09/2004;08.00.00;4,7;2040,0;-200,0;16,0;1093,18;282,0;1734,94;176,0;2057,02;1360,2;25,53;49,81;1,1378
01/09/2004;09.00.00;2,7;1572,06;-200,0;33,8;1839,55;390,0;1811,19;139,0;1924,33;1267,68;26,56;50,49;1,303
01/09/2004;10.00.00;-200,0;1747,07;-200,0;12,6;976,28;393,0;1721,37;142,0;2023,1;1222,1;29,89;39,12;1,2863
01/09/2004;11.00.00;2,5;1445,12;-200,0;12,8;956,59;-200,0;1684,75;53,0;1373,47;649,64;23,68;34,91;0,7245
01/09/2004;12.00.00;2,3;1332,42;-200,0;-200,0;683,35;-200,0;2014,59;55,0;1389,61;592,58;24,79;28,08;0,7529
01/09/2004;13.00.00;1,2;1130,79;-200,0;11,2;894,83;-200,0;1976,9;-200,0;1495,79;800,95;29,37;21,75;0,6794
01/09/2004;14.00.00;-200,0;-200,0;-200,0;4,4;-200,0;-200,0;-200,0;118,0;-200,0;-200,0;-200,0;-200,0;-200,0
01/09/2004;15.00.00;1,0;1075,26;-200,0;7,4;714,71;186,0;2017,02;113,0;1537,68;977,32;27,9;14,43;0,4012
01/09/2004;16.00.00;2,1;1338,56;-200,0;9,7;823,25;181,0;1945,55;108,0;1558,54;947,28;24,85;20,49;0,5108
01/09/2004;17.00.00;2,7;-200,0;-200,0;12,9;-200,0;171,0;-200,0;68,0;-200,0;-200,0;-200,0;-200,0;-200,0
01/09/2004;18.00.00;2,1;1341,79;-200,0;32,1;1734,37;-200,0;1786,79;171,0;1899,56;1380,86;30,05;23,71;0,7542
01/09/2004;19.00.00;-200,0;2040,0;-200,0;12,8;955,82;413,0;1519,27;134,0;1783,31;1076,35;26,35;34,17;0,9073
01/09/2004;20.00.00;1,9;1365,84;-200,0;-200,0;1390,06;351,0;1829,08;146,0;1896,4;1156,54;25,35;37,83;0,9085
01/09/2004;21.00.00;2,8;1557,22;-200,0;13,7;996,13;145,0;1955,5;133,0;1725,6;1098,13;24,09;40,22;0,8766
01/09/2004;22.00.00;2,3;1368,02;-200,0;5,5;658,95;134,0;1996,16;76,0;1597,05;832,23;24,96;45,47;1,0359
01/09/2004;23.00.00;1,1;1109,07;-200,0;8,4;765,69;50,0;2174,76;72,0;1462,71;759,61;22,28;39,53;0,7681
02/09/2004;00.00.00;0,8;1037,38;-200,0;3,9;601,84;88,0;2121,74;30,0;1374,85;472,04;23,33;51,02;1,0098
02/09/2004;01.00.00;0,9;1036,3;-200,0;4,6;632,03;-200,0;2106,24;38,0;1274,83;572,63;15,84;52,34;0,6714
02/09/2004;02.00.00;-200,0;1117,69;-200,0;5,1;675,83;138,0;2053,6;94,0;1588,38;943,83;19,33;54,25;0,8805
02/09/2004;03.00.00;2,0;-200,0;-200,0;3,5;-200,0;-200,0;-200,0;-200,0;-200,0;-200,0;-200,0;-200,0;-200,0
02/09/2004;04.00.00;1,0;1064,78;-200,0;8,4;777,98;-200,0;2064,29;-200,0;1573,87;667,96;20,53;53,24;0,9212
02/09/2004;05.00.00;0,9;1034,69;-200,0;8,9;818,78;173,0;2023,76;79,0;1591,12;812,07;20,47;52,72;0,8928
02/09/2004;06.00.00;2,2;1374,95;-200,0;8,3;780,14;96,0;2046,91;141,0;1899,21;1203,7;23,94;42,45;0,9583
02/09/2004;07.00.00;3,2;1676,03;-200,0;24,0;1398,38;744,0;1526,13;161,0;1997,7;1291,01;19,66;47,68;0,8261
02/09/2004;08.00.00;6,7;2040,0;-200,0;13,9;1007,91;204,0;1734,36;219,0;2183,68;1506,76;24,67;39,37;0,8631
02/09/2004;09.00.00;2,1;1408,42;-200,0;8,5;775,18;433,0;1604,95;135,0;1887,59;1030,1;26,99;40,55;1,0691
02/09/2004;10.00.00;2,5;1455,65;-200,0;25,8;1487,49;114,0;1942,97;200,0;2211,43;1456,13;30,88;30,74;0,9561
02/09/2004;11.00.00;3,0;1664,33;-200,0;13,3;976,82;163,0;1975,82;-200,0;1588,73;826,73;27,41;31,68;0,8377
02/09/2004;12.00.00;1,8;1291,64;-200,0;9,6;828,73;388,0;1777,56;-200,0;1408,61;606,83;30,06;26,7;0,862
02/09/2004;13.00.00;-200,0;1216,85;-200,0;6,0;698,12;271,0;1869,34;60,0;1461,83;623,09;26,6;32,93;0,799
02/09/2004;14.00.00;2,0;1290,85;-200,0;7,3;717,07;-200,0;1919,47;59,0;1322,06;680,25;25,92;25,25;0,5538
02/09/2004;15.00.00;1,2;1071,85;-200,0;3,8;575,55;135,0;2065,55;112,0;1583,29;946,25;32,57;12,96;0,4441
02/09/2004;16.00.00;2,2;1255,02;-200,0;6,5;683,92;345,0;1808,73;63,0;1303,22;703,92;30,7;16,44;0,4501
02/09/2004;17.00.00;1,4;1166,08;-200,0;7,1;695,1;288,0;1934,98;126,0;1735,31;1083,38;32,56;24,84;0,8515
02/09/2004;18.00.00;1,7;1189,78;-200,0;15,6;1069,47;508,0;1733,45;80,0;1447,37;755,13;26,67;22,78;0,5617
02/09/2004;19.00.00;-200,0;1529,13;-200,0;22,9;1341,85;1328,0;860,4;239,0;1990,54;1793,68;29,42;16,31;0,3565
02/09/2004;20.00.00;1,2;1214,32;-200,0;9,1;841,22;573,0;1606,44;116,0;1922,37;1052,52;30,91;42,24;1,3733
02/09/2004;21.00.00;2,0;1324,77;-200,0;11,6;925,63;219,0;1972,21;112,0;1833,29;894,16;26,72;43,75;1,0999
02/09/2004;22.00.00;-200,0;1053,78;-200,0;5,9;712,41;-200,0;1990,32;-200,0;1595,72;762,53;25,14;47,42;1,1593
02/09/2004;23.00.00;1,2;1155,58;-200,0;5,4;668,95;160,0;1946,18;59,0;1493,28;657,62;23,39;46,12;0,9803
03/09/2004;00.00.00;1,2;1162,17;-200,0;3,7;593,23;112,0;1993,64;-200,0;1498,28;655,18;19,04;55,22;0,9386
03/09/2004;01.00.00;1,2;1081,21;-200,0;6,0;673,49;140,0;2009,88;97,0;1828,01;913,67;24,1;52,42;1,2066
03/09/2004;02.00.00;1,5;1237,39;-200,0;3,9;588,0;201,0;1901,38;63,0;1561,34;674,96;19,67;58,76;0,9892
03/09/2004;03.00.00;1,5;1231,56;-200,0;3,0;567,72;388,0;1786,2;133,0;1763,07;1075,79;21,73;53,75;1,0269
03/09/2004;04.00.00;-200,0;1164,94;-200,0;3,7;593,05;103,0;2076,89;88,0;1620,85;808,63;17,76;65,32;0,9103
03/09/2004;05.00.00;3,1;1700,24;-200,0;5,9;667,86;234,0;1936,07;87,0;1623,24;853,63;19,03;48,09;0,8468
03/09/2004;06.00.00;-200,0;1402,69;-200,0;4,7;653,18;-200,0;1841,07;129,0;2075,15;1061,23;25,05;59,24;1,3609
03/09/2004;07.00.00;3,4;1750,35;-200,0;22,2;1322,7;-200,0;1850,79;145,0;1831,91;1210,48;22,53;49,54;0,9408
03/09/2004;08.00.00;4,9;2040,0;-200,0;16,0;1111,3;-200,0;1691,46;210,0;2212,41;1520,62;27,33;42,56;1,1533
03/09/2004;09.00.00;4,3;1919,58;-200,0;23,5;1379,52;902,0;1204,21;204,0;2121,45;1433,73;25,56;41,18;0,8698
03/09/2004;10.00.00;5,4;2040,0;-200,0;16,9;1135,6;217,0;1859,8;150,0;1784,28;1204,42;23,33;39,36;0,8029
03/09/2004;11.00.00;-200,0;1436,78;-200,0;9,1;819,87;128,0;2030,36;199,0;2231,38;1492,84;30,0;38,18;1,2047
03/09/2004;12.00.00;1,7;1174,94;-200,0;29,0;1605,27;148,0;1956,09;176,0;1959,92;1423,28;28,08;29,19;0,7757
03/09/2004;13.00.00;1,3;1141,67;-200,0;21,0;1279,05;80,0;2022,94;86,0;1511,71;777,33;31,45;20,31;0,6306
03/09/2004;14.00.00;1,4;1112,69;-200,0;10,9;872,13;108,0;1976,75;108,0;1625,91;965,52;30,6;23,24;0,7079
03/09/2004;15.00.00;1,1;1135,82;-200,0;4,4;595,75;-200,0;1985,0;103,0;1633,76;979,03;27,63;31,43;0,7378
03/09/2004;16.00.00;2,1;1398,66;-200,0;12,2;931,56;180,0;1926,68;113,0;1786,41;966,83;30,88;29,7;0,9812
03/09/2004;17.00.00;1,6;1272,18;-200,0;5,2;631,27;476,0;1693,74;133,0;1912,64;1152,15;34,44;29,31;1,1212
03/09/2004;18.00.00;-200,0;1676,85;-200,0;24,2;1440,22;298,0;1796,76;194,0;2118,95;1357,81;30,24;31,6;0,9582
03/09/2004;19.00.00;4,0;-200,0;-200,0;6,1;-200,0;632,0;-200,0;214,0;-200,0;-200,0;-200,0;-200,0;-200,0
03/09/2004;20.00.00;3,0;1600,42;-200,0;12,1;955,85;500,0;1521,35;120,0;1910,13;970,11;29,16;41,48;1,204
03/09/2004;21.00.00;1,4;1138,19;-200,0;14,0;1011,91;89,0;2116,57;97,0;1704,32;913,91;26,14;38,07;0,9671
03/09/2004;22.00.00;1,7;1254,39;-200,0;6,3;669,41;100,0;2005,34;42,0;1390,51;575,21;24,85;38,23;0,8701
03/09/2004;23.00.00;1,1;1040,54;-200,0;2,4;541,63;76,0;2107,97;58,0;1388,83;731,63;21,04;49,69;0,8441
04/09/2004;00.00.00;0,4;965,23;-200,0;4,0;594,14;90,0;2053,36;50,0;1472,03;680,35;22,49;49,19;1,0109
04/09/2004;01.00.00;0,8;996,64;-200,0;4,8;652,13;111,0;1990,32;60,0;1571,26;663,67;23,3;50,86;1,0885
04/09/2004;02.00.00;1,9;1326,91;-200,0;4,9;641,45;115,0;1992,61;41,0;1438,45;619,92;19,06;54,33;0,8986
04/09/2004;03.00.00;2,1;1497,79;-200,0;4,3;653,3;78,0;2065,9;78,0;1914,89;744,88;23,41;70,98;1,5472
04/09/2004;04.00.00;1,6;1348,05;-200,0;7,6;752,18;98,0;1965,57;73,0;1589,35;807,94;20,55;58,62;1,0472
04/09/2004;05.00.00;1,9;1382,15;-200,0;9,4;848,43;77,0;2035,57;141,0;1941,65;1051,1;19,46;57,95;1,0253
04/09/2004;06.00.00;-200,0;1152,31;-200,0;-200,0;717,49;187,0;1965,26;107,0;1739,23;1084,47;24,02;47,17;1,0979
04/09/2004;07.00.00;2,0;1359,59;-200,0;18,2;1159,57;227,0;1884,34;94,0;1610,71;929,83;22,49;40,33;0,8341
04/09/2004;08.00.00;4,3;2031,17;-200,0;12,7;953,26;-200,0;1542,21;97,0;1704,22;993,63;25,79;41,11;0,952
04/09/2004;09.00.00;3,3;1753,58;-200,0;11,2;902,81;485,0;1601,11;160,0;2094,39;1293,18;24,98;47,74;1,0913
04/09/2004;10.00.00;2,3;1411,76;-200,0;17,4;1130,21;-200,0;1853,21;83,0;1590,91;802,22;26,74;37,56;1,015
04/09/2004;11.00.00;1,6;1316,8;-200,0;12,6;921,68;214,0;1865,58;68,0;1477,78;588,55;29,05;34,54;0,9207
04/09/2004;12.00.00;2,3;1391,19;-200,0;5,1;656,1;143,0;2025,19;54,0;1526,11;617,99;29,68;31,51;0,9204
04/09/2004;13.00.00;2,1;1345,82;-200,0;4,5;608,89;-200,0;2075,37;56,0;1351,15;700,23;25,9;22,0;0,5158
04/09/2004;14.00.00;1,7;1214,79;-200,0;10,9;899,38;92,0;2015,26;101,0;1613,67;843,98;28,15;30,1;0,7826
04/09/2004;15.00.00;1,4;1151,94;-200,0;5,2;661,89;48,0;2073,26;-200,0;1343,78;705,16;32,42;19,38;0,7138
04/09/2004;16.00.00;1,3;1144,63;-200,0;-200,0;691,87;122,0;2027,74;60,0;1478,97;683,18;30,13;30,19;0,9416
04/09/2004;17.00.00;2,4;1387,08;-200,0;7,6;732,3;165,0;1985,21;59,0;1394,14;806,93;28,84;27,17;0,7389
04/09/2004;18.00.00;1,7;1111,9;-200,0;19,3;1215,38;195,0;2006,54;75,0;1294,96;771,43;26,38;18,88;0,4998
04/09/2004;19.00.00;2,0;1347,7;-200,0;29,9;1616,66;498,0;1579,53;134,0;1702,85;1175,02;25,9;27,81;0,6656
04/09/2004;20.00.00;1,4;1110,59;-200,0;11,5;900,05;-200,0;1835,72;133,0;1631,6;1132,81;22,81;26,97;0,5038
04/09/2004;21.00.00;2,6;1553,59;-200,0;18,8;1183,04;235,0;1876,71;58,0;1619,13;627,44;25,36;46,37;1,0537
04/09/2004;22.00.00;1,0;1121,95;-200,0;3,9;632,87;-200,0;2017,97;34,0;1440,84;563,96;23,07;45,08;0,9522
04/09/2004;23.00.00;1,2;1121,53;-200,0;3,4;559,16;79,0;2023,01;24,0;1271,77;518,77;21,13;38,41;0,7557
05/09/2004;00.00.00;0,9;959,24;-200,0;4,3;609,4;64,0;2095,34;41,0;1411,77;620,91;21,73;55,36;1,0332
05/09/2004;01.00.00;2,8;1537,75;-200,0;2,6;529,56;102,0;1987,49;56,0;1510,04;729,08;21,8;53,65;1,0564
05/09/2004;02.00.00;1,2;1114,66;-200,0;5,0;655,31;106,0;2033,98;28,0;1473,49;438,09;24,76;50,72;1,231
05/09/2004;03.00.00;0,6;922,57;-200,0;3,4;591,0;138,0;2038,12;39,0;1437,03;600,05;17,38;67,14;0,9303
05/09/2004;04.00.00;1,8;1317,61;-200,0;2,5;552,45;-200,0;2085,21;73,0;1611,5;697,62;22,89;58,67;1,2161
05/09/2004;05.00.00;-200,0;1218,93;-200,0;2,5;546,62;-200,0;2101,28;52,0;1554,86;592,54;23,02;54,87;1,1704
05/09/2004;06.00.00;1,3;1185,25;-200,0;5,1;627,13;149,0;2049,22;-200,0;1488,09;653,18;20,31;51,48;0,9008
05/09/2004;07.00.00;1,4;1191,05;-200,0;9,0;811,19;150,0;1938,14;97,0;1603,38;913,66;23,31;42,18;0,9443
05/09/2004;08.00.00;-200,0;1448,01;-200,0;5,9;691,59;335,0;1773,31;95,0;1679,97;919,75;23,19;38,89;0,918
05/09/2004;09.00.00;2,3;1483,44;-200,0;10,6;884,14;289,0;1811,13;86,0;1613,14;828,92;25,77;47,18;1,1515
05/09/2004;10.00.00;1,4;1133,66;-200,0;8,4;794,27;-200,0;1980,26;-200,0;1673,36;894,97;29,71;33,72;0,9961
05/09/2004;11.00.00;1,2;1082,21;-200,0;5,6;653,81;119,0;2049,26;43,0;1430,21;520,83;29,11;31,86;0,9703
05/09/2004;12.00.00;1,3;1127,1;-200,0;3,6;564,95;-200,0;2010,6;35,0;1277,1;567,16;29,95;17,8;0,581
05/09/2004;13.00.00;0,5;861,89;-200,0;5,3;628,4;159,0;2099,94;44,0;1208,55;578,64;28,87;18,57;0,4041
05/09/2004;14.00.00;0,7;962,89;-200,0;4,3;626,12;79,0;2106,92;66,0;1333,02;665,56;27,26;26,41;0,6899
05/09/2004;15.00.00;2,1;1395,81;-200,0;6,4;713,33;58,0;2060,78;74,0;1423,7;643,23;29,98;24,64;0,7275
05/09/2004;16.00.00;1,4;1187,1;-200,0;3,0;589,15;-200,0;2019,86;48,0;1470,4;569,17;32,64;32,13;1,1438
05/09/2004;17.00.00;1,3;1112,12;-200,0;6,7;721,2;-200,0;1827,57;95,0;1582,16;873,33;26,68;31,88;0,7965
05/09/2004;18.00.00;1,1;1059,47;-200,0;5,3;636,14;130,0;1978,05;151,0;1754,03;1217,19;26,82;26,87;0,6809
05/09/2004;19.00.00;2,1;1306,5;-200,0;8,9;800,85;305,0;1754,42;109,0;1685,29;917,43;28,15;34,12;0,893
05/09/2004;20.00.00;2,6;1462,01;-200,0;5,5;636,45;149,0;1928,06;115,0;1639,95;973,8;24,72;34,51;0,8191
05/09/2004;21.00.00;-200,0;1872,67;-200,0;4,1;635,83;90,0;1954,36;-200,0;1845,24;1095,92;23,81;51,02;1,1814
05/09/2004;22.00.00;2,1;1381,82;-200,0;-200,0;609,16;126,0;2074,1;37,0;1459,05;621,11;23,26;51,15;1,0247
05/09/2004;23.00.00;0,7;952,46;-200,0;2,7;580,6;87,0;2093,99;37,0;1361,1;530,03;20,17;50,6;0,8131
06/09/2004;00.00.00;0,9;1056,81;-200,0;7,2;738,76;82,0;2092,01;-200,0;1538,46;776,89;19,75;54,69;0,9322
06/09/2004;01.00.00;0,7;979,01;-200,0;7,2;740,45;142,0;2003,29;39,0;1446,91;672,17;22,31;63,77;1,2586
06/09/2004;02.00.00;1,0;1056,65;-200,0;7,0;726,56;157,0;2005,58;62,0;1567,92;713,53;17,79;61,24;0,9872
06/09/2004;03.00.00;-200,0;1130,43;-200,0;7,8;747,84;73,0;1979,46;54,0;1447,69;643,7;17,04;66,75;0,9063
06/09/2004;04.00.00;1,3;1149,24;-200,0;6,7;698,4;160,0;2023,74;-200,0;1616,87;974,37;19,15;47,37;0,7516
06/09/2004;05.00.00;3,4;1687,45;-200,0;11,8;923,88;319,0;1742,11;55,0;1478,99;631,72;22,37;58,85;1,0593
06/09/2004;06.00.00;1,2;1121,04;-200,0;7,9;751,51;273,0;1836,06;96,0;1680,54;824,03;21,31;51,11;1,0216
06/09/2004;07.00.00;-200,0;1531,2;-200,0;28,0;1575,86;111,0;1983,43;99,0;1752,56;934,49;21,81;58,74;1,1398
06/09/2004;08.00.00;-200,0;1268,05;-200,0;11,7;895,75;291,0;1887,61;115,0;1859,59;1068,44;24,03;53,35;1,1396
06/09/2004;09.00.00;3,8;1872,3;-200,0;11,0;876,81;696,0;1419,84;-200,0;1668,46;916,27;21,74;41,12;0,7202
06/09/2004;10.00.00;1,7;1256,92;-200,0;7,5;743,86;268,0;1959,15;134,0;1873,8;1088,38;27,52;43,97;1,1038
06/09/2004;11.00.00;3,0;1766,57;-200,0;5,8;669,01;376,0;1717,77;120,0;1913,84;1049,65;28,5;40,87;1,164
06/09/2004;12.00.00;1,6;1225,92;-200,0;4,1;611,92;450,0;1658,01;-200,0;1492,26;839,65;27,95;28,6;0,7209
06/09/2004;13.00.00;1,0;1098,91;-200,0;7,6;739,23;155,0;2029,01;85,0;1726,22;755,18;31,58;37,73;1,252
06/09/2004;14.00.00;0,7;985,95;-200,0;8,9;803,9;120,0;2100,59;-200,0;1340,26;733,4;27,81;23,41;0,7326
06/09/2004;15.00.00;1,1;-200,0;-200,0;6,3;-200,0;98,0;-200,0;-200,0;-200,0;-200,0;-200,0;-200,0;-200,0
06/09/2004;16.00.00;1,8;1264,94;-200,0;4,2;596,48;242,0;1904,5;-200,0;1547,66;978,21;30,37;27,9;0,8161
06/09/2004;17.00.00;2,6;1509,79;-200,0;8,5;770,59;205,0;1936,48;-200,0;1691,18;1039,84;28,89;23,6;0,6935
06/09/2004;18.00.00;-200,0;1431,35;-200,0;19,9;1236,74;328,0;1772,45;170,0;1925,59;1349,07;28,73;28,65;0,7504
06/09/2004;19.00.00;4,6;2040,0;-200,0;14,4;1036,71;280,0;1751,15;156,0;2069,17;1341,51;27,52;39,0;1,1197
06/09/2004;20.00.00;1,9;1354,96;-200,0;10,2;877,94;309,0;1841,32;285,0;2528,84;1881,0;28,97;36,39;1,1146
06/09/2004;21.00.00;0,7;-200,0;-200,0;5,1;-200,0;170,0;-200,0;130,0;-200,0;-200,0;-200,0;-200,0;-200,0
06/09/2004;22.00.00;1,5;1209,72;-200,0;4,7;647,6;55,0;2057,82;60,0;1462,3;701,19;22,42;47,45;0,8984
06/09/2004;23.00.00;-200,0;1296,66;-200,0;-200,0;598,33;63,0;2012,98;46,0;1470,29;637,37;24,81;46,47;1,0373
07/09/2004;00.00.00;1,7;1356,29;-200,0;4,0;612,42;120,0;1954,05;42,0;1391,98;568,56;20,34;58,22;1,0115
07/09/2004;01.00.00;-200,0;1024,66;-200,0;5,5;678,66;180,0;1935,72;48,0;1604,09;652,13;22,54;60,23;1,2251
07/09/2004;02.00.00;1,1;1140,4;-200,0;4,7;657,71;113,0;2054,09;64,0;1699,24;707,0;23,64;65,91;1,457
07/09/2004;03.00.00;1,8;1304,63;-200,0;6,2;694,22;138,0;2020,13;38,0;1403,78;622,42;19,27;63,7;1,0024
07/09/2004;04.00.00;1,2;1227,41;-200,0;7,7;793,0;175,0;1934,09;67,0;1725,69;748,39;21,6;64,0;1,2645
07/09/2004;05.00.00;1,7;1265,13;-200,0;4,5;612,82;404,0;1698,37;78,0;1550,31;833,69;18,43;53,41;0,8722
07/09/2004;06.00.00;1,5;1250,71;-200,0;18,1;1200,34;147,0;2017,13;99,0;1807,1;894,19;23,04;57,91;1,1679
07/09/2004;07.00.00;1,8;1313,18;-200,0;9,5;831,02;196,0;1985,83;147,0;1987,68;1153,99;22,97;60,0;1,1768
07/09/2004;08.00.00;2,5;1479,4;-200,0;20,5;1284,44;448,0;1691,78;187,0;2119,47;1364,47;24,72;42,38;0,9664
07/09/2004;09.00.00;4,8;2040,0;-200,0;11,0;901,61;543,0;1535,08;212,0;2233,62;1601,61;23,78;50,16;1,0249
07/09/2004;10.00.00;-200,0;1516,6;-200,0;-200,0;970,96;336,0;1764,52;136,0;1663,49;1213,1;23,04;33,76;0,7467
07/09/2004;11.00.00;3,2;1656,53;-200,0;9,8;830,47;133,0;1981,61;141,0;1700,22;1107,15;28,58;27,9;0,7275
07/09/2004;12.00.00;-200,0;1318,64;-200,0;14,5;996,27;278,0;1837,14;106,0;1553,08;977,42;24,48;29,92;0,6962
07/09/2004;13.00.00;2,9;1600,34;-200,0;6,4;706,66;162,0;1947,71;-200,0;1896,25;1321,48;28,77;29,15;0,8233
07/09/2004;14.00.00;2,0;1401,76;-200,0;-200,0;885,66;197,0;1879,36;92,0;1587,16;882,64;31,78;28,33;0,9187
07/09/2004;15.00.00;-200,0;1247,39;-200,0;7,0;728,66;-200,0;1912,4;56,0;1353,18;678,59;30,45;18,35;0,5658
07/09/2004;16.00.00;1,6;1216,45;-200,0;14,5;1026,85;96,0;2122,81;77,0;1626,19;760,0;33,8;25,95;1,0189
07/09/2004;17.00.00;6,3;2040,0;-200,0;5,2;673,98;129,0;1832,09;-200,0;1529,09;896,37;31,45;22,15;0,6673
07/09/2004;18.00.00;3,1;1640,04;-200,0;17,4;1118,9;495,0;1679,29;161,0;1766,51;1218,75;27,3;20,99;0,5289
07/09/2004;19.00.00;1,7;1193,71;-200,0;6,0;667,33;191,0;1971,86;258,0;2335,87;1858,24;27,62;27,52;0,6959
07/09/2004;20.00.00;3,2;1647,96;-200,0;13,6;981,79;315,0;1769,45;138,0;1725,07;1024,42;26,27;32,75;0,8078
07/09/2004;21.00.00;1,4;1133,56;-200,0;-200,0;970,42;181,0;1950,94;84,0;1579,22;777,55;21,91;43,77;0,8106
07/09/2004;22.00.00;1,9;1385,72;-200,0;9,5;805,74;149,0;2065,22;74,0;1553,9;786,6;21,9;51,58;0,9066
07/09/2004;23.00.00;1,4;1147,38;-200,0;5,6;644,6;68,0;2070,66;38,0;1420,52;501,02;21,45;42,8;0,7518
08/09/2004;00.00.00;1,0;1132,38;-200,0;3,7;575,42;108,0;2055,58;36,0;1415,41;460,16;17,29;55,86;0,9042
08/09/2004;01.00.00;0,9;1033,2;-200,0;5,7;678,3;65,0;2144,69;-200,0;1504,98;821,96;20,67;51,08;0,9299
08/09/2004;02.00.00;1,4;1173,14;-200,0;13,6;1017,61;71,0;2095,44;33,0;1419,89;591,04;19,57;61,9;1,0538
08/09/2004;03.00.00;1,1;1110,17;-200,0;6,0;668,8;138,0;2010,32;57,0;1432,75;661,21;16,56;56,26;0,7782
08/09/2004;04.00.00;2,0;1357,23;-200,0;9,3;818,97;163,0;2007,42;96,0;1632,93;921,35;20,88;53,5;0,9706
08/09/2004;05.00.00;-200,0;1440,89;-200,0;6,1;691,73;202,0;1856,39;45,0;1456,9;631,96;22,0;60,96;1,1618
08/09/2004;06.00.00;-200,0;2040,0;-200,0;13,4;994,42;-200,0;1575,3;56,0;1515,11;652,67;21,82;51,17;1,0091
08/09/2004;07.00.00;2,3;1411,81;-200,0;17,8;1163,97;575,0;1564,54;88,0;1634,85;856,31;21,75;48,79;0,9386
08/09/2004;08.00.00;3,1;1611,79;-200,0;13,4;987,48;557,0;1540,39;-200,0;1428,61;790,83;24,79;34,93;0,7363
08/09/2004;09.00.00;3,3;1783,87;-200,0;22,8;1356,49;651,0;1488,27;340,0;2775,0;2246,06;26,26;46,1;1,1521
08/09/2004;10.00.00;2,6;1523,9;-200,0;17,6;1149,64;-200,0;1695,28;-200,0;1901,31;1176,67;26,81;40,82;0,9171
08/09/2004;11.00.00;2,9;1562,59;-200,0;-200,0;927,49;390,0;1707,64;83,0;1564,22;873,02;25,75;32,4;0,7989
08/09/2004;12.00.00;1,6;1126,58;-200,0;7,6;728,33;224,0;2036,09;57,0;1267,86;670,53;28,99;21,01;0,5331
08/09/2004;13.00.00;3,3;1726,58;-200,0;11,2;916,76;137,0;1972,19;160,0;1935,79;1300,22;31,62;31,83;1,0497
08/09/2004;14.00.00;1,9;1222,49;-200,0;4,6;600,13;115,0;2060,39;-200,0;1491,63;819,08;28,54;20,65;0,5192
08/09/2004;15.00.00;1,3;1061,21;-200,0;6,3;686,0;245,0;1912,28;68,0;1504,98;760,7;34,1;21,11;0,7975
08/09/2004;16.00.00;1,3;1202,46;-200,0;7,5;740,71;164,0;2054,84;120,0;1810,63;924,65;28,68;35,55;1,033
08/09/2004;17.00.00;3,2;1611,27;-200,0;16,0;1108,88;-200,0;1435,21;129,0;1811,43;1117,14;29,3;22,27;0,7257
08/09/2004;18.00.00;3,0;1554,39;-200,0;10,1;827,83;247,0;1894,29;137,0;1775,9;1167,04;27,09;32,36;0,7604
08/09/2004;19.00.00;-200,0;1745,94;-200,0;18,2;1186,71;763,0;1327,87;151,0;1925,58;1156,67;27,85;35,18;0,9982
08/09/2004;20.00.00;2,4;1416,97;-200,0;11,6;882,34;-200,0;1777,87;128,0;1699,84;1088,15;22,71;38,66;0,7883
08/09/2004;21.00.00;2,0;1303,38;-200,0;9,5;829,95;-200,0;1826,88;73,0;1520,88;808,68;23,81;42,78;0,8984
08/09/2004;22.00.00;1,1;1101,79;-200,0;6,4;686,44;74,0;2082,45;90,0;1569,1;841,78;21,42;47,91;0,9374
08/09/2004;23.00.00;1,8;1299,0;-200,0;2,6;558,2;42,0;2132,12;41,0;1421,81;626,86;22,67;51,73;1,0318
09/09/2004;00.00.00;1,4;1298,01;-200,0;6,7;731,42;164,0;1931,96;74,0;1724,33;735,16;23,19;54,05;1,1588
09/09/2004;01.00.00;1,1;1135,58;-200,0;5,5;677,05;-200,0;2141,21;41,0;1525,43;600,23;21,69;64,73;1,1846
09/09/2004;02.00.00;-200,0;1043,19;-200,0;3,8;593,86;181,0;1934,22;49,0;1337,47;631,02;15,16;52,41;0,6466
09/09/2004;03.00.00;1,5;1285,44;-200,0;5,1;684,5;105,0;2026,43;57,0;1634,48;682,13;23,82;64,69;1,4403
09/09/2004;04.00.00;1,5;1270,58;-200,0;11,4;907,27;236,0;1889,2;55,0;1659,65;729,82;20,49;63,08;1,1961
09/09/2004;05.00.00;1,2;1120,07;-200,0;8,5;796,48;149,0;2012,13;68,0;1574,87;743,63;18,85;60,66;0,9778
09/09/2004;06.00.00;-200,0;1025,23;-200,0;6,2;700,47;-200,0;2000,0;119,0;1768,87;993,5;21,51;59,9;0,9907
09/09/2004;07.00.00;2,0;1418,85;-200,0;9,4;841,22;443,0;1672,63;206,0;2244,81;1591,6;22,58;50,12;0,996
09/09/2004;08.00.00;-200,0;1640,52;-200,0;21,6;1277,23;689,0;1358,51;206,0;1982,72;1611,47;22,1;36,9;0,722
09/09/2004;09.00.00;2,7;1574,3;-200,0;22,7;1356,39;609,0;1519,57;129,0;1903,7;1200,99;25,13;41,22;0,9444
09/09/2004;10.00.00;-200,0;1816,86;-200,0;14,8;1032,57;324,0;1687,38;118,0;1659,08;1088,25;24,81;31,97;0,7452
09/09/2004;11.00.00;1,9;1273,09;-200,0;8,3;762,61;-200,0;2002,37;86,0;1444,38;877,32;26,42;28,93;0,6975
09/09/2004;12.00.00;3,4;1725,56;-200,0;10,6;869,07;123,0;1901,87;150,0;1724,98;1262,93;26,9;22,64;0,6216
09/09/2004;13.00.00;1,3;1139,07;-200,0;6,3;666,68;129,0;1975,2;109,0;1472,78;932,65;26,2;23,61;0,523
09/09/2004;14.00.00;-200,0;1170,83;-200,0;4,7;634,82;142,0;1967,02;109,0;1644,63;917,98;29,85;21,21;0,7007
09/09/2004;15.00.00;-200,0;1148,8;-200,0;11,6;873,74;244,0;1875,64;57,0;1241,48;613,21;30,9;11,7;0,4503
09/09/2004;16.00.00;1,9;1330,0;-200,0;8,7;809,74;170,0;1980,75;54,0;1322,42;630,17;30,59;27,7;0,8225
09/09/2004;17.00.00;3,2;1649,78;-200,0;7,6;768,14;-200,0;1940,4;138,0;1857,83;1111,5;30,7;37,1;1,124
09/09/2004;18.00.00;-200,0;1846,36;-200,0;15,4;1040,4;133,0;1982,87;140,0;1776,02;1072,27;28,92;31,89;0,933
09/09/2004;19.00.00;-200,0;1205,85;-200,0;16,9;1127,48;339,0;1780,31;202,0;2071,5;1494,43;26,17;31,57;0,7167
09/09/2004;20.00.00;3,5;1781,66;-200,0;12,3;947,99;304,0;1764,52;-200,0;2041,24;1298,58;27,71;36,65;0,9567
09/09/2004;21.00.00;1,4;1146,28;-200,0;10,0;840,59;270,0;1862,48;-200,0;1526,85;756,39;22,02;39,48;0,8221
09/09/2004;22.00.00;1,2;1107,89;-200,0;3,9;592,6;70,0;2079,14;87,0;1589,45;707,93;21,64;46,69;0,9243
09/09/2004;23.00.00;1,4;1161,06;-200,0;5,9;673,43;51,0;2093,36;31,0;1379,44;471,05;20,3;50,4;0,9854
10/09/2004;00.00.00;0,7;1025,16;-200,0;4,2;626,58;107,0;2065,99;50,0;1479,16;602,84;23,19;50,32;1,0539
10/09/2004;01.00.00;-200,0;1358,78;-200,0;2,5;540,88;181,0;1985,26;66,0;1637,61;780,13;22,12;65,8;1,2551
10/09/2004;02.00.00;1,2;1112,55;-200,0;4,8;628,98;53,0;2106,52;103,0;1657,67;869,96;20,71;51,75;0,9343
10/09/2004;03.00.00;3,0;1668,69;-200,0;4,6;656,36;100,0;1994,69;69,0;1728,65;853,37;21,7;63,39;1,2019
10/09/2004;04.00.00;1,6;1227,6;-200,0;2,1;507,12;250,0;1952,9;110,0;1674,99;992,76;17,97;58,68;0,8927
10/09/2004;05.00.00;-200,0;1723,46;-200,0;6,9;715,41;266,0;1811,86;120,0;1957,86;1020,54;20,93;66,89;1,2189
10/09/2004;06.00.00;3,0;1604,7;-200,0;13,3;988,29;155,0;1989,61;211,0;2171,56;1498,42;20,77;56,23;0,9699
10/09/2004;07.00.00;2,2;1369,14;-200,0;12,2;939,15;552,0;1596,25;157,0;2011,46;1216,2;23,75;49,0;1,0656
10/09/2004;08.00.00;2,2;1354,47;-200,0;-200,0;1363,4;475,0;1539,9;-200,0;2764,02;2216,74;23,04;45,22;0,8609
10/09/2004;09.00.00;3,6;1740,23;-200,0;17,2;1128,42;618,0;1476,2;245,0;2294,79;1716,64;23,79;42,0;0,8672
10/09/2004;10.00.00;2,2;1356,79;-200,0;10,9;853,94;258,0;1929,87;88,0;1539,18;828,38;26,94;31,43;0,8004
10/09/2004;11.00.00;3,6;1797,33;-200,0;7,1;735,82;271,0;1826,22;105,0;1621,7;975,64;28,81;28,96;0,7112
10/09/2004;12.00.00;1,6;1127,61;-200,0;4,8;598,96;119,0;2016,73;65,0;1324,27;650,14;26,76;20,15;0,5503
10/09/2004;13.00.00;-200,0;1131,88;-200,0;10,1;814,0;-200,0;1985,06;130,0;1608,97;1100,38;28,77;21,6;0,5103
10/09/2004;14.00.00;-200,0;1041,42;-200,0;8,7;775,9;140,0;2102,55;78,0;1493,99;789,42;27,27;24,88;0,684
10/09/2004;15.00.00;1,7;1213,96;-200,0;5,7;655,97;161,0;1980,72;47,0;1211,47;600,31;24,56;25,3;0,5038
10/09/2004;16.00.00;-200,0;1053,69;-200,0;3,4;561,23;492,0;1635,2;-200,0;1529,72;836,63;29,79;14,52;0,4154
10/09/2004;17.00.00;-200,0;1482,57;-200,0;12,4;950,1;-200,0;1351,9;176,0;1967,57;1314,5;30,11;25,52;0,8053
10/09/2004;18.00.00;-200,0;1827,82;-200,0;10,4;829,69;337,0;1692,2;143,0;1895,98;1153,9;28,62;31,89;1,0077
10/09/2004;19.00.00;-200,0;1472,87;-200,0;17,7;1128,21;-200,0;1181,88;-200,0;1836,43;1285,81;23,16;31,98;0,6693
10/09/2004;20.00.00;4,1;1919,1;-200,0;7,9;764,65;-200,0;1810,98;166,0;1811,61;1303,45;25,15;33,97;0,6899
10/09/2004;21.00.00;1,8;1369,89;-200,0;9,5;802,51;277,0;1866,37;-200,0;1430,45;726,57;20,12;39,74;0,7393
10/09/2004;22.00.00;0,8;1035,86;-200,0;5,3;663,84;97,0;2059,69;79,0;1647,85;792,08;26,01;43,75;1,0544
10/09/2004;23.00.00;-200,0;1304,85;-200,0;1,7;529,47;76,0;2035,79;84,0;1637,67;813,96;19,89;47,62;0,8208
11/09/2004;00.00.00;0,8;1006,28;-200,0;7,0;738,91;239,0;1949,01;36,0;1523,69;550,31;23,36;55,61;1,1949
11/09/2004;01.00.00;-200,0;1266,6;-200,0;3,7;605,83;76,0;2044,11;87,0;1729,13;865,4;21,95;69,14;1,2266
11/09/2004;02.00.00;1,4;1151,32;-200,0;-200,0;608,49;78,0;2019,69;-200,0;1459,11;760,23;17,76;55,68;0,843
11/09/2004;03.00.00;1,5;1165,25;-200,0;6,3;713,0;77,0;2009,83;57,0;1403,81;716,28;17,12;58,43;0,8308
11/09/2004;04.00.00;1,6;1246,59;-200,0;5,5;652,47;-200,0;2028,86;79,0;1687,41;840,14;20,26;59,14;1,0985
11/09/2004;05.00.00;1,1;1143,72;-200,0;7,2;758,7;82,0;2091,06;118,0;1739,47;1054,69;18,37;54,17;0,8865
11/09/2004;06.00.00;3,1;1660,16;-200,0;4,9;644,08;207,0;1777,5;89,0;1600,29;827,69;21,06;60,24;1,0255
11/09/2004;07.00.00;3,2;1656,35;-200,0;10,0;833,61;-200,0;1810,24;-200,0;1681,21;1007,92;20,92;39,16;0,7771
11/09/2004;08.00.00;3,4;1635,6;-200,0;6,8;696,28;431,0;1639,64;130,0;1785,12;1085,44;19,53;44,02;0,7624
11/09/2004;09.00.00;-200,0;1303,24;-200,0;12,8;931,36;374,0;1744,58;-200,0;1786,82;1205,95;19,93;46,11;0,7158
11/09/2004;10.00.00;1,6;1231,89;-200,0;-200,0;1153,07;221,0;1990,67;149,0;1866,0;1109,51;26,13;35,89;0,8834
11/09/2004;11.00.00;2,2;1423,32;-200,0;4,4;633,38;149,0;2020,43;83,0;1501,81;889,4;25,76;28,91;0,7466
11/09/2004;12.00.00;0,8;1000,28;-200,0;5,8;636,74;172,0;2029,42;64,0;1430,71;735,68;26,82;31,49;0,742
11/09/2004;13.00.00;1,6;1268,45;-200,0;2,7;558,96;142,0;1952,54;-200,0;1732,92;977,05;30,11;30,96;1,0142
11/09/2004;14.00.00;0,9;993,52;-200,0;5,7;660,35;102,0;2122,36;-200,0;1466,03;783,16;31,56;25,68;0,7725
11/09/2004;15.00.00;1,0;1011,47;-200,0;6,6;694,42;114,0;2005,78;54,0;1327,74;671,59;28,84;20,01;0,5307
11/09/2004;16.00.00;-200,0;963,1;-200,0;7,2;694,33;285,0;1879,41;124,0;1618,46;1063,34;28,54;26,91;0,707
11/09/2004;17.00.00;2,1;1366,63;-200,0;6,9;703,21;-200,0;1649,12;190,0;2070,59;1387,11;29,72;24,42;0,7987
11/09/2004;18.00.00;3,8;1840,76;-200,0;5,4;658,69;292,0;1676,78;185,0;1985,42;1322,21;25,21;33,01;0,7446
11/09/2004;19.00.00;3,2;1706,03;-200,0;8,6;794,94;270,0;1826,0;103,0;1667,53;871,24;27,33;40,43;1,0024
11/09/2004;20.00.00;2,9;1559,57;-200,0;18,7;1170,99;300,0;1761,0;147,0;1811,42;1307,93;26,78;24,33;0,6413
11/09/2004;21.00.00;1,9;1308,73;-200,0;10,8;885,47;310,0;1810,38;104,0;1761,6;936,25;25,75;42,57;1,0553
11/09/2004;22.00.00;1,6;1184,89;-200,0;4,7;648,49;108,0;1980,65;34,0;1289,21;486,04;19,22;38,0;0,6605
11/09/2004;23.00.00;1,2;1124,31;-200,0;4,1;636,63;93,0;2109,66;66,0;1508,35;809,64;20,36;63,23;1,1024
12/09/2004;00.00.00;0,4;864,83;-200,0;2,3;549,31;50,0;2122,09;42,0;1348,67;652,08;18,92;52,62;0,866
12/09/2004;01.00.00;1,4;1265,68;-200,0;5,9;697,84;45,0;2102,12;61,0;1529,45;751,53;20,08;61,56;1,0361
12/09/2004;02.00.00;-200,0;1217,6;-200,0;3,0;579,4;113,0;2109,24;41,0;1497,76;479,86;20,34;59,45;1,1317
12/09/2004;03.00.00;1,0;1118,72;-200,0;5,0;649,68;100,0;2108,78;57,0;1614,71;742,1;22,2;56,22;1,1612
12/09/2004;04.00.00;0,6;953,44;-200,0;2,8;558,13;134,0;2051,51;-200,0;1531,23;626,81;18,39;55,01;0,9187
12/09/2004;05.00.00;1,4;1202,67;-200,0;4,7;672,44;55,0;2060,02;61,0;1477,76;686,95;18,89;65,75;1,1037
12/09/2004;06.00.00;1,6;1289,68;-200,0;9,5;856,05;301,0;1817,53;78,0;1691,03;790,43;22,97;59,74;1,2522
12/09/2004;07.00.00;1,5;1242,47;-200,0;5,5;672,25;-200,0;1949,58;85,0;1677,1;853,62;22,3;60,95;1,1416
12/09/2004;08.00.00;2,4;1503,11;-200,0;13,5;967,67;124,0;1946,15;78,0;1680,52;812,24;25,45;47,17;1,1458
12/09/2004;09.00.00;3,2;1678,41;-200,0;6,8;732,77;-200,0;1604,32;59,0;1554,08;662,49;24,79;43,68;0,9995
12/09/2004;10.00.00;4,2;1895,69;-200,0;5,7;682,8;172,0;1833,6;-200,0;1533,38;852,79;23,19;36,24;0,8163
12/09/2004;11.00.00;-200,0;1197,76;-200,0;6,1;672,02;147,0;2016,89;89,0;1566,13;936,96;24,04;31,8;0,7341
12/09/2004;12.00.00;1,5;1188,0;-200,0;7,6;724,61;99,0;2018,74;43,0;1240,81;620,44;24,64;24,3;0,5759
12/09/2004;13.00.00;-200,0;998,03;-200,0;4,4;583,09;-200,0;2108,26;79,0;1508,78;786,5;29,87;27,07;0,7314
12/09/2004;14.00.00;1,0;1059,69;-200,0;5,9;687,7;100,0;2035,19;83,0;1408,84;894,07;31,42;20,9;0,6805
12/09/2004;15.00.00;1,1;1122,78;-200,0;-200,0;718,84;-200,0;2100,09;-200,0;1503,46;749,08;32,91;26,45;0,9104
12/09/2004;16.00.00;1,9;1361,16;-200,0;3,7;594,65;163,0;1934,5;54,0;1476,92;592,29;30,73;25,7;0,824
12/09/2004;17.00.00;2,1;1427,14;-200,0;3,7;575,79;168,0;1950,73;104,0;1597,29;1039,74;30,87;28,09;0,8726
12/09/2004;18.00.00;3,9;1900,98;-200,0;-200,0;737,75;275,0;1732,45;145,0;1871,57;1112,36;26,59;37,88;0,9395
12/09/2004;19.00.00;1,3;1121,61;-200,0;16,3;1110,39;365,0;1859,69;104,0;1656,7;930,2;24,4;33,05;0,7585
12/09/2004;20.00.00;1,2;1090,19;-200,0;6,3;699,96;230,0;1977,29;99,0;1749,55;832,3;27,21;41,36;1,0556
12/09/2004;21.00.00;-200,0;1460,58;-200,0;8,8;802,62;163,0;1899,83;52,0;1634,87;629,55;25,05;52,49;1,2179
12/09/2004;22.00.00;1,8;1353,82;-200,0;3,7;644,05;47,0;2129,15;52,0;1509,08;702,69;23,13;53,43;1,0305
12/09/2004;23.00.00;1,0;1080,16;-200,0;6,7;736,79;-200,0;2178,96;21,0;1445,0;478,56;22,49;57,0;1,096
13/09/2004;00.00.00;-200,0;881,09;-200,0;9,9;834,6;-200,0;2128,49;44,0;1482,56;622,97;21,14;53,65;1,0238
13/09/2004;01.00.00;0,9;1039,86;-200,0;7,0;744,93;113,0;2109,88;41,0;1476,49;549,08;22,27;59,19;1,1054
13/09/2004;02.00.00;1,5;-200,0;-200,0;2,8;-200,0;144,0;-200,0;59,0;-200,0;-200,0;-200,0;-200,0;-200,0
13/09/2004;03.00.00;1,0;1067,52;-200,0;2,4;547,65;253,0;1946,87;52,0;1584,54;545,31;20,12;62,95;1,1442
13/09/2004;04.00.00;1,7;1287,35;-200,0;6,7;712,11;153,0;2010,49;40,0;1472,18;568,29;20,9;61,22;1,101
13/09/2004;05.00.00;3,3;1738,22;-200,0;10,4;882,94;212,0;1824,69;67,0;1632,58;733,34;20,73;58,16;1,1988
13/09/2004;06.00.00;3,3;1781,89;-200,0;11,0;918,68;238,0;1880,42;-200,0;1677,06;834,5;19,58;60,32;1,0788
13/09/2004;07.00.00;3,6;1800,98;-200,0;9,8;812,57;311,0;1777,23;-200,0;2037,11;1490,22;23,05;45,42;0,8886
13/09/2004;08.00.00;3,4;1776,6;-200,0;9,9;872,58;434,0;1602,22;156,0;1892,23;1150,35;19,95;55,29;0,9899
13/09/2004;09.00.00;3,0;-200,0;-200,0;24,9;-200,0;343,0;-200,0;146,0;-200,0;-200,0;-200,0;-200,0;-200,0
13/09/2004;10.00.00;3,6;1822,47;-200,0;26,7;1491,17;335,0;1749,68;100,0;1596,91;897,54;22,94;37,45;0,7281
13/09/2004;11.00.00;2,1;1407,43;-200,0;7,3;718,96;222,0;1898,41;-200,0;1911,84;1297,71;27,11;32,71;0,7938
13/09/2004;12.00.00;1,8;1279,32;-200,0;10,8;862,48;185,0;1894,94;82,0;1513,62;842,97;25,88;32,13;0,827
13/09/2004;13.00.00;1,0;1078,37;-200,0;19,3;1209,12;85,0;2135,48;88,0;1639,99;904,14;29,47;34,47;0,9868
13/09/2004;14.00.00;1,2;1147,89;-200,0;6,2;670,83;-200,0;2025,56;46,0;1341,54;580,03;28,8;25,58;0,722
13/09/2004;15.00.00;-200,0;1246,21;-200,0;6,0;641,58;107,0;2040,39;41,0;1151,44;565,19;25,84;25,18;0,5618
13/09/2004;16.00.00;1,2;1089,76;-200,0;9,1;796,95;-200,0;1992,59;62,0;1412,0;775,14;29,7;25,16;0,7142
13/09/2004;17.00.00;2,5;1473,12;-200,0;9,4;834,47;173,0;1881,29;196,0;2148,23;1376,48;27,21;35,78;0,9256
13/09/2004;18.00.00;-200,0;1825,03;-200,0;24,9;1429,04;412,0;1617,7;116,0;1663,93;1039,63;29,33;27,89;0,8356
13/09/2004;19.00.00;-200,0;1919,3;-200,0;14,6;1024,67;410,0;1702,17;154,0;1803,33;1224,54;26,54;33,31;0,7065
13/09/2004;20.00.00;3,6;1766,71;-200,0;14,2;1038,79;296,0;1784,28;-200,0;2043,61;1274,71;26,12;45,12;1,1069
13/09/2004;21.00.00;2,5;1468,68;-200,0;5,4;632,34;268,0;1795,96;-200,0;1506,86;838,02;22,12;43,19;0,8067
13/09/2004;22.00.00;1,1;1168,58;-200,0;5,1;649,22;154,0;2005,76;74,0;1614,36;792,83;21,56;52,8;1,0692
13/09/2004;23.00.00;0,7;1018,44;-200,0;2,9;543,92;90,0;2109,19;38,0;1450,76;536,23;20,62;46,9;0,9872
14/09/2004;00.00.00;0,8;999,06;-200,0;4,8;622,99;114,0;2035,07;34,0;1342,51;674,47;22,03;54,38;1,0394
14/09/2004;01.00.00;1,6;1240,33;-200,0;2,5;583,48;88,0;2063,3;129,0;1955,72;1065,01;22,88;65,69;1,2548
14/09/2004;02.00.00;0,9;1021,76;-200,0;7,7;743,3;144,0;2074,67;45,0;1360,79;664,04;17,41;56,69;0,8464
14/09/2004;03.00.00;-200,0;1090,11;-200,0;4,3;632,4;138,0;2107,34;87,0;1720,59;889,12;21,01;59,93;1,0878
14/09/2004;04.00.00;1,1;1073,19;-200,0;13,0;966,95;105,0;1976,01;55,0;1513,05;547,35;14,69;61,35;0,87
14/09/2004;05.00.00;0,9;1014,59;-200,0;12,5;952,85;131,0;2080,81;51,0;1359,28;576,27;17,14;53,32;0,8609
14/09/2004;06.00.00;1,3;1139,56;-200,0;11,2;894,08;381,0;1806,62;99,0;1582,85;875,65;18,4;53,34;0,882
14/09/2004;07.00.00;3,9;1933,86;-200,0;7,3;732,1;672,0;1421,02;-200,0;1555,65;854,65;18,65;52,25;0,8044
14/09/2004;08.00.00;-200,0;1533,65;-200,0;13,8;969,68;643,0;1439,05;169,0;1958,51;1323,36;19,39;47,57;0,8271
14/09/2004;09.00.00;1,9;1335,95;-200,0;12,5;956,26;375,0;1786,1;-200,0;1976,39;1213,07;24,68;49,08;1,1232
14/09/2004;10.00.00;2,3;1474,27;-200,0;9,9;848,62;-200,0;1471,31;219,0;2319,12;1534,04;24,72;45,73;1,0486
14/09/2004;11.00.00;2,5;1448,02;-200,0;17,3;1113,7;317,0;1818,64;65,0;1344,34;639,36;27,11;29,4;0,6839
14/09/2004;12.00.00;-200,0;1020,36;-200,0;7,5;714,04;228,0;1965,81;110,0;1674,01;1052,17;28,77;30,51;0,9192
14/09/2004;13.00.00;2,3;1421,98;-200,0;5,6;671,81;385,0;1798,33;89,0;1664,51;893,85;28,72;30,47;0,8676
14/09/2004;14.00.00;-200,0;1061,36;-200,0;5,0;668,79;-200,0;2091,59;-200,0;1555,56;777,38;30,0;32,88;0,9929
14/09/2004;15.00.00;1,3;1151,86;-200,0;5,3;622,52;-200,0;1857,34;57,0;1485,51;698,63;28,72;28,27;0,7702
14/09/2004;16.00.00;-200,0;1166,23;-200,0;9,0;790,57;-200,0;2020,08;88,0;1506,3;881,85;26,31;26,75;0,6232
14/09/2004;17.00.00;1,9;1281,22;-200,0;5,7;641,64;-200,0;1982,19;126,0;1803,29;978,97;30,3;30,43;0,9546
14/09/2004;18.00.00;3,0;1629,9;-200,0;15,6;1071,13;-200,0;862,09;188,0;2001,53;1338,17;26,21;33,32;0,7338
14/09/2004;19.00.00;4,6;2040,0;-200,0;20,1;1257,55;577,0;1463,68;173,0;1817,24;1373,51;24,48;29,04;0,689
14/09/2004;20.00.00;2,9;1560,91;-200,0;7,5;738,28;842,0;1297,46;-200,0;1721,73;862,67;24,79;38,99;0,8346
14/09/2004;21.00.00;1,7;1217,41;-200,0;5,4;670,27;-200,0;1746,88;138,0;1823,17;1138,79;22,03;49,98;0,8686
14/09/2004;22.00.00;1,6;1242,61;-200,0;5,5;671,52;-200,0;2002,63;64,0;1446,88;752,15;21,73;46,3;0,9756
14/09/2004;23.00.00;-200,0;1144,49;-200,0;7,4;732,01;71,0;2055,58;41,0;1423,66;676,54;22,04;52,33;0,9751
15/09/2004;00.00.00;0,9;1048,76;-200,0;6,7;712,16;136,0;2043,05;35,0;1377,16;541,85;20,83;54,42;0,9512
15/09/2004;01.00.00;1,2;1105,98;-200,0;3,8;587,78;106,0;2060,13;73,0;1514,25;703,52;17,55;46,93;0,7581
15/09/2004;02.00.00;-200,0;1035,74;-200,0;9,1;812,92;127,0;2027,46;-200,0;1653,69;940,69;17,87;60,4;1,0128
15/09/2004;03.00.00;1,1;1140,91;-200,0;5,3;670,04;127,0;2036,83;81,0;1657,49;795,9;20,82;62,42;1,0548
15/09/2004;04.00.00;2,1;1334,91;-200,0;5,9;683,38;154,0;1923,91;92,0;1609,31;782,11;19,84;57,73;0,9402
15/09/2004;05.00.00;2,0;1416,54;-200,0;7,7;759,2;-200,0;1937,87;122,0;1743,79;878,75;23,49;52,72;1,0705
15/09/2004;06.00.00;2,6;1593,34;-200,0;12,6;948,75;-200,0;1833,39;91,0;1633,7;905,46;22,5;51,23;1,0699
15/09/2004;07.00.00;3,4;1758,15;-200,0;10,4;885,68;-200,0;1755,54;286,0;2649,79;1985,65;23,46;55,73;1,258
15/09/2004;08.00.00;2,6;1530,88;-200,0;15,1;1056,31;249,0;1860,31;138,0;1816,48;1136,89;19,6;57,43;0,9155
15/09/2004;09.00.00;5,1;2040,0;-200,0;11,0;903,62;605,0;1374,14;180,0;2177,16;1357,55;25,2;49,82;1,2309
15/09/2004;10.00.00;2,5;1476,28;-200,0;15,2;1031,24;338,0;1742,91;115,0;1607,51;1014,57;24,86;31,53;0,6848
15/09/2004;11.00.00;2,9;1537,95;-200,0;13,6;973,72;61,0;1990,29;109,0;1650,84;966,43;25,07;38,18;0,8995
15/09/2004;12.00.00;-200,0;1228,7;-200,0;-200,0;907,16;102,0;2030,37;-200,0;1778,59;1146,44;27,54;26,86;0,6494
15/09/2004;13.00.00;1,9;1310,47;-200,0;4,3;595,55;146,0;1992,13;-200,0;1398,51;755,34;29,89;24,41;0,7306
15/09/2004;14.00.00;1,8;1306,36;-200,0;-200,0;660,52;278,0;1860,89;86,0;1491,04;830,32;29,5;23,21;0,6803
15/09/2004;15.00.00;2,0;1320,71;-200,0;10,4;827,61;201,0;1933,75;29,0;1158,97;579,05;26,92;28,44;0,7131
15/09/2004;16.00.00;1,0;1001,51;-200,0;8,1;777,84;138,0;2006,12;96,0;1665,89;853,04;29,99;30,32;0,9389
15/09/2004;17.00.00;1,3;1189,65;-200,0;10,7;842,51;255,0;1868,81;-200,0;1828,66;1241,42;26,73;26,83;0,6301
15/09/2004;18.00.00;3,9;1861,46;-200,0;15,2;1025,57;649,0;1363,88;173,0;1967,28;1358,06;27,64;29,78;0,7502
15/09/2004;19.00.00;4,0;1943,54;-200,0;21,2;1276,12;363,0;1680,29;135,0;1783,54;1100,16;25,57;36,23;0,8831
15/09/2004;20.00.00;2,3;1428,84;-200,0;16,1;1101,64;-200,0;1845,85;109,0;1760,08;946,34;24,53;41,09;0,9884
15/09/2004;21.00.00;2,3;1494,06;-200,0;7,5;754,4;348,0;1879,88;87,0;1636,54;770,63;25,21;48,79;1,1353
15/09/2004;22.00.00;0,8;974,43;-200,0;7,9;744,69;211,0;2056,54;44,0;1345,13;672,67;20,3;41,15;0,7486
15/09/2004;23.00.00;3,6;1807,24;-200,0;2,7;596,11;72,0;2010,91;82,0;1699,0;832,16;25,06;52,01;1,2397
16/09/2004;00.00.00;1,8;1319,89;-200,0;7,0;724,69;-200,0;1983,19;57,0;1366,42;716,91;16,31;50,52;0,7427
16/09/2004;01.00.00;1,5;-200,0;-200,0;3,4;-200,0;104,0;-200,0;86,0;-200,0;-200,0;-200,0;-200,0;-200,0
16/09/2004;02.00.00;1,4;1172,12;-200,0;6,6;698,1;96,0;2066,36;56,0;1445,73;760,08;19,4;59,39;0,9519
16/09/2004;03.00.00;1,2;1157,28;-200,0;5,6;645,57;232,0;1834,42;53,0;1506,88;669,46;19,66;60,9;0,997
16/09/2004;04.00.00;1,0;1051,27;-200,0;5,6;664,67;122,0;2043,06;60,0;1514,99;723,35;18,46;56,52;0,9884
16/09/2004;05.00.00;-200,0;1240,22;-200,0;12,5;959,59;-200,0;1832,74;72,0;1549,9;788,91;19,05;51,29;0,8632
16/09/2004;06.00.00;1,5;1201,15;-200,0;-200,0;934,86;243,0;1894,13;88,0;1530,41;865,66;20,78;45,39;0,8438
16/09/2004;07.00.00;2,1;1346,1;-200,0;12,9;957,74;326,0;1768,38;-200,0;2128,84;1565,51;20,53;51,48;0,9357
16/09/2004;08.00.00;2,2;1376,96;-200,0;34,3;1813,49;382,0;1745,53;260,0;2364,57;1811,06;24,98;45,64;0,9838
16/09/2004;09.00.00;3,9;1835,78;-200,0;25,8;1486,07;-200,0;1718,57;213,0;2156,42;1590,14;25,17;39,76;1,0211
16/09/2004;10.00.00;2,5;1476,19;-200,0;9,9;827,08;-200,0;1804,98;87,0;1695,7;865,13;26,53;45,09;1,1551
16/09/2004;11.00.00;2,5;1527,66;-200,0;4,1;595,48;-200,0;1942,57;118,0;1631,94;987,8;24,06;29,84;0,6876
16/09/2004;12.00.00;2,1;1312,09;-200,0;8,3;779,02;208,0;1942,66;-200,0;1581,24;796,03;26,87;37,49;0,8701
16/09/2004;13.00.00;-200,0;1302,41;-200,0;12,3;921,58;108,0;2107,87;128,0;1835,89;1083,97;27,22;35,67;0,9686
16/09/2004;14.00.00;4,0;1830,15;-200,0;8,5;744,75;153,0;1873,72;101,0;1362,34;873,04;26,31;16,0;0,3785
16/09/2004;15.00.00;-200,0;1315,3;-200,0;11,8;935,76;186,0;2004,9;77,0;1470,66;803,34;29,21;25,6;0,6782
16/09/2004;16.00.00;-200,0;1074,08;-200,0;5,9;674,02;-200,0;1978,42;43,0;1220,01;646,9;27,24;23,75;0,5723
16/09/2004;17.00.00;2,7;1441,74;-200,0;10,2;797,63;379,0;1652,91;113,0;1474,62;929,71;29,13;12,99;0,3128
16/09/2004;18.00.00;3,1;1613,12;-200,0;14,7;999,17;587,0;1543,77;136,0;1522,08;1184,71;24,89;23,19;0,4663
16/09/2004;19.00.00;2,2;1453,44;-200,0;19,0;1215,25;285,0;1909,35;-200,0;2271,91;1544,2;29,43;38,01;1,1216
16/09/2004;20.00.00;1,8;1261,98;-200,0;-200,0;1263,09;285,0;1819,71;111,0;1750,75;999,21;22,99;48,57;0,9786
16/09/2004;21.00.00;2,4;1525,88;-200,0;17,5;1165,27;137,0;1996,29;114,0;1766,96;1056,34;23,93;47,65;1,0494
16/09/2004;22.00.00;-200,0;1305,59;-200,0;11,5;931,75;159,0;1942,93;32,0;1461,71;533,59;23,78;49,41;1,1457
16/09/2004;23.00.00;0,8;940,42;-200,0;8,2;776,4;98,0;2124,1;32,0;1384,54;569,64;19,85;52,03;0,8846
17/09/2004;00.00.00;1,6;1272,02;-200,0;5,5;659,17;46,0;2140,27;-200,0;1449,81;518,17;21,48;64,51;1,1023
17/09/2004;01.00.00;1,3;1160,88;-200,0;4,2;639,58;81,0;2086,0;-200,0;1476,72;634,36;16,52;69,7;0,9672
17/09/2004;02.00.00;2,0;1442,65;-200,0;5,9;703,97;141,0;1934,58;69,0;1653,37;778,97;21,38;57,82;1,1423
17/09/2004;03.00.00;2,1;1401,07;-200,0;7,7;768,09;150,0;1991,1;40,0;1311,17;557,8;18,33;51,37;0,8002
17/09/2004;04.00.00;1,5;1156,24;-200,0;7,0;748,03;270,0;1808,85;61,0;1340,56;708,44;17,28;50,26;0,8159
17/09/2004;05.00.00;3,0;1693,73;-200,0;5,3;688,14;115,0;1969,26;69,0;1585,69;754,05;18,38;65,57;1,0522
17/09/2004;06.00.00;1,4;1154,09;-200,0;7,8;758,2;236,0;1884,31;-200,0;1858,11;1060,87;21,39;55,86;0,9545
17/09/2004;07.00.00;6,4;2040,0;-200,0;18,4;1184,91;232,0;1729,19;137,0;1871,72;1113,05;19,64;53,28;0,9067
17/09/2004;08.00.00;2,6;1475,72;-200,0;-200,0;1085,32;508,0;1613,15;143,0;1776,98;1155,22;20,51;39,07;0,7105
17/09/2004;09.00.00;3,6;1727,65;-200,0;18,0;1177,45;452,0;1635,09;139,0;1790,1;1144,66;22,86;39,6;0,8616
17/09/2004;10.00.00;2,3;1418,59;-200,0;13,1;969,23;404,0;1655,02;125,0;1760,27;1063,71;22,25;37,23;0,8239
17/09/2004;11.00.00;-200,0;1399,26;-200,0;-200,0;731,87;210,0;1873,92;63,0;1521,81;727,58;29,45;35,41;1,0883
17/09/2004;12.00.00;5,0;2040,0;-200,0;7,5;734,74;277,0;1814,91;151,0;1815,31;1203,79;25,71;28,65;0,7084
17/09/2004;13.00.00;1,4;1170,53;-200,0;6,1;678,01;133,0;2053,71;-200,0;1520,77;795,26;29,3;22,59;0,694
17/09/2004;14.00.00;2,1;1302,03;-200,0;5,2;642,61;107,0;2026,53;57,0;1326,94;652,78;28,55;22,06;0,6104
17/09/2004;15.00.00;1,4;1133,29;-200,0;4,4;629,19;173,0;1909,94;-200,0;1311,05;677,2;26,34;31,41;0,7063
17/09/2004;16.00.00;2,4;1447,21;-200,0;7,2;711,24;404,0;1735,15;57,0;1390,61;690,2;28,12;27,2;0,7474
17/09/2004;17.00.00;1,9;1318,12;-200,0;13,5;988,42;147,0;1999,79;134,0;1827,68;1122,64;29,2;30,84;0,9147
17/09/2004;18.00.00;3,4;1676,71;-200,0;23,4;1370,89;255,0;1800,2;-200,0;1473,54;930,35;26,47;26,15;0,5933
17/09/2004;19.00.00;4,4;2009,53;-200,0;10,3;865,37;524,0;1473,08;181,0;1870,25;1313,54;28,19;19,6;0,6053
17/09/2004;20.00.00;2,3;1457,0;-200,0;26,9;1519,48;632,0;1475,4;194,0;2139,18;1462,16;26,64;36,09;0,9614
17/09/2004;21.00.00;-200,0;2040,0;-200,0;10,6;852,6;276,0;1765,37;87,0;1608,02;856,64;25,14;39,03;0,8375
17/09/2004;22.00.00;1,8;1313,98;-200,0;3,7;620,63;103,0;2065,54;47,0;1458,8;578,81;21,09;49,77;0,9848
17/09/2004;23.00.00;1,1;1066,89;-200,0;-200,0;610,69;112,0;2095,77;65,0;1548,03;863,01;18,65;68,8;1,0822
18/09/2004;00.00.00;-200,0;1019,4;-200,0;1,9;514,41;99,0;2098,44;31,0;1258,47;574,32;18,36;59,8;0,899
18/09/2004;01.00.00;1,2;1121,43;-200,0;2,3;570,9;69,0;2046,63;45,0;1578,2;600,63;19,18;72,87;1,254
18/09/2004;02.00.00;0,8;1101,24;-200,0;9,1;790,57;149,0;1951,15;56,0;1470,64;705,2;19,38;63,83;1,061
18/09/2004;03.00.00;2,4;1416,67;-200,0;4,0;600,13;119,0;1986,58;49,0;1383,84;634,74;13,78;58,45;0,7901
18/09/2004;04.00.00;1,6;1286,32;-200,0;7,1;735,22;65,0;2116,24;45,0;1397,4;602,35;18,27;62,73;0,9363
18/09/2004;05.00.00;-200,0;1250,71;-200,0;6,2;706,91;146,0;2047,47;61,0;1562,37;781,92;19,11;68,09;1,0297
18/09/2004;06.00.00;-200,0;1500,14;-200,0;7,9;754,71;153,0;1905,68;98,0;1668,65;913,99;19,03;65,48;1,0545
18/09/2004;07.00.00;-200,0;1332,11;-200,0;12,6;943,19;494,0;1672,99;96,0;1656,63;852,87;23,2;49,72;1,0734
18/09/2004;08.00.00;-200,0;1361,62;-200,0;6,6;733,08;223,0;1875,53;-200,0;2074,77;1392,09;22,67;49,52;0,9525
18/09/2004;09.00.00;2,9;1605,31;-200,0;24,0;1401,01;-200,0;1769,19;148,0;1827,76;1216,86;25,74;36,45;0,8085
18/09/2004;10.00.00;2,5;1494,87;-200,0;10,7;877,92;324,0;1734,89;102,0;1711,7;926,73;23,98;43,06;0,9476
18/09/2004;11.00.00;2,2;1400,91;-200,0;6,7;709,64;-200,0;1608,5;72,0;1647,58;778,76;27,5;42,37;1,048
18/09/2004;12.00.00;1,0;1079,32;-200,0;8,2;760,81;379,0;1825,0;83,0;1583,73;810,36;29,93;31,07;0,9547
18/09/2004;13.00.00;-200,0;1135,97;-200,0;4,8;618,98;147,0;1956,04;102,0;1617,84;824,53;30,07;24,67;0,7349
18/09/2004;14.00.00;0,5;856,45;-200,0;6,3;705,5;-200,0;2015,58;69,0;1358,0;768,3;25,77;28,01;0,6981
18/09/2004;15.00.00;0,9;-200,0;-200,0;5,3;-200,0;-200,0;-200,0;47,0;-200,0;-200,0;-200,0;-200,0;-200,0
18/09/2004;16.00.00;1,9;1330,45;-200,0;8,4;770,55;101,0;1950,04;103,0;1604,03;923,35;27,26;26,62;0,7602
18/09/2004;17.00.00;2,8;1558,9;-200,0;8,2;793,71;229,0;1812,54;75,0;1481,37;770,91;28,43;28,91;0,7962
18/09/2004;18.00.00;1,8;1289,17;-200,0;8,5;813,9;-200,0;1571,13;-200,0;2182,13;1723,1;28,03;30,0;0,8559
18/09/2004;19.00.00;2,6;1568,77;-200,0;16,3;1075,78;405,0;1686,82;149,0;1948,91;1234,25;23,94;39,58;0,9064
18/09/2004;20.00.00;2,6;1534,94;-200,0;10,9;847,1;721,0;1414,29;101,0;1570,54;893,82;24,55;42,62;0,8989
18/09/2004;21.00.00;-200,0;1531,86;-200,0;4,0;582,45;165,0;1913,84;107,0;1565,32;974,79;19,08;38,68;0,6773
18/09/2004;22.00.00;2,2;1416,71;-200,0;5,4;647,03;-200,0;2045,17;52,0;1478,59;608,8;24,71;43,21;0,9074
18/09/2004;23.00.00;1,1;1089,25;-200,0;3,2;575,68;79,0;2063,47;53,0;1386,51;723,44;19,6;51,33;0,7975
19/09/2004;00.00.00;0,9;1020,87;-200,0;3,9;611,18;39,0;2177,19;41,0;1507,9;527,8;19,51;60,25;1,1096
19/09/2004;01.00.00;0,6;1022,77;-200,0;2,7;553,69;119,0;2040,68;28,0;1333,05;536,26;17,98;60,16;0,9784
19/09/2004;02.00.00;-200,0;1125,27;-200,0;2,5;571,08;73,0;2112,16;45,0;1517,05;613,01;20,4;58,01;1,1293
19/09/2004;03.00.00;2,4;1388,42;-200,0;6,8;674,08;-200,0;2002,78;59,0;1418,82;725,43;12,26;63,14;0,665
19/09/2004;04.00.00;1,9;1340,65;-200,0;6,5;696,3;81,0;1991,57;56,0;1447,73;651,69;18,07;59,57;0,9235
19/09/2004;05.00.00;1,4;1122,21;-200,0;5,1;654,69;241,0;1985,75;-200,0;1675,74;918,95;18,39;63,83;1,0294
19/09/2004;06.00.00;-200,0;1214,44;-200,0;7,2;747,76;241,0;1985,18;76,0;1544,07;764,02;18,49;58,23;0,9198
19/09/2004;07.00.00;1,4;1192,41;-200,0;11,1;896,04;210,0;1939,57;-200,0;1666,53;888,45;23,89;51,26;1,0708
19/09/2004;08.00.00;2,0;1309,71;-200,0;10,5;866,35;164,0;1953,54;125,0;1744,74;950,12;19,86;49,65;0,8063
19/09/2004;09.00.00;-200,0;1561,15;-200,0;6,7;719,43;-200,0;1787,99;100,0;1714,34;907,55;24,48;50,41;1,1376
19/09/2004;10.00.00;2,0;1312,98;-200,0;9,3;809,43;329,0;1807,85;104,0;1575,49;1003,6;24,94;36,33;0,7803
19/09/2004;11.00.00;2,1;1364,26;-200,0;9,2;809,98;102,0;2049,65;79,0;1557,76;817,38;27,96;36,85;0,9455
19/09/2004;12.00.00;1,9;1281,27;-200,0;6,8;704,41;118,0;2024,66;41,0;1343,17;727,57;25,13;30,75;0,7332
19/09/2004;13.00.00;1,5;1213,54;-200,0;5,1;643,29;118,0;2035,04;74,0;1495,54;866,83;25,8;30,38;0,7268
19/09/2004;14.00.00;0,9;934,45;-200,0;5,9;694,07;166,0;1978,68;111,0;1704,26;902,44;29,95;23,17;0,7486
19/09/2004;15.00.00;-200,0;1000,85;-200,0;4,2;612,27;-200,0;2047,92;63,0;1395,15;861,19;28,78;26,39;0,7283
19/09/2004;16.00.00;-200,0;1001,17;-200,0;7,6;736,47;-200,0;2043,85;31,0;1227,38;576,37;24,67;31,99;0,694
19/09/2004;17.00.00;1,7;1233,72;-200,0;11,4;893,48;-200,0;2081,91;67,0;1376,7;766,96;26,18;23,56;0,6009
19/09/2004;18.00.00;1,0;979,86;-200,0;-200,0;658,33;-200,0;2023,02;68,0;1332,34;661,65;27,24;24,46;0,5977
19/09/2004;19.00.00;2,2;1375,08;-200,0;15,8;1077,11;581,0;1615,96;105,0;1626,13;1009,82;27,11;28,38;0,7022
19/09/2004;20.00.00;3,2;1646,48;-200,0;20,8;1258,8;-200,0;1911,93;124,0;1609,77;1128,36;22,87;33,32;0,6489
19/09/2004;21.00.00;1,9;1226,27;-200,0;7,5;741,76;-200,0;2048,05;55,0;1305,47;648,57;17,1;46,81;0,6708
19/09/2004;22.00.00;-200,0;1128,9;-200,0;6,1;697,43;124,0;2031,36;88,0;1558,44;923,75;22,68;41,46;0,9256
19/09/2004;23.00.00;-200,0;986,8;-200,0;2,7;523,19;55,0;2118,53;16,0;1169,18;378,22;17,99;51,34;0,7192
20/09/2004;00.00.00;1,5;1226,18;-200,0;3,5;577,5;73,0;2060,49;45,0;1369,94;609,39;15,17;59,89;0,8406
20/09/2004;01.00.00;1,4;-200,0;-200,0;4,4;-200,0;99,0;-200,0;62,0;-200,0;-200,0;-200,0;-200,0;-200,0
20/09/2004;02.00.00;1,2;1162,7;-200,0;4,7;635,33;51,0;1985,18;42,0;1431,53;555,72;19,54;59,53;1,0796
20/09/2004;03.00.00;1,2;1108,83;-200,0;3,7;588,76;232,0;1874,46;-200,0;1584,33;607,15;18,0;63,02;1,1246
20/09/2004;04.00.00;1,6;1231,91;-200,0;6,3;666,27;-200,0;1887,33;97,0;1671,54;868,46;17,46;61,99;0,9934
20/09/2004;05.00.00;-200,0;1225,2;-200,0;10,4;889,9;134,0;1988,32;158,0;2033,17;1222,89;21,19;58,54;1,1305
20/09/2004;06.00.00;2,7;1559,38;-200,0;5,7;643,09;117,0;1932,21;201,0;2140,98;1464,42;20,48;55,74;0,9251
20/09/2004;07.00.00;4,3;2040,0;-200,0;14,4;1069,53;202,0;1756,69;133,0;1958,7;1091,55;23,48;64,25;1,2977
20/09/2004;08.00.00;-200,0;1444,42;-200,0;19,1;1203,66;253,0;1823,33;306,0;2512,01;2198,63;18,66;52,78;0,8609
20/09/2004;09.00.00;2,4;1540,31;-200,0;16,2;1089,93;-200,0;1576,07;195,0;2129,73;1426,52;22,67;56,47;1,0544
20/09/2004;10.00.00;4,6;2040,0;-200,0;-200,0;1072,76;405,0;1766,8;203,0;2041,73;1486,78;20,8;36,93;0,6995
20/09/2004;11.00.00;2,3;1401,32;-200,0;11,4;865,89;327,0;1792,12;-200,0;1524,87;888,91;24,78;34,65;0,6814
20/09/2004;12.00.00;1,2;-200,0;-200,0;7,1;-200,0;278,0;-200,0;63,0;-200,0;-200,0;-200,0;-200,0;-200,0
20/09/2004;13.00.00;2,4;1431,18;-200,0;11,1;878,76;238,0;1815,22;139,0;1612,85;1158,9;28,33;24,43;0,6609
20/09/2004;14.00.00;1,8;1282,46;-200,0;8,5;808,0;317,0;1777,47;140,0;1864,49;1212,35;27,66;36,19;0,9732
20/09/2004;15.00.00;3,4;1713,6;-200,0;12,0;888,35;-200,0;1854,61;-200,0;1403,51;830,87;28,99;23,46;0,6366
20/09/2004;16.00.00;1,6;1190,95;-200,0;7,4;748,41;281,0;1932,82;115,0;1785,46;1032,72;28,98;36,28;0,9469
20/09/2004;17.00.00;3,4;1727,81;-200,0;9,6;796,28;314,0;1722,82;115,0;1613,55;1003,42;31,38;22,27;0,7899
20/09/2004;18.00.00;1,9;1291,88;-200,0;14,4;994,92;569,0;1590,25;340,0;2653,13;2318,96;25,65;26,08;0,6895
20/09/2004;19.00.00;5,8;2040,0;-200,0;27,7;1550,19;407,0;1694,37;121,0;1717,21;1065,43;23,36;33,36;0,6825
20/09/2004;20.00.00;4,3;1946,05;-200,0;14,1;992,37;365,0;1767,3;155,0;1997,64;1296,1;24,53;39,09;0,9097
20/09/2004;21.00.00;3,7;1853,0;-200,0;9,3;837,87;508,0;1581,26;-200,0;1498,1;706,54;21,14;48,69;0,8794
20/09/2004;22.00.00;2,1;1429,24;-200,0;12,2;954,95;107,0;1972,67;-200,0;1456,6;674,21;24,41;50,98;1,1501
20/09/2004;23.00.00;1,1;1085,82;-200,0;2,6;557,58;73,0;2041,39;48,0;1484,73;615,6;19,68;50,99;0,9024
21/09/2004;00.00.00;0,7;-200,0;-200,0;4,9;-200,0;-200,0;-200,0;43,0;-200,0;-200,0;-200,0;-200,0;-200,0
21/09/2004;01.00.00;1,0;1057,93;-200,0;4,7;621,65;86,0;2078,17;-200,0;1474,83;667,95;17,28;58,3;0,9246
21/09/2004;02.00.00;0,7;997,85;-200,0;4,9;639,4;104,0;2151,5;81,0;1671,46;816,11;19,16;57,12;0,9654
21/09/2004;03.00.00;1,1;1100,55;-200,0;4,3;616,47;161,0;1973,32;-200,0;1588,11;937,06;17,24;57,87;0,8504
21/09/2004;04.00.00;1,8;1389,74;-200,0;5,3;659,9;186,0;1937,12;90,0;1628,79;925,64;16,44;66,83;0,8967
21/09/2004;05.00.00;1,7;1303,76;-200,0;6,5;696,11;278,0;1863,65;47,0;1444,33;659,36;21,55;50,76;0,9361
21/09/2004;06.00.00;1,9;1344,98;-200,0;11,4;894,73;607,0;1547,0;117,0;1814,62;1083,8;17,31;65,12;0,9999
21/09/2004;07.00.00;-200,0;1420,71;-200,0;18,7;1164,43;309,0;1780,16;166,0;1917,33;1340,59;20,12;51,59;0,8229
21/09/2004;08.00.00;2,0;1296,86;-200,0;9,2;851,59;483,0;1655,15;-200,0;1998,04;1225,62;22,56;45,1;0,9595
21/09/2004;09.00.00;-200,0;1853,2;-200,0;11,6;887,87;231,0;1837,68;224,0;2152,15;1647,36;19,29;48,01;0,7816
21/09/2004;10.00.00;3,3;1722,67;-200,0;16,9;1103,91;214,0;1886,83;129,0;1837,45;1104,37;24,81;47,08;1,0313
21/09/2004;11.00.00;1,5;1155,89;-200,0;12,5;902,58;239,0;1927,54;84,0;1574,56;785,65;22,94;40,9;0,7829
21/09/2004;12.00.00;1,5;1200,66;-200,0;4,7;624,74;250,0;1865,85;63,0;1503,77;726,26;27,73;34,09;0,9479
21/09/2004;13.00.00;-200,0;1528,04;-200,0;10,4;859,58;226,0;1865,6;109,0;1643,22;946,71;24,96;34,15;0,7838
21/09/2004;14.00.00;-200,0;1367,19;-200,0;6,8;701,37;217,0;1912,29;117,0;1553,58;966,45;28,77;18,34;0,6
21/09/2004;15.00.00;0,9;997,59;-200,0;8,8;781,38;272,0;1951,79;71,0;1380,19;746,57;29,77;23,7;0,6471
21/09/2004;16.00.00;-200,0;1182,04;-200,0;5,5;662,17;387,0;1788,35;117,0;1553,1;946,42;29,11;22,37;0,6178
21/09/2004;17.00.00;3,9;1893,31;-200,0;6,4;711,86;258,0;1751,94;198,0;2079,31;1294,18;27,39;34,84;0,912
21/09/2004;18.00.00;3,0;1591,77;-200,0;13,9;975,59;-200,0;1797,57;179,0;1873,24;1400,52;25,63;29,66;0,6699
21/09/2004;19.00.00;3,3;1709,96;-200,0;16,1;1090,96;641,0;1478,41;191,0;2000,43;1404,51;23,9;39,54;0,8557
21/09/2004;20.00.00;4,5;2040,0;-200,0;13,2;985,2;597,0;1473,97;192,0;2140,25;1444,58;26,79;42,33;1,0932
21/09/2004;21.00.00;-200,0;1635,72;-200,0;8,3;761,33;262,0;1859,08;82,0;1551,2;809,77;21,15;40,0;0,7634
21/09/2004;22.00.00;-200,0;1337,56;-200,0;11,0;903,75;126,0;2026,9;78,0;1481,24;853,0;19,19;46,03;0,8335
21/09/2004;23.00.00;-200,0;1108,83;-200,0;2,3;533,07;-200,0;2014,74;53,0;1527,22;622,48;21,38;59,78;1,0544
22/09/2004;00.00.00;1,4;1177,13;-200,0;3,1;556,09;91,0;2011,16;33,0;1342,51;472,37;17,23;53,4;0,8002
22/09/2004;01.00.00;-200,0;1343,37;-200,0;4,1;597,97;145,0;2032,93;37,0;1268,94;601,85;16,13;60,76;0,8018
22/09/2004;02.00.00;1,3;1178,13;-200,0;5,5;671,88;95,0;2012,8;45,0;1295,41;491,4;14,64;58,02;0,7493
22/09/2004;03.00.00;1,3;1177,34;-200,0;8,0;781,48;104,0;2063,01;82,0;1633,11;826,83;16,4;60,98;0,8721
22/09/2004;04.00.00;2,5;1452,81;-200,0;9,5;842,81;214,0;1870,86;69,0;1509,18;759,0;17,37;61,7;0,863
22/09/2004;05.00.00;3,6;1783,85;-200,0;11,5;915,73;134,0;1974,54;85,0;1586,79;874,72;18,52;56,22;0,8451
22/09/2004;06.00.00;4,4;2002,62;-200,0;11,4;902,4;260,0;1827,82;-200,0;1953,12;1392,63;20,73;52,47;0,9716
22/09/2004;07.00.00;2,5;1581,68;-200,0;7,0;745,85;378,0;1700,0;173,0;2009,91;1295,13;20,92;54,98;1,0032
22/09/2004;08.00.00;3,4;1699,17;-200,0;9,7;833,51;500,0;1622,89;-200,0;1812,42;1291,6;20,69;44,98;0,798
22/09/2004;09.00.00;2,6;1538,04;-200,0;28,4;1573,83;383,0;1771,54;-200,0;1810,1;1247,67;21,97;40,49;0,8172
22/09/2004;10.00.00;3,0;1708,14;-200,0;20,9;1269,32;767,0;1377,52;-200,0;1970,02;1322,54;24,68;35,19;0,8323
22/09/2004;11.00.00;1,5;1210,38;-200,0;12,6;946,27;302,0;1843,25;81,0;1550,64;777,7;27,41;35,16;0,8995
22/09/2004;12.00.00;1,5;1147,24;-200,0;6,0;675,99;166,0;1903,04;137,0;1882,13;1039,08;26,15;36,54;0,8548
22/09/2004;13.00.00;2,2;1436,7;-200,0;6,6;710,93;212,0;1963,4;91,0;1558,07;826,92;25,75;36,49;0,8135
22/09/2004;14.00.00;1,8;1229,5;-200,0;5,9;661,07;363,0;1753,96;81,0;1342,82;737,15;25,21;23,53;0,5498
22/09/2004;15.00.00;0,8;972,18;-200,0;4,5;625,63;167,0;1997,86;55,0;1421,75;599,43;24,47;37,3;0,7624
22/09/2004;16.00.00;3,0;1651,84;-200,0;8,4;776,36;362,0;1756,29;105,0;1598,3;944,65;28,52;22,14;0,625
22/09/2004;17.00.00;1,6;1203,11;-200,0;24,9;1445,1;177,0;1921,69;175,0;1999,14;1295,43;27,85;34,38;0,9885
22/09/2004;18.00.00;2,3;1451,02;-200,0;13,0;949,04;297,0;1775,29;166,0;1909,06;1317,61;27,05;28,21;0,7108
22/09/2004;19.00.00;-200,0;1401,3;-200,0;29,3;1592,58;199,0;1878,34;265,0;2276,74;1809,96;24,6;31,19;0,6756
22/09/2004;20.00.00;2,5;1423,79;-200,0;10,7;878,04;-200,0;1176,81;146,0;1963,3;1213,64;26,47;36,17;1,0041
22/09/2004;21.00.00;-200,0;1249,45;-200,0;5,4;665,47;122,0;1973,0;106,0;1724,2;893,43;21,39;44,29;0,9053
22/09/2004;22.00.00;1,0;1016,2;-200,0;8,5;769,36;-200,0;2018,54;128,0;1846,01;1107,62;22,98;52,11;1,0315
22/09/2004;23.00.00;0,5;930,78;-200,0;4,0;584,19;198,0;2002,04;45,0;1481,49;615,07;19,78;56,9;0,9777
23/09/2004;00.00.00;1,2;1044,39;-200,0;7,0;717,64;140,0;1988,72;59,0;1464,89;716,82;17,42;52,8;0,7994
23/09/2004;01.00.00;1,3;1149,58;-200,0;8,5;771,69;127,0;2028,38;-200,0;1540,3;615,67;19,02;55,43;0,9145
23/09/2004;02.00.00;3,0;1649,06;-200,0;4,9;661,58;-200,0;1751,63;68,0;1548,52;710,35;18,16;57,59;0,9834
23/09/2004;03.00.00;1,7;1296,05;-200,0;10,3;877,66;111,0;2038,16;87,0;1553,74;936,39;17,88;62,23;0,9533
23/09/2004;04.00.00;1,3;1171,87;-200,0;4,9;627,53;-200,0;1952,1;58,0;1446,78;627,77;17,5;61,12;0,9229
23/09/2004;05.00.00;1,2;1139,4;-200,0;5,5;637,85;-200,0;2029,26;69,0;1533,23;700,02;17,76;55,63;0,8766
23/09/2004;06.00.00;2,0;1409,94;-200,0;14,3;1046,17;-200,0;1916,11;127,0;1935,44;980,51;23,41;58,86;1,2981
23/09/2004;07.00.00;3,3;1770,62;-200,0;7,6;771,72;395,0;1715,78;159,0;2079,23;1201,55;22,04;65,1;1,313
23/09/2004;08.00.00;3,1;1673,56;-200,0;18,3;1187,54;823,0;1261,99;294,0;2549,74;1928,03;22,32;46,92;0,9545
23/09/2004;09.00.00;3,8;1807,21;-200,0;29,7;1636,32;975,0;1042,22;221,0;2219,32;1708,3;22,39;42,62;0,7681
23/09/2004;10.00.00;5,6;2040,0;-200,0;22,9;1360,43;333,0;1658,32;278,0;2458,96;1961,56;25,48;42,93;0,9909
23/09/2004;11.00.00;-200,0;1306,88;-200,0;8,4;775,93;163,0;1900,56;138,0;1722,11;1095,87;25,7;32,99;0,8314
23/09/2004;12.00.00;1,0;1072,63;-200,0;12,1;939,3;147,0;2024,52;-200,0;2019,13;1339,87;25,76;35,41;0,8632
23/09/2004;13.00.00;-200,0;1395,07;-200,0;4,9;635,37;-200,0;1728,96;-200,0;1772,34;1014,11;25,89;25,61;0,6612
23/09/2004;14.00.00;1,8;1324,67;-200,0;5,4;696,75;-200,0;1824,64;63,0;1476,75;654,21;26,84;36,56;1,0273
23/09/2004;15.00.00;0,9;983,03;-200,0;7,3;718,78;102,0;2024,31;-200,0;1533,11;1065,52;20,83;28,51;0,4582
23/09/2004;16.00.00;-200,0;1252,92;-200,0;8,9;793,33;384,0;1831,95;-200,0;1660,36;949,71;27,42;24,3;0,6974
23/09/2004;17.00.00;1,7;1156,41;-200,0;7,4;739,73;-200,0;1916,87;162,0;1793,06;1221,52;25,52;26,26;0,6061
23/09/2004;18.00.00;3,8;1821,3;-200,0;32,0;1756,92;565,0;1557,07;254,0;2321,87;1858,98;28,89;29,49;0,8895
23/09/2004;19.00.00;7,1;2040,0;-200,0;8,8;811,81;365,0;1638,78;179,0;2046,18;1373,38;24,71;42,65;0,964
23/09/2004;20.00.00;-200,0;1622,9;-200,0;15,4;1049,13;1012,0;1180,1;185,0;2047,92;1337,04;21,09;33,79;0,7282
23/09/2004;21.00.00;3,1;1656,79;-200,0;10,5;849,64;-200,0;1918,96;95,0;1583,1;872,93;22,07;41,45;0,8141
23/09/2004;22.00.00;0,9;1033,02;-200,0;3,0;558,45;88,0;2157,95;138,0;1722,24;1086,07;18,78;46,64;0,7181
23/09/2004;23.00.00;0,7;1040,71;-200,0;7,3;724,59;79,0;2114,01;40,0;1417,16;549,2;20,62;53,71;0,983
24/09/2004;00.00.00;2,3;1481,95;-200,0;3,3;586,99;281,0;1886,71;33,0;1344,57;508,4;19,02;56,4;0,9363
24/09/2004;01.00.00;-200,0;1142,32;-200,0;5,1;654,17;122,0;2038,99;43,0;1349,87;657,02;19,56;53,16;0,9521
24/09/2004;02.00.00;1,7;1289,16;-200,0;6,2;698,23;83,0;2015,54;-200,0;1444,1;660,3;15,56;60,42;0,8238
24/09/2004;03.00.00;2,2;1426,44;-200,0;3,6;567,18;106,0;2019,38;69,0;1567,2;793,05;17,04;62,53;1,0306
24/09/2004;04.00.00;-200,0;1114,36;-200,0;4,6;639,77;81,0;2005,77;103,0;1561,85;968,86;14,41;59,28;0,7276
24/09/2004;05.00.00;2,3;1453,78;-200,0;14,0;995,75;242,0;1880,96;88,0;1629,05;907,95;19,05;64,05;1,0415
24/09/2004;06.00.00;2,7;1523,26;-200,0;9,3;805,2;-200,0;1938,75;91,0;1648,14;895,38;19,48;62,36;1,0146
24/09/2004;07.00.00;1,8;1306,66;-200,0;4,9;614,4;584,0;1612,46;177,0;2087,54;1358,73;20,47;53,64;0,9567
24/09/2004;08.00.00;6,3;2040,0;-200,0;16,5;1095,61;704,0;1338,66;295,0;2637,69;2013,58;20,68;50,84;0,9258
24/09/2004;09.00.00;-200,0;2040,0;-200,0;18,3;1170,59;487,0;1452,19;-200,0;2133,92;1558,8;22,8;34,23;0,7097
24/09/2004;10.00.00;1,9;1380,53;-200,0;15,2;1054,1;630,0;1545,54;204,0;2139,29;1580,13;26,48;38,27;0,9605
24/09/2004;11.00.00;2,3;1417,09;-200,0;4,7;640,26;381,0;1763,25;114,0;1657,91;966,45;23,9;41,06;0,858
24/09/2004;12.00.00;1,7;1187,36;-200,0;8,2;780,87;223,0;1979,34;85,0;1480,57;829,9;25,79;30,19;0,6824
24/09/2004;13.00.00;2,8;1547,06;-200,0;5,5;667,08;135,0;1998,99;106,0;1594,87;975,16;24,13;25,76;0,5459
24/09/2004;14.00.00;1,0;1102,83;-200,0;7,6;746,25;202,0;2019,3;84,0;1636,21;850,88;25,07;39,03;0,9593
24/09/2004;15.00.00;5,5;2040,0;-200,0;8,1;773,15;-200,0;1812,66;104,0;1752,95;875,3;27,17;36,13;1,0069
24/09/2004;16.00.00;1,7;1187,42;-200,0;9,0;800,04;236,0;1855,16;142,0;1803,44;1138,24;29,01;29,98;0,8586
24/09/2004;17.00.00;3,1;1602,6;-200,0;18,9;1189,47;300,0;1759,66;119,0;1707,55;1030,2;25,79;35,14;0,7988
24/09/2004;18.00.00;5,3;2040,0;-200,0;36,5;1914,19;-200,0;1539,29;-200,0;2016,7;1671,27;25,04;21,17;0,4845
24/09/2004;19.00.00;3,4;1704,02;-200,0;11,8;914,93;562,0;1472,41;280,0;2406,13;1938,16;23,66;32,09;0,7896
24/09/2004;20.00.00;-200,0;1575,55;-200,0;13,1;973,02;-200,0;1366,55;191,0;1957,78;1515,03;22,2;38,02;0,7964
24/09/2004;21.00.00;1,8;1361,73;-200,0;13,0;973,66;148,0;1972,11;128,0;1776,1;1075,56;22,56;43,85;0,9067
24/09/2004;22.00.00;1,0;1019,59;-200,0;5,6;679,34;-200,0;2067,94;-200,0;1385,16;740,48;17,69;47,24;0,7601
24/09/2004;23.00.00;1,3;1179,26;-200,0;1,6;503,45;-200,0;2072,49;-200,0;1473,62;652,57;22,04;41,28;0,8799
25/09/2004;00.00.00;-200,0;1068,84;-200,0;3,7;594,05;59,0;2117,34;54,0;1385,96;675,74;16,91;59,93;0,8047
25/09/2004;01.00.00;1,0;1089,98;-200,0;7,0;737,94;103,0;2091,6;-200,0;1467,53;728,06;18,89;63,58;1,0097
25/09/2004;02.00.00;-200,0;1111,5;-200,0;2,9;533,3;68,0;2051,61;-200,0;1327,11;538,31;14,41;70,67;0,8473
25/09/2004;03.00.00;1,6;1223,53;-200,0;5,9;674,52;83,0;2038,22;60,0;1557,91;645,23;18,12;59,33;0,9468
25/09/2004;04.00.00;1,1;1080,42;-200,0;2,9;558,6;333,0;1860,7;64,0;1526,21;722,65;18,29;58,31;0,9191
25/09/2004;05.00.00;-200,0;1181,96;-200,0;9,2;821,7;145,0;1953,69;-200,0;1769,75;1023,35;18,22;47,46;0,7761
25/09/2004;06.00.00;2,5;1395,77;-200,0;8,8;843,17;123,0;2016,95;-200,0;1614,58;885,18;16,25;56,54;0,7566
25/09/2004;07.00.00;2,6;1605,34;-200,0;-200,0;811,31;283,0;1831,06;150,0;1922,19;1203,16;19,78;58,78;1,0711
25/09/2004;08.00.00;-200,0;1362,86;-200,0;12,8;941,79;627,0;1460,03;145,0;1729,98;1265,77;18,12;46,88;0,7214
25/09/2004;09.00.00;3,1;1642,1;-200,0;8,5;802,17;676,0;1472,26;138,0;1944,97;1109,45;21,27;55,99;1,0767
25/09/2004;10.00.00;-200,0;1634,0;-200,0;16,9;1097,83;164,0;1940,6;98,0;1688,9;936,1;25,13;39,33;0,9722
25/09/2004;11.00.00;2,7;1539,1;-200,0;6,2;668,11;-200,0;2029,7;63,0;1465,81;705,61;25,87;37,01;0,9507
25/09/2004;12.00.00;1,3;1068,91;-200,0;8,5;769,56;-200,0;2021,51;100,0;1523,21;949,97;25,35;25,73;0,6222
25/09/2004;13.00.00;-200,0;1142,55;-200,0;4,5;606,97;153,0;1931,68;80,0;1476,85;686,02;24,16;31,12;0,7244
25/09/2004;14.00.00;1,1;970,76;-200,0;13,8;997,83;72,0;2073,95;109,0;1598,46;961,76;27,9;17,99;0,574
25/09/2004;15.00.00;1,1;1099,9;-200,0;10,5;854,47;74,0;2091,36;-200,0;1510,41;795,73;26,82;30,74;0,8094
25/09/2004;16.00.00;-200,0;1282,14;-200,0;14,5;988,99;-200,0;2044,24;80,0;1437,1;833,41;21,97;31,51;0,574
25/09/2004;17.00.00;2,5;1473,12;-200,0;21,2;1284,3;112,0;1951,18;55,0;1487,61;731,4;27,67;36,48;1,0043
25/09/2004;18.00.00;3,9;1803,17;-200,0;10,2;858,34;286,0;1775,1;-200,0;2252,31;1894,8;25,27;27,45;0,6397
25/09/2004;19.00.00;3,0;1614,03;-200,0;10,5;851,77;656,0;1446,07;-200,0;1957,97;1282,43;26,68;37,08;0,8207
25/09/2004;20.00.00;1,6;1198,04;-200,0;26,9;1512,18;250,0;1860,09;71,0;1463,59;870,13;20,88;43,44;0,8133
25/09/2004;21.00.00;2,3;1476,55;-200,0;7,8;738,04;325,0;1775,47;99,0;1560,74;948,63;15,43;47,49;0,6305
25/09/2004;22.00.00;1,4;1145,45;-200,0;7,0;717,81;118,0;2012,05;45,0;1464,59;669,48;21,04;45,61;0,8953
25/09/2004;23.00.00;1,1;1054,34;-200,0;3,2;565,71;78,0;2164,95;-200,0;1290,42;572,19;19,86;42,32;0,6878
26/09/2004;00.00.00;0,6;-200,0;-200,0;2,8;-200,0;34,0;-200,0;44,0;-200,0;-200,0;-200,0;-200,0;-200,0
26/09/2004;01.00.00;1,0;974,68;-200,0;5,1;653,51;125,0;2056,08;36,0;1267,92;627,64;15,3;60,35;0,796
26/09/2004;02.00.00;0,7;1033,44;-200,0;1,9;549,67;90,0;2009,59;65,0;1742,66;736,03;22,26;60,07;1,2027
26/09/2004;03.00.00;1,4;1210,26;-200,0;6,0;670,7;49,0;2161,82;49,0;1475,49;658,77;15,97;67,34;0,9203
26/09/2004;04.00.00;1,1;1088,21;-200,0;5,9;689,13;126,0;1947,05;-200,0;1546,58;659,89;18,22;62,68;0,9759
26/09/2004;05.00.00;1,1;1017,66;-200,0;4,3;626,82;94,0;2009,17;72,0;1517,6;753,8;15,95;54,51;0,6868
26/09/2004;06.00.00;0,9;963,34;-200,0;6,3;676,48;152,0;1952,13;76,0;1458,14;765,71;13,87;48,59;0,5742
26/09/2004;07.00.00;2,7;1453,23;-200,0;9,0;798,44;235,0;1826,86;101,0;1635,19;969,34;18,74;48,88;0,7668
26/09/2004;08.00.00;2,1;1405,49;-200,0;11,9;944,47;475,0;1738,63;127,0;1876,3;1097,82;19,76;62,15;1,1122
26/09/2004;09.00.00;-200,0;1503,32;-200,0;14,2;1037,89;178,0;1968,66;196,0;2090,22;1488,79;20,78;49,14;0,9076
26/09/2004;10.00.00;1,5;1165,4;-200,0;6,3;709,96;275,0;1891,32;125,0;1797,91;1039,23;22,65;41,81;0,8282
26/09/2004;11.00.00;0,9;1047,06;-200,0;18,0;1143,92;271,0;1908,92;58,0;1416,26;686,07;24,61;35,61;0,8884
26/09/2004;12.00.00;1,1;1019,74;-200,0;5,1;645,49;371,0;1759,96;44,0;1359,54;618,33;24,82;31,56;0,7058
26/09/2004;13.00.00;1,1;1148,7;-200,0;4,9;625,78;182,0;2018,76;-200,0;1283,26;670,84;23,38;35,77;0,7794
26/09/2004;14.00.00;1,4;1170,99;-200,0;10,1;833,99;126,0;2091,39;63,0;1337,61;674,06;27,38;25,68;0,6672
26/09/2004;15.00.00;1,1;1035,26;-200,0;2,4;509,31;117,0;2086,38;38,0;1284,35;539,66;22,68;30,41;0,6953
26/09/2004;16.00.00;-200,0;966,39;-200,0;10,9;859,91;230,0;1968,47;48,0;1319,74;737,24;22,31;26,39;0,5258
26/09/2004;17.00.00;1,0;1058,98;-200,0;7,3;730,63;152,0;2062,2;51,0;1507,11;595,51;27,39;39,63;1,0487
26/09/2004;18.00.00;-200,0;1388,77;-200,0;7,8;754,13;343,0;1792,23;143,0;1837,8;1210,74;26,13;36,5;0,8887
26/09/2004;19.00.00;1,7;1317,56;-200,0;7,0;734,51;703,0;1372,83;147,0;1858,62;1089,96;23,97;42,75;0,9384
26/09/2004;20.00.00;3,2;1584,48;-200,0;5,7;667,02;224,0;1909,45;136,0;1782,98;1077,75;20,09;37,94;0,7188
26/09/2004;21.00.00;1,6;1274,69;-200,0;5,6;681,99;65,0;2027,84;61,0;1511,58;739,44;20,17;50,81;0,9289
26/09/2004;22.00.00;1,4;1166,56;-200,0;4,7;623,86;64,0;2085,99;28,0;1299,65;488,12;19,76;48,62;0,8298
26/09/2004;23.00.00;0,9;-200,0;-200,0;4,5;-200,0;79,0;-200,0;31,0;-200,0;-200,0;-200,0;-200,0;-200,0
27/09/2004;00.00.00;1,2;1049,3;-200,0;-200,0;665,41;66,0;2087,03;33,0;1328,25;453,99;16,37;66,67;0,9723
27/09/2004;01.00.00;0,9;-200,0;-200,0;4,0;-200,0;95,0;-200,0;-200,0;-200,0;-200,0;-200,0;-200,0;-200,0
27/09/2004;02.00.00;0,9;1060,29;-200,0;9,2;828,99;114,0;2062,37;91,0;1605,1;790,9;19,41;64,17;1,002
27/09/2004;03.00.00;1,5;1175,36;-200,0;17,3;1141,81;-200,0;1922,74;65,0;1451,91;679,43;15,55;65,96;0,8532
27/09/2004;04.00.00;2,0;1390,63;-200,0;12,3;947,45;114,0;2008,67;86,0;1685,74;883,96;18,07;65,76;1,0344
27/09/2004;05.00.00;0,9;1079,65;-200,0;6,8;723,87;153,0;1994,43;125,0;1710,81;986,48;13,23;59,1;0,7093
27/09/2004;06.00.00;-200,0;1315,12;-200,0;11,7;920,19;452,0;1748,53;78,0;1715,66;816,86;19,17;68,93;1,2021
27/09/2004;07.00.00;5,5;2040,0;-200,0;17,3;1135,6;305,0;1681,46;187,0;1928,9;1408,65;17,28;48,29;0,6555
27/09/2004;08.00.00;4,5;2040,0;-200,0;34,5;1837,28;698,0;1390,28;130,0;1886,5;1077,24;20,71;57,72;1,0173
27/09/2004;09.00.00;6,5;2040,0;-200,0;16,6;1109,73;520,0;1462,95;225,0;2239,17;1560,0;20,89;51,84;0,8846
27/09/2004;10.00.00;2,4;1501,46;-200,0;9,8;842,24;378,0;1664,21;221,0;2351,68;1611,95;25,32;50,61;1,1197
27/09/2004;11.00.00;1,9;1233,28;-200,0;15,6;1054,05;358,0;1751,47;78,0;1389,11;844,6;22,14;28,83;0,5325
27/09/2004;12.00.00;2,6;1537,14;-200,0;9,8;824,94;97,0;2004,52;122,0;1702,85;1102,06;26,18;28,7;0,7241
27/09/2004;13.00.00;2,2;1349,15;-200,0;5,0;658,58;228,0;1880,67;92,0;1684,29;856,91;25,16;37,64;0,9129
27/09/2004;14.00.00;1,6;1158,73;-200,0;9,2;781,43;217,0;1937,77;68,0;1370,68;720,95;25,9;19,0;0,4126
27/09/2004;15.00.00;1,0;1011,83;-200,0;13,6;952,27;236,0;1960,7;52,0;1212,57;571,95;26,02;19,74;0,4407
27/09/2004;16.00.00;2,7;1462,28;-200,0;6,0;673,24;167,0;1984,07;95,0;1403,8;881,75;24,52;25,94;0,4925
27/09/2004;17.00.00;5,8;2040,0;-200,0;8,0;790,12;295,0;1702,93;146,0;1760,75;1100,05;25,69;31,14;0,756
27/09/2004;18.00.00;1,9;1380,18;-200,0;16,3;1101,42;156,0;1980,85;161,0;1878,86;1236,86;24,8;41,0;0,8967
27/09/2004;19.00.00;6,1;2040,0;-200,0;23,8;1395,43;-200,0;1622,57;148,0;1988,36;1193,96;24,37;35,84;0,8795
27/09/2004;20.00.00;-200,0;1493,09;-200,0;15,0;1066,88;449,0;1637,75;-200,0;2225,46;1523,25;22,85;38,07;0,7962
27/09/2004;21.00.00;1,9;1266,25;-200,0;15,2;1064,96;475,0;1682,58;161,0;1966,89;1335,42;22,98;47,33;0,9631
27/09/2004;22.00.00;-200,0;1289,06;-200,0;6,5;708,61;303,0;1868,04;91,0;1621,08;987,54;21,94;52,78;0,9885
27/09/2004;23.00.00;0,8;941,36;-200,0;6,6;724,85;84,0;2094,13;85,0;1513,53;904,94;16,78;56,97;0,7388
28/09/2004;00.00.00;-200,0;1102,41;-200,0;3,3;566,64;136,0;2024,47;41,0;1397,75;652,05;19,39;57,85;0,896
28/09/2004;01.00.00;0,7;943,49;-200,0;3,1;549,27;-200,0;2103,49;36,0;1172,13;576,86;14,48;51,83;0,6126
28/09/2004;02.00.00;1,6;1237,86;-200,0;4,9;643,38;66,0;2028,64;72,0;1511,28;805,04;17,53;58,82;0,8433
28/09/2004;03.00.00;3,3;1655,14;-200,0;3,8;643,21;194,0;1847,91;-200,0;1556,07;740,61;17,43;71,12;1,0053
28/09/2004;04.00.00;1,3;1110,52;-200,0;8,2;749,47;369,0;1787,81;108,0;1585,01;939,61;12,53;64,34;0,7274
28/09/2004;05.00.00;1,7;1254,95;-200,0;3,7;574,12;168,0;2021,82;63,0;1482,19;766,75;17,04;59,99;0,8957
28/09/2004;06.00.00;2,0;1353,77;-200,0;8,2;776,48;172,0;1891,11;-200,0;1593,87;776,79;16,71;64,34;0,8918
28/09/2004;07.00.00;4,1;1948,18;-200,0;12,6;965,74;386,0;1714,27;158,0;1886,74;1303,3;17,17;49,37;0,8181
28/09/2004;08.00.00;4,4;2018,95;-200,0;12,7;966,21;492,0;1621,39;219,0;2169,94;1625,16;22,59;49,55;0,9077
28/09/2004;09.00.00;5,3;2040,0;-200,0;16,9;1105,46;1479,0;593,81;259,0;2332,06;1797,23;19,88;46,71;0,8042
28/09/2004;10.00.00;2,5;1428,03;-200,0;14,3;989,69;-200,0;1497,95;153,0;1865,56;1160,82;20,87;39,15;0,7007
28/09/2004;11.00.00;2,6;1546,68;-200,0;16,5;1089,01;279,0;1757,7;61,0;1491,61;760,43;23,84;37,52;0,7814
28/09/2004;12.00.00;0,6;916,05;-200,0;5,7;666,54;63,0;2211,72;-200,0;2382,1;1879,77;26,09;32,35;0,7571
28/09/2004;13.00.00;2,2;1360,76;-200,0;8,8;782,81;179,0;1887,09;87,0;1496,44;867,01;25,23;23,43;0,5463
28/09/2004;14.00.00;1,1;1074,33;-200,0;8,7;785,6;377,0;1776,64;200,0;2058,25;1485,23;28,35;29,54;0,8081
28/09/2004;15.00.00;1,4;1143,66;-200,0;6,8;693,22;171,0;1898,1;74,0;1392,37;775,7;27,25;21,37;0,5384
28/09/2004;16.00.00;2,3;1413,52;-200,0;6,5;680,48;277,0;1751,57;63,0;1340,84;721,35;21,66;29,46;0,4957
28/09/2004;17.00.00;1,4;1128,24;-200,0;7,3;740,0;-200,0;1841,78;113,0;1589,91;974,85;24,46;37,3;0,752
28/09/2004;18.00.00;4,9;2040,0;-200,0;33,4;1773,35;359,0;1638,67;-200,0;2256,22;1770,48;23,6;31,88;0,6637
28/09/2004;19.00.00;3,6;1779,7;-200,0;19,0;1204,7;-200,0;1115,21;248,0;2276,59;1779,72;24,65;31,16;0,6831
28/09/2004;20.00.00;5,3;2040,0;-200,0;-200,0;985,24;454,0;1540,73;189,0;1922,37;1515,84;17,23;40,72;0,5874
28/09/2004;21.00.00;1,6;1254,83;-200,0;22,3;1315,25;191,0;2009,87;109,0;1767,21;1042,59;26,28;41,86;1,0303
28/09/2004;22.00.00;0,8;965,06;-200,0;6,5;706,43;142,0;2020,43;70,0;1583,19;783,23;20,95;53,65;0,9539
28/09/2004;23.00.00;-200,0;1091,15;-200,0;11,8;904,17;178,0;2028,25;49,0;1403,9;620,18;18,98;54,28;0,8728
29/09/2004;00.00.00;1,4;1143,73;-200,0;2,6;581,64;51,0;2050,6;74,0;1636,6;901,31;19,81;67,54;1,1117
29/09/2004;01.00.00;-200,0;1282,35;-200,0;4,5;630,55;125,0;1983,04;76,0;1760,0;803,15;21,34;67,67;1,3406
29/09/2004;02.00.00;0,9;1043,22;-200,0;3,3;550,38;134,0;1992,38;47,0;1445,95;631,24;17,9;62,89;0,9198
29/09/2004;03.00.00;-200,0;990,85;-200,0;6,0;703,34;79,0;2062,82;44,0;1437,19;645,93;17,88;67,84;1,016
29/09/2004;04.00.00;-200,0;1193,36;-200,0;6,7;712,76;237,0;1841,91;53,0;1456,47;607,22;16,42;61,69;0,8254
29/09/2004;05.00.00;2,1;1417,26;-200,0;6,6;709,2;-200,0;1859,24;79,0;1501,82;809,97;16,37;62,02;0,827
29/09/2004;06.00.00;2,5;1482,91;-200,0;10,0;846,4;366,0;1707,75;117,0;1662,84;1056,66;16,5;57,19;0,8039
29/09/2004;07.00.00;5,1;2040,0;-200,0;-200,0;922,7;609,0;1505,74;153,0;1867,8;1218,39;16,84;59,1;0,8413
29/09/2004;08.00.00;-200,0;1703,45;-200,0;18,2;1165,46;509,0;1576,38;-200,0;2382,72;1712,96;18,32;58,09;0,886
29/09/2004;09.00.00;2,0;1342,12;-200,0;14,3;1013,54;414,0;1707,69;209,0;2043,25;1563,76;18,29;50,26;0,7708
29/09/2004;10.00.00;4,5;-200,0;-200,0;24,8;-200,0;-200,0;-200,0;-200,0;-200,0;-200,0;-200,0;-200,0;-200,0
29/09/2004;11.00.00;2,4;1342,72;-200,0;6,7;728,24;-200,0;1891,93;134,0;1702,85;1161,75;20,12;41,88;0,7487
29/09/2004;12.00.00;2,1;1430,94;-200,0;9,2;804,22;215,0;1925,48;95,0;1634,27;890,46;24,9;36,29;0,934
29/09/2004;13.00.00;2,3;1405,96;-200,0;4,9;604,23;128,0;2016,73;53,0;1252,77;610,8;25,24;24,98;0,5394
29/09/2004;14.00.00;2,6;1467,15;-200,0;5,2;659,09;222,0;1913,98;89,0;1625,24;860,49;26,11;37,38;0,9358
29/09/2004;15.00.00;1,6;1171,29;-200,0;5,2;637,96;114,0;2026,88;-200,0;1524,95;863,37;24,94;37,29;0,8581
29/09/2004;16.00.00;-200,0;1554,29;-200,0;7,5;766,28;94,0;2007,55;70,0;1577,82;799,47;31,97;27,71;0,9687
29/09/2004;17.00.00;-200,0;1599,0;-200,0;12,1;896,91;234,0;1875,92;87,0;1596,58;876,24;28,04;28,82;0,8208
29/09/2004;18.00.00;2,6;1528,46;-200,0;10,7;839,75;478,0;1663,36;255,0;2222,97;1737,34;22,03;36,6;0,722
29/09/2004;19.00.00;3,5;1737,08;-200,0;15,9;1074,07;301,0;1791,44;-200,0;1867,84;1235,63;23,95;40,02;0,8665
29/09/2004;20.00.00;4,0;1911,98;-200,0;10,7;866,53;291,0;1771,81;181,0;1987,23;1414,65;21,07;40,6;0,7247
29/09/2004;21.00.00;1,7;1209,57;-200,0;6,7;689,51;199,0;1901,01;112,0;1525,79;942,14;18,96;40,02;0,6121
29/09/2004;22.00.00;2,0;1353,54;-200,0;9,2;800,67;-200,0;2038,28;78,0;1564,15;806,64;17,01;52,45;0,7544
29/09/2004;23.00.00;1,2;1123,38;-200,0;2,6;576,76;-200,0;1990,77;38,0;1389,25;510,28;19,35;58,02;0,9009
30/09/2004;00.00.00;-200,0;1109,99;-200,0;4,5;611,34;124,0;2030,45;49,0;1360,91;698,96;15,89;62,87;0,8209
30/09/2004;01.00.00;2,1;1375,64;-200,0;9,5;807,03;92,0;2036,7;42,0;1440,7;648,12;18,39;63,85;1,0589
30/09/2004;02.00.00;1,6;1252,39;-200,0;8,9;800,06;85,0;1991,48;65,0;1534,67;705,41;17,94;62,55;0,9622
30/09/2004;03.00.00;1,5;1265,39;-200,0;7,4;737,81;-200,0;1952,88;84,0;1688,68;801,63;18,53;69,49;1,146
30/09/2004;04.00.00;1,6;1225,62;-200,0;7,0;732,08;215,0;1990,07;-200,0;1687,8;943,1;14,25;64,23;0,86
30/09/2004;05.00.00;1,7;1225,24;-200,0;10,5;871,63;391,0;1722,66;144,0;1819,77;1157,97;17,41;59,78;0,8772
30/09/2004;06.00.00;2,4;1458,61;-200,0;11,3;897,96;412,0;1739,35;-200,0;1651,61;916,38;18,52;58,34;0,934
30/09/2004;07.00.00;4,7;2040,0;-200,0;24,3;1411,46;224,0;1744,36;143,0;1756,92;1181,85;17,34;46,79;0,6755
30/09/2004;08.00.00;-200,0;1603,74;-200,0;18,1;1146,06;494,0;1544,37;-200,0;2518,94;2066,24;17,95;50,26;0,7288
30/09/2004;09.00.00;-200,0;1690,05;-200,0;28,1;1588,51;638,0;1506,55;-200,0;2396,13;1744,52;24,01;49,96;1,0398
30/09/2004;10.00.00;4,7;2040,0;-200,0;12,7;947,04;-200,0;1805,06;237,0;2312,26;1624,02;22,54;43,56;0,9139
30/09/2004;11.00.00;1,8;1286,16;-200,0;21,1;1320,91;230,0;1908,64;214,0;2154,09;1576,99;24,56;45,12;1,0238
30/09/2004;12.00.00;2,1;1347,43;-200,0;8,0;752,59;286,0;1864,12;-200,0;1471,74;819,08;22,68;32,47;0,7476
30/09/2004;13.00.00;1,4;1126,25;-200,0;4,2;596,31;-200,0;2000,13;112,0;1655,54;1084,46;22,68;33,36;0,7219
30/09/2004;14.00.00;0,9;992,26;-200,0;7,3;725,51;175,0;1988,09;66,0;1461,76;808,01;24,48;33,09;0,7033
30/09/2004;15.00.00;1,7;1347,33;-200,0;9,2;825,95;-200,0;2013,83;128,0;1826,34;1029,58;25,54;40,23;0,9968
30/09/2004;16.00.00;-200,0;1478,34;-200,0;14,7;1040,57;-200,0;1981,28;61,0;1345,85;772,99;23,49;29,85;0,6157
30/09/2004;17.00.00;2,4;1439,22;-200,0;-200,0;750,97;263,0;1821,05;170,0;1811,28;1307,32;25,1;25,71;0,656
30/09/2004;18.00.00;2,0;1396,64;-200,0;8,5;803,59;429,0;1644,97;151,0;1764,23;1227,28;20,95;38,03;0,67
30/09/2004;19.00.00;3,9;1875,8;-200,0;22,6;1332,34;277,0;1740,94;246,0;2308,74;1826,76;21,05;46,84;0,8077
30/09/2004;20.00.00;2,5;1481,14;-200,0;18,7;1186,45;433,0;1741,51;259,0;2290,07;1878,59;23,42;40,24;0,8076
30/09/2004;21.00.00;0,9;1047,5;-200,0;5,9;665,92;-200,0;1946,78;91,0;1553,17;831,91;21,99;50,72;0,9468
30/09/2004;22.00.00;1,4;1161,65;-200,0;5,3;647,46;106,0;1994,92;42,0;1434,36;578,42;18,71;57,32;0,8759
30/09/2004;23.00.00;-200,0;1167,4;-200,0;4,0;592,13;117,0;2066,64;48,0;1367,73;615,49;16,25;60,6;0,8093
01/10/2004;00.00.00;1,7;1251,75;-200,0;6,0;659,62;107,0;2017,8;45,0;1405,03;616,99;15,0;60,12;0,8133
01/10/2004;01.00.00;-200,0;1397,63;-200,0;4,3;627,5;99,0;2081,98;38,0;1318,82;586,79;15,51;58,86;0,868
01/10/2004;02.00.00;1,7;1291,55;-200,0;4,8;642,93;110,0;2024,43;34,0;1336,36;620,76;17,05;63,75;0,8581
01/10/2004;03.00.00;2,1;1330,26;-200,0;-200,0;712,35;133,0;1960,69;106,0;1731,77;939,97;17,44;67,06;1,0592
01/10/2004;04.00.00;1,0;1069,86;-200,0;4,2;614,86;121,0;2052,07;128,0;1773,29;1046,08;14,76;68,7;0,844
01/10/2004;05.00.00;3,2;1649,42;-200,0;16,4;1090,19;231,0;1786,61;-200,0;1491,3;796,97;13,95;64,03;0,7869
01/10/2004;06.00.00;3,4;1671,3;-200,0;14,1;1000,07;179,0;1901,89;100,0;1630,75;901,94;17,59;57,6;0,7801
01/10/2004;07.00.00;-200,0;1524,94;-200,0;10,9;885,71;275,0;1821,16;203,0;2086,41;1567,12;16,44;58,54;0,8449
01/10/2004;08.00.00;4,9;2040,0;-200,0;12,6;940,24;-200,0;1373,61;274,0;2422,8;1828,52;18,26;55,73;0,7685
01/10/2004;09.00.00;4,8;2040,0;-200,0;13,0;971,33;478,0;1527,0;340,0;2764,83;2141,53;23,24;48,67;1,0296
01/10/2004;10.00.00;5,0;2040,0;-200,0;18,1;1137,12;400,0;1583,31;195,0;2082,29;1417,37;23,53;37,93;0,8166
01/10/2004;11.00.00;2,1;-200,0;-200,0;7,0;-200,0;131,0;-200,0;83,0;-200,0;-200,0;-200,0;-200,0;-200,0
01/10/2004;12.00.00;1,5;1203,96;-200,0;7,8;765,43;174,0;1979,7;123,0;1678,41;1059,11;21,58;38,78;0,6977
01/10/2004;13.00.00;1,5;1154,26;-200,0;4,1;608,42;392,0;1758,94;70,0;1346,8;677,34;25,34;24,26;0,5969
01/10/2004;14.00.00;2,3;1350,61;-200,0;8,8;769,31;83,0;2047,23;79,0;1311,93;904,71;27,54;18,92;0,5214
01/10/2004;15.00.00;0,8;954,02;-200,0;8,6;799,22;351,0;1829,78;-200,0;1656,88;987,39;24,83;36,31;0,8178
01/10/2004;16.00.00;-200,0;965,93;-200,0;7,4;748,45;222,0;1952,88;67,0;1464,93;715,99;28,12;31,94;0,9083
01/10/2004;17.00.00;3,3;-200,0;-200,0;-200,0;-200,0;241,0;-200,0;-200,0;-200,0;-200,0;-200,0;-200,0;-200,0
01/10/2004;18.00.00;3,7;1823,65;-200,0;22,3;1326,93;411,0;1709,75;123,0;1792,48;1078,67;27,45;28,66;0,7829
01/10/2004;19.00.00;3,8;1834,38;-200,0;20,1;1244,64;865,0;1327,4;-200,0;1865,7;1307,59;23,7;41,46;0,8803
01/10/2004;20.00.00;2,0;1325,32;-200,0;21,2;1259,38;164,0;1854,19;146,0;1807,81;1099,69;23,05;43,49;0,9074
01/10/2004;21.00.00;1,2;1125,49;-200,0;6,5;704,44;474,0;1690,23;189,0;2008,45;1444,29;23,41;38,85;0,8463
01/10/2004;22.00.00;1,2;1103,79;-200,0;6,9;710,78;159,0;1994,77;69,0;1599,33;699,82;20,19;58,55;1,0028
01/10/2004;23.00.00;1,3;1153,27;-200,0;4,9;616,5;151,0;2010,72;121,0;1695,55;1081,01;17,08;56,56;0,7605
02/10/2004;00.00.00;0,9;-200,0;-200,0;6,3;-200,0;40,0;-200,0;63,0;-200,0;-200,0;-200,0;-200,0;-200,0
02/10/2004;01.00.00;-200,0;1258,43;-200,0;4,5;620,29;-200,0;2055,63;70,0;1600,29;819,62;16,53;60,72;0,9133
02/10/2004;02.00.00;0,9;1047,61;-200,0;4,8;607,84;42,0;2108,62;40,0;1260,44;609,01;12,97;54,33;0,6298
02/10/2004;03.00.00;1,1;1094,23;-200,0;4,5;625,7;-200,0;1980,96;60,0;1530,6;636,6;15,1;67,99;0,8925
02/10/2004;04.00.00;1,9;1368,76;-200,0;10,7;866,63;96,0;2071,59;-200,0;1488,82;587,42;17,75;65,72;0,9919
02/10/2004;05.00.00;-200,0;1168,15;-200,0;2,8;532,19;109,0;2013,66;69,0;1394,55;725,99;11,67;61,64;0,6802
02/10/2004;06.00.00;1,7;1296,44;-200,0;10,1;877,45;-200,0;2041,34;80,0;1725,93;758,81;19,92;66,14;1,128
02/10/2004;07.00.00;2,0;1330,43;-200,0;11,6;908,62;372,0;1765,38;128,0;1759,31;996,94;20,13;49,1;0,8321
02/10/2004;08.00.00;-200,0;1423,4;-200,0;14,6;1027,59;435,0;1763,28;224,0;2226,1;1672,43;18,17;48,7;0,8106
02/10/2004;09.00.00;3,6;1827,99;-200,0;13,8;1015,78;310,0;1766,17;159,0;1858,02;1154,53;21,47;42,77;0,7785
02/10/2004;10.00.00;3,0;1646,81;-200,0;11,7;904,61;352,0;1766,62;173,0;1876,32;1405,64;21,68;40,97;0,8252
02/10/2004;11.00.00;2,1;1341,01;-200,0;10,4;853,17;158,0;1939,48;60,0;1414,38;681,87;25,34;38,36;0,9558
02/10/2004;12.00.00;1,3;1167,51;-200,0;5,4;650,53;85,0;2085,91;94,0;1653,79;900,43;25,88;36,44;0,9102
02/10/2004;13.00.00;1,5;1104,3;-200,0;7,0;732,31;138,0;2004,51;65,0;1301,27;836,7;21,91;29,7;0,511
02/10/2004;14.00.00;2,6;1480,15;-200,0;7,0;711,09;292,0;1808,09;75,0;1349,74;812,96;26,39;25,25;0,6297
02/10/2004;15.00.00;0,9;1047,78;-200,0;4,1;594,24;212,0;1938,23;89,0;1602,94;814,36;24,97;37,45;0,8509
02/10/2004;16.00.00;3,1;1597,2;-200,0;8,2;778,23;-200,0;1897,29;-200,0;1479,12;720,44;25,38;41,69;0,9559
02/10/2004;17.00.00;2,2;1355,22;-200,0;10,9;862,18;272,0;1848,0;170,0;1874,33;1215,39;23,26;32,15;0,6777
02/10/2004;18.00.00;2,6;1530,69;-200,0;9,9;833,96;309,0;1757,11;140,0;1803,18;1151,03;27,42;30,51;0,8423
02/10/2004;19.00.00;-200,0;2037,21;-200,0;9,7;865,43;564,0;1447,83;306,0;2668,39;2118,51;24,96;45,4;1,0203
02/10/2004;20.00.00;1,3;1171,35;-200,0;9,5;811,76;436,0;1742,45;146,0;1723,29;1149,51;20,2;35,13;0,6055
02/10/2004;21.00.00;3,1;1555,42;-200,0;8,9;770,96;207,0;1885,12;144,0;1738,5;1109,95;17,71;45,35;0,6725
02/10/2004;22.00.00;2,5;1519,25;-200,0;5,1;638,17;131,0;2004,06;61,0;1393,76;633,41;18,32;48,2;0,8124
02/10/2004;23.00.00;1,6;1184,65;-200,0;6,9;689,12;44,0;2100,32;51,0;1334,12;641,23;18,75;50,22;0,7935
03/10/2004;00.00.00;0,5;825,85;-200,0;3,0;550,14;57,0;2078,1;42,0;1348,6;489,74;17,13;58,6;0,7923
03/10/2004;01.00.00;1,4;1167,27;-200,0;2,7;565,54;47,0;2126,48;41,0;1330,98;485,83;18,36;58,54;0,8395
03/10/2004;02.00.00;2,0;1337,67;-200,0;5,3;649,92;53,0;2032,42;-200,0;1494,01;570,96;16,93;64,72;0,9505
03/10/2004;03.00.00;2,0;1353,53;-200,0;3,1;610,2;121,0;2051,28;56,0;1466,25;641,16;17,12;65,41;0,9149
03/10/2004;04.00.00;0,8;1011,6;-200,0;3,6;549,95;65,0;2151,23;67,0;1450,34;741,32;16,01;61,55;0,872
03/10/2004;05.00.00;-200,0;1294,49;-200,0;4,0;585,03;171,0;1934,53;66,0;1389,99;704,64;13,07;61,01;0,6282
03/10/2004;06.00.00;2,8;1544,17;-200,0;2,0;522,92;237,0;1824,02;85,0;1532,69;788,44;16,25;58,85;0,7869
03/10/2004;07.00.00;2,0;1369,62;-200,0;10,8;879,57;215,0;1864,04;60,0;1519,07;762,26;19,8;60,32;0,9637
03/10/2004;08.00.00;1,5;1112,34;-200,0;-200,0;1096,28;230,0;1865,16;167,0;1950,52;1319,93;18,78;51,19;0,8451
03/10/2004;09.00.00;3,2;1700,23;-200,0;16,1;1087,77;459,0;1707,54;99,0;1659,34;1020,51;21,19;51,4;0,9841
03/10/2004;10.00.00;-200,0;1609,16;-200,0;18,1;1183,29;283,0;1781,66;58,0;1451,61;704,92;20,84;45,54;0,8433
03/10/2004;11.00.00;1,5;1177,41;-200,0;11,7;885,51;265,0;1871,34;135,0;1794,86;1033,16;20,62;41,13;0,6827
03/10/2004;12.00.00;-200,0;1032,97;-200,0;5,0;638,66;84,0;2194,92;101,0;1603,54;882,28;23,47;41,48;0,8386
03/10/2004;13.00.00;1,8;1246,72;-200,0;8,0;735,33;108,0;2075,35;-200,0;1329,95;635,29;25,13;26,09;0,6168
03/10/2004;14.00.00;1,0;1004,98;-200,0;4,8;608,51;102,0;2111,39;80,0;1333,72;803,93;23,7;27,52;0,5043
03/10/2004;15.00.00;-200,0;1161,78;-200,0;4,1;602,5;117,0;2062,27;50,0;1456,38;638,67;24,71;38,09;0,8508
03/10/2004;16.00.00;2,3;1412,93;-200,0;4,0;603,92;161,0;2002,46;53,0;1334,54;585,8;23,13;28,6;0,6682
03/10/2004;17.00.00;0,9;958,68;-200,0;6,5;667,84;188,0;1877,73;67,0;1238,04;720,88;26,75;17,61;0,4382
03/10/2004;18.00.00;3,0;1623,7;-200,0;11,2;874,02;447,0;1651,71;89,0;1432,98;886,41;23,13;33,53;0,6198
03/10/2004;19.00.00;2,2;1422,49;-200,0;20,2;1254,57;248,0;1844,75;113,0;1677,89;964,17;25,59;38,95;0,8965
03/10/2004;20.00.00;2,0;1355,23;-200,0;12,5;934,47;157,0;1902,0;84,0;1512,76;999,24;24,53;29,53;0,6307
03/10/2004;21.00.00;1,8;1306,62;-200,0;4,9;629,36;119,0;1948,13;29,0;1406,36;496,74;20,02;53,94;1,0401
03/10/2004;22.00.00;0,9;1052,85;-200,0;2,9;559,31;67,0;2093,92;47,0;1354,15;605,55;16,87;48,36;0,7774
03/10/2004;23.00.00;-200,0;897,38;-200,0;4,4;629,97;59,0;2054,73;30,0;1228,61;492,12;13,51;57,92;0,7141
04/10/2004;00.00.00;0,6;949,75;-200,0;6,3;701,42;-200,0;2083,15;-200,0;1356,41;601,67;13,5;59,13;0,6741
04/10/2004;01.00.00;1,9;1294,8;-200,0;8,0;751,1;103,0;2003,82;53,0;1328,4;619,09;12,9;56,67;0,6985
04/10/2004;02.00.00;1,2;1122,96;-200,0;5,1;656,27;147,0;2084,48;79,0;1593,76;768,42;17,91;59,56;0,8527
04/10/2004;03.00.00;1,9;1321,58;-200,0;7,7;747,0;127,0;2034,0;73,0;1513,71;785,23;15,21;60,85;0,8438
04/10/2004;04.00.00;1,4;1217,47;-200,0;9,9;863,14;274,0;1922,9;54,0;1450,82;670,13;15,93;70,34;1,0002
04/10/2004;05.00.00;1,2;1113,05;-200,0;4,8;634,9;90,0;2017,25;60,0;1324,22;630,84;11,21;62,38;0,6248
04/10/2004;06.00.00;2,7;1542,98;-200,0;11,2;866,47;102,0;2051,11;75,0;1544,12;807,93;14,05;57,65;0,754
04/10/2004;07.00.00;3,4;1733,69;-200,0;20,4;1254,66;592,0;1530,33;121,0;1711,95;1059,9;19,25;51,85;0,8351
04/10/2004;08.00.00;-200,0;1787,17;-200,0;23,7;1382,76;790,0;1300,85;171,0;2036,54;1399,76;19,26;58,17;0,8989
04/10/2004;09.00.00;4,4;1999,51;-200,0;-200,0;1208,27;907,0;1098,08;289,0;2550,03;2078,87;19,68;54,85;0,9792
04/10/2004;10.00.00;2,2;1409,29;-200,0;39,7;2019,78;518,0;1638,14;-200,0;2027,92;1410,85;22,4;48,79;0,9648
04/10/2004;11.00.00;3,3;1645,72;-200,0;21,8;1322,15;-200,0;1795,56;64,0;1523,95;781,41;25,75;40,99;1,0145
04/10/2004;12.00.00;3,0;-200,0;-200,0;8,7;-200,0;197,0;-200,0;73,0;-200,0;-200,0;-200,0;-200,0;-200,0
04/10/2004;13.00.00;2,3;1412,52;-200,0;7,3;717,59;100,0;2022,58;87,0;1387,12;836,21;24,45;25,86;0,541
04/10/2004;14.00.00;-200,0;1181,76;-200,0;9,4;814,89;190,0;1944,16;59,0;1335,14;569,01;25,19;28,91;0,6658
04/10/2004;15.00.00;-200,0;1221,24;-200,0;6,8;693,08;-200,0;2040,13;81,0;1564,08;783,04;29,76;26,11;0,8608
04/10/2004;16.00.00;-200,0;1521,79;-200,0;13,1;954,71;569,0;1477,97;-200,0;1283,04;780,62;20,61;21,01;0,4097
04/10/2004;17.00.00;-200,0;1887,32;-200,0;7,2;743,22;199,0;1785,76;-200,0;1742,85;1124,85;25,67;37,22;0,8552
04/10/2004;18.00.00;-200,0;2040,0;-200,0;15,3;1063,07;442,0;1571,62;154,0;1786,02;1213,37;23,28;31,32;0,6066
04/10/2004;19.00.00;2,9;1563,39;-200,0;24,8;1437,73;-200,0;1089,13;218,0;2193,5;1583,95;23,61;44,51;0,9209
04/10/2004;20.00.00;2,4;1477,26;-200,0;23,5;1381,78;373,0;1696,97;280,0;2413,63;1915,66;19,96;47,28;0,7779
04/10/2004;21.00.00;2,3;1385,41;-200,0;5,8;692,91;-200,0;1862,1;152,0;1949,84;1149,92;19,88;50,31;0,8751
04/10/2004;22.00.00;1,7;1258,56;-200,0;4,2;606,8;49,0;2124,47;49,0;1373,04;577,69;20,11;55,25;0,9645
04/10/2004;23.00.00;1,1;1199,2;-200,0;2,4;561,56;58,0;2070,81;117,0;1826,51;952,5;23,7;53,45;1,1576
05/10/2004;00.00.00;1,0;1062,71;-200,0;3,2;567,85;123,0;2035,65;75,0;1587,69;829,99;17,85;69,8;1,0205
05/10/2004;01.00.00;2,0;1277,58;-200,0;3,1;569,39;230,0;1861,23;46,0;1383,63;600,43;13,75;63,59;0,7513
05/10/2004;02.00.00;1,3;1150,76;-200,0;7,0;722,0;92,0;2110,38;49,0;1369,33;577,72;14,1;66,68;0,706
05/10/2004;03.00.00;-200,0;1053,66;-200,0;7,0;705,82;169,0;1905,28;81,0;1404,99;759,17;13,87;62,54;0,7551
05/10/2004;04.00.00;1,1;1010,36;-200,0;6,8;713,27;553,0;1640,14;101,0;1606,1;824,43;11,35;60,51;0,6778
05/10/2004;05.00.00;2,0;1324,59;-200,0;8,2;759,41;-200,0;1960,96;160,0;1866,22;1228,09;14,78;65,76;0,7606
05/10/2004;06.00.00;6,3;2040,0;-200,0;15,9;1080,29;394,0;1562,84;132,0;1852,08;1074,98;17,7;61,6;0,9535
05/10/2004;07.00.00;-200,0;1392,3;-200,0;9,8;835,08;-200,0;1803,79;130,0;1647,68;1090,89;14,73;52,84;0,6354
05/10/2004;08.00.00;3,5;1756,06;-200,0;9,4;835,54;1035,0;977,51;183,0;2030,86;1413,66;20,58;45,25;0,8487
05/10/2004;09.00.00;9,2;2040,0;-200,0;25,8;1477,25;405,0;1463,6;265,0;2347,26;1816,73;20,75;41,43;0,7558
05/10/2004;10.00.00;2,6;1518,81;-200,0;12,8;953,28;-200,0;1874,8;106,0;1656,24;949,2;19,6;49,1;0,849
05/10/2004;11.00.00;-200,0;1536,03;-200,0;7,2;731,49;511,0;1658,96;189,0;2027,96;1455,14;21,99;35,72;0,696
05/10/2004;12.00.00;3,7;1828,01;-200,0;10,7;869,91;169,0;1956,37;82,0;1665,71;785,73;26,51;33,36;0,9022
05/10/2004;13.00.00;1,3;1197,55;-200,0;3,7;610,64;197,0;1996,22;120,0;1768,89;956,18;25,57;39,45;0,9553
05/10/2004;14.00.00;1,5;1123,64;-200,0;5,2;626,78;355,0;1730,02;120,0;1510,0;1040,8;24,62;24,79;0,5234
05/10/2004;15.00.00;1,4;1149,27;-200,0;2,8;539,02;117,0;2088,39;210,0;2026,68;1565,33;24,3;26,15;0,5836
05/10/2004;16.00.00;1,1;1003,07;-200,0;8,9;772,49;184,0;1944,35;82,0;1402,81;873,83;24,76;26,55;0,5846
05/10/2004;17.00.00;4,3;1919,83;-200,0;21,3;1292,24;239,0;1782,52;119,0;1725,33;1010,12;23,08;40,28;0,84
05/10/2004;18.00.00;2,8;1561,47;-200,0;13,5;1000,55;399,0;1741,31;-200,0;1891,43;1240,53;19,1;45,02;0,7168
05/10/2004;19.00.00;2,8;1704,18;-200,0;14,2;1043,75;537,0;1591,23;223,0;2272,72;1594,93;26,36;42,54;1,0231
05/10/2004;20.00.00;2,8;1584,83;-200,0;31,8;1739,04;767,0;1319,6;144,0;1809,58;1209,15;21,38;47,04;0,8907
05/10/2004;21.00.00;3,1;1627,31;-200,0;13,1;953,32;533,0;1586,92;169,0;1863,53;1302,88;20,57;44,88;0,8045
05/10/2004;22.00.00;1,5;1272,94;-200,0;15,1;1094,71;155,0;1869,88;-200,0;1647,55;875,03;18,36;62,18;1,0288
05/10/2004;23.00.00;0,9;998,81;-200,0;4,9;649,94;-200,0;2133,75;48,0;1355,84;683,69;15,8;58,12;0,7615
06/10/2004;00.00.00;1,3;1078,56;-200,0;4,9;648,48;129,0;2001,89;41,0;1387,39;651,19;15,66;65,03;0,7687
06/10/2004;01.00.00;1,7;1253,36;-200,0;8,8;786,67;115,0;2112,76;50,0;1308,85;575,23;12,04;63,1;0,6557
06/10/2004;02.00.00;1,4;1238,65;-200,0;5,4;642,61;137,0;1999,81;56,0;1537,72;621,04;19,29;64,08;0,981
06/10/2004;03.00.00;1,4;1171,51;-200,0;7,1;716,04;-200,0;2102,76;86,0;1475,72;822,94;12,1;74,35;0,8178
06/10/2004;04.00.00;2,4;1428,16;-200,0;2,9;542,67;90,0;2060,22;86,0;1511,03;825,47;12,68;68,12;0,6732
06/10/2004;05.00.00;-200,0;1235,28;-200,0;15,8;1070,19;203,0;1973,41;-200,0;1770,32;1058,6;14,36;70,88;0,8242
06/10/2004;06.00.00;3,9;1870,92;-200,0;11,8;912,28;-200,0;1922,37;181,0;2016,95;1351,79;18,61;62,04;0,9696
06/10/2004;07.00.00;2,3;-200,0;-200,0;14,0;-200,0;315,0;-200,0;-200,0;-200,0;-200,0;-200,0;-200,0;-200,0
06/10/2004;08.00.00;3,0;1587,43;-200,0;27,9;1552,14;1011,0;1147,85;-200,0;2261,81;1728,63;15,8;49,78;0,6163
06/10/2004;09.00.00;2,9;1604,85;-200,0;12,7;954,72;530,0;1614,38;-200,0;2775,0;2305,95;22,08;48,55;0,9472
06/10/2004;10.00.00;2,8;1454,77;-200,0;12,1;921,2;639,0;1468,26;197,0;2013,18;1368,64;22,33;40,25;0,8249
06/10/2004;11.00.00;2,3;1410,59;-200,0;13,1;956,94;-200,0;1782,98;101,0;1549,1;839,49;23,15;33,5;0,7686
06/10/2004;12.00.00;1,2;1090,71;-200,0;8,9;825,13;-200,0;1859,52;96,0;1691,85;813,33;24,54;41,32;0,9657
06/10/2004;13.00.00;1,9;1320,67;-200,0;9,4;814,6;157,0;1962,28;52,0;1458,18;611,49;28,69;29,73;0,8947
06/10/2004;14.00.00;2,0;1400,17;-200,0;8,0;779,27;-200,0;1849,76;98,0;1620,57;953,63;28,77;31,34;0,9329
06/10/2004;15.00.00;1,0;1032,38;-200,0;8,9;787,76;-200,0;2008,57;66,0;1391,44;783,65;23,2;31,52;0,5947
06/10/2004;16.00.00;1,5;1150,83;-200,0;4,9;606,71;183,0;1968,88;68,0;1443,5;708,77;27,65;27,71;0,7575
06/10/2004;17.00.00;3,0;1615,02;-200,0;19,1;1246,61;353,0;1785,16;99,0;1631,71;855,97;24,67;39,7;0,9396
06/10/2004;18.00.00;2,4;1397,22;-200,0;14,1;1012,32;341,0;1782,1;-200,0;2247,64;1873,27;24,1;29,72;0,6028
06/10/2004;19.00.00;-200,0;1747,15;-200,0;19,8;1255,85;470,0;1712,58;196,0;1945,6;1448,49;18,68;40,35;0,6162
06/10/2004;20.00.00;4,8;2040,0;-200,0;12,9;966,79;430,0;1601,43;228,0;2278,85;1671,03;20,52;44,61;0,7545
06/10/2004;21.00.00;4,2;1952,79;-200,0;9,3;810,29;216,0;1825,12;130,0;1740,4;1021,49;17,94;47,77;0,7696
06/10/2004;22.00.00;1,7;1213,09;-200,0;6,7;715,29;-200,0;1835,52;-200,0;1455,72;753,66;19,93;46,21;0,7918
06/10/2004;23.00.00;1,1;1152,26;-200,0;-200,0;684,83;85,0;2126,2;46,0;1425,85;652,96;19,21;61,39;0,9967
07/10/2004;00.00.00;1,0;1014,1;-200,0;6,3;670,2;234,0;1985,84;60,0;1371,74;741,06;11,68;64,74;0,6119
07/10/2004;01.00.00;1,7;1241,48;-200,0;6,0;709,11;118,0;2089,28;50,0;1371,58;709,79;14,99;60,5;0,7717
07/10/2004;02.00.00;2,1;1358,83;-200,0;4,6;627,44;122,0;2059,39;69,0;1539,23;807,76;16,78;69,22;0,9596
07/10/2004;03.00.00;1,0;1008,23;-200,0;7,5;743,0;127,0;2040,7;104,0;1627,54;931,8;13,99;68,17;0,8336
07/10/2004;04.00.00;2,3;1445,17;-200,0;8,0;762,78;214,0;1852,23;-200,0;1648,95;1097,11;15,99;59,28;0,7498
07/10/2004;05.00.00;1,5;-200,0;-200,0;8,4;-200,0;300,0;-200,0;80,0;-200,0;-200,0;-200,0;-200,0;-200,0
07/10/2004;06.00.00;1,6;-200,0;-200,0;12,5;-200,0;91,0;-200,0;128,0;-200,0;-200,0;-200,0;-200,0;-200,0
07/10/2004;07.00.00;2,9;1589,27;-200,0;9,0;797,88;396,0;1705,47;195,0;2013,66;1472,08;16,32;58,84;0,7546
07/10/2004;08.00.00;5,6;2040,0;-200,0;9,2;850,24;237,0;1730,59;-200,0;2124,65;1649,97;15,64;50,13;0,6016
07/10/2004;09.00.00;-200,0;1923,77;-200,0;31,3;1653,95;-200,0;1221,01;-200,0;2344,02;1981,86;17,12;44,0;0,5823
07/10/2004;10.00.00;-200,0;1776,46;-200,0;14,2;998,99;614,0;1537,74;211,0;2106,96;1565,9;22,08;41,06;0,7901
07/10/2004;11.00.00;2,6;1561,78;-200,0;12,5;950,45;282,0;1812,54;-200,0;2046,66;1597,53;21,9;37,07;0,7215
07/10/2004;12.00.00;2,3;1393,77;-200,0;6,3;661,24;244,0;1907,6;195,0;1950,49;1469,4;22,62;31,34;0,6438
07/10/2004;13.00.00;1,7;1218,53;-200,0;12,9;942,51;109,0;2067,86;85,0;1385,81;826,31;22,85;24,0;0,5043
07/10/2004;14.00.00;2,1;1433,44;-200,0;8,4;766,87;144,0;2005,89;140,0;1796,34;1146,81;23,58;36,61;0,74
07/10/2004;15.00.00;1,3;1115,29;-200,0;6,6;708,79;134,0;1992,03;-200,0;1605,8;824,71;26,46;35,15;0,9311
07/10/2004;16.00.00;2,3;1352,82;-200,0;9,1;807,04;170,0;1933,88;86,0;1365,88;907,37;23,52;24,54;0,4976
07/10/2004;17.00.00;3,4;-200,0;-200,0;6,1;-200,0;450,0;-200,0;159,0;-200,0;-200,0;-200,0;-200,0;-200,0
07/10/2004;18.00.00;4,4;2031,17;-200,0;19,6;1207,74;794,0;1251,28;174,0;1924,37;1282,27;24,39;31,06;0,6825
07/10/2004;19.00.00;-200,0;2040,0;-200,0;34,2;1821,05;691,0;1262,55;211,0;2090,39;1594,53;21,45;37,99;0,7331
07/10/2004;20.00.00;3,9;1829,66;-200,0;18,4;1175,2;-200,0;1723,05;126,0;1675,61;1156,75;20,72;41,91;0,7446
07/10/2004;21.00.00;3,4;1785,77;-200,0;11,2;872,83;198,0;1819,06;119,0;1659,37;1061,96;22,58;46,16;0,9458
07/10/2004;22.00.00;0,7;980,55;-200,0;5,4;656,21;152,0;1981,04;94,0;1746,04;898,5;18,03;62,97;0,9682
07/10/2004;23.00.00;1,6;1225,65;-200,0;6,9;718,82;114,0;2014,28;66,0;1577,74;761,12;17,44;55,09;0,859
08/10/2004;00.00.00;2,3;1426,73;-200,0;7,2;729,32;89,0;1997,94;58,0;1345,01;690,02;13,27;57,24;0,6187
08/10/2004;01.00.00;1,0;1088,2;-200,0;-200,0;603,59;88,0;2163,51;-200,0;1557,23;878,49;14,39;60,33;0,6565
08/10/2004;02.00.00;1,1;1096,08;-200,0;6,6;724,05;176,0;2042,86;130,0;1754,95;1056,89;15,55;71,16;0,8943
08/10/2004;03.00.00;-200,0;1438,08;-200,0;-200,0;718,11;212,0;1890,92;86,0;1383,91;805,02;11,05;58,29;0,6385
08/10/2004;04.00.00;1,2;1142,74;-200,0;8,5;768,37;104,0;2123,28;137,0;1753,71;1137,9;14,73;62,12;0,7756
08/10/2004;05.00.00;1,5;1190,33;-200,0;6,1;692,19;176,0;1994,02;103,0;1594,59;991,88;15,03;71,37;0,9211
08/10/2004;06.00.00;2,4;1407,12;-200,0;15,8;1081,77;368,0;1754,88;117,0;1710,43;1080,71;15,71;62,5;0,7835
08/10/2004;07.00.00;2,3;1423,45;-200,0;-200,0;1176,04;602,0;1494,63;221,0;2233,72;1547,09;18,73;58,51;0,9416
08/10/2004;08.00.00;5,4;2040,0;-200,0;31,5;1691,6;564,0;1419,86;-200,0;2162,81;1547,91;18,53;63,87;0,9611
08/10/2004;09.00.00;3,0;1604,01;-200,0;13,1;974,22;-200,0;1565,4;103,0;1715,8;916,21;22,12;49,78;0,9288
08/10/2004;10.00.00;3,5;1804,98;-200,0;10,1;820,0;451,0;1651,82;153,0;1811,41;1220,26;18,47;40,35;0,6168
08/10/2004;11.00.00;2,5;1444,26;-200,0;23,4;1395,28;416,0;1692,27;73,0;1472,22;755,49;21,93;38,14;0,7595
08/10/2004;12.00.00;3,5;1737,76;-200,0;13,6;994,81;-200,0;1929,45;87,0;1471,21;899,13;22,86;30,15;0,6424
08/10/2004;13.00.00;2,7;1522,21;-200,0;5,9;669,2;-200,0;1884,67;-200,0;1478,63;711,52;21,35;39,24;0,7625
08/10/2004;14.00.00;1,4;1191,78;-200,0;10,2;853,49;125,0;2022,64;70,0;1519,72;792,56;25,9;34,04;0,745
08/10/2004;15.00.00;-200,0;1103,76;-200,0;5,9;687,85;-200,0;1786,09;57,0;1522,39;703,37;28,81;36,17;1,0287
08/10/2004;16.00.00;2,5;1510,87;-200,0;4,3;634,44;132,0;2013,63;63,0;1463,64;638,47;23,95;37,23;0,7982
08/10/2004;17.00.00;2,0;1299,04;-200,0;5,3;620,54;372,0;1846,31;107,0;1635,98;944,29;24,5;30,89;0,6149
08/10/2004;18.00.00;-200,0;1620,28;-200,0;17,0;1113,74;322,0;1783,41;167,0;1799,67;1279,31;22,86;31,1;0,6351
08/10/2004;19.00.00;-200,0;1536,55;-200,0;35,4;1835,33;737,0;1411,34;195,0;1865,44;1441,11;20,23;39,29;0,6757
08/10/2004;20.00.00;-200,0;1933,02;-200,0;29,2;1603,55;-200,0;1485,25;196,0;1951,23;1518,82;16,81;39,53;0,5909
08/10/2004;21.00.00;1,8;1284,92;-200,0;16,9;1083,64;-200,0;1825,38;145,0;1820,25;1197,77;17,75;49,38;0,7509
08/10/2004;22.00.00;1,5;1176,72;-200,0;8,5;779,57;-200,0;1840,86;-200,0;1321,86;606,77;15,08;58,87;0,7308
08/10/2004;23.00.00;-200,0;1084,8;-200,0;-200,0;688,37;-200,0;2089,14;40,0;1463,52;666,01;20,07;56,71;1,03
09/10/2004;00.00.00;1,2;1105,71;-200,0;6,3;678,45;-200,0;2025,8;-200,0;1525,52;788,54;15,19;62,29;0,6965
09/10/2004;01.00.00;1,5;1219,65;-200,0;2,1;500,01;162,0;2034,02;66,0;1371,86;675,22;13,93;63,93;0,7643
09/10/2004;02.00.00;-200,0;1101,99;-200,0;7,4;748,72;170,0;1999,93;45,0;1350,75;621,25;15,9;70,21;0,8624
09/10/2004;03.00.00;1,1;-200,0;-200,0;3,7;-200,0;99,0;-200,0;43,0;-200,0;-200,0;-200,0;-200,0;-200,0
09/10/2004;04.00.00;-200,0;973,26;-200,0;4,4;623,0;136,0;2016,35;60,0;1318,83;634,9;12,59;55,21;0,6364
09/10/2004;05.00.00;-200,0;1306,29;-200,0;9,1;819,85;133,0;2045,69;73,0;1458,35;773,34;14,76;66,75;0,7794
09/10/2004;06.00.00;1,8;1284,52;-200,0;12,2;949,03;191,0;1899,14;-200,0;1762,57;1019,37;17,48;66,47;0,9181
09/10/2004;07.00.00;2,0;1383,33;-200,0;-200,0;834,75;225,0;1906,11;-200,0;1496,8;738,28;17,46;60,04;1,0116
09/10/2004;08.00.00;3,4;1698,03;-200,0;20,7;1290,98;377,0;1722,93;131,0;1634,02;1066,03;18,16;50,27;0,711
09/10/2004;09.00.00;-200,0;2040,0;-200,0;20,2;1257,5;818,0;1224,62;319,0;2569,85;2164,86;19,11;43,13;0,7898
09/10/2004;10.00.00;-200,0;1808,94;-200,0;11,0;870,38;-200,0;1776,33;137,0;1810,13;1144,28;21,05;46,62;0,8477
09/10/2004;11.00.00;-200,0;1149,49;-200,0;9,5;806,41;238,0;1958,66;102,0;1626,65;968,97;21,86;40,52;0,7536
09/10/2004;12.00.00;1,5;1183,19;-200,0;16,5;1110,45;136,0;2041,82;70,0;1358,8;789,31;20,43;35,45;0,6564
09/10/2004;13.00.00;-200,0;1407,03;-200,0;6,1;702,65;165,0;1953,44;99,0;1638,58;950,98;23,38;42,33;0,9558
09/10/2004;14.00.00;2,6;1442,51;-200,0;5,7;641,58;214,0;1873,58;40,0;1212,63;602,32;21,64;26,69;0,4499
09/10/2004;15.00.00;-200,0;1093,62;-200,0;6,5;695,39;-200,0;2005,79;60,0;1402,88;742,18;24,12;39,68;0,8437
09/10/2004;16.00.00;2,6;1557,66;-200,0;6,5;693,47;309,0;1895,94;-200,0;1250,89;622,36;22,82;31,58;0,6849
09/10/2004;17.00.00;1,3;1181,68;-200,0;13,3;979,15;153,0;2026,9;109,0;1655,11;1000,52;28,36;24,04;0,6818
09/10/2004;18.00.00;4,3;-200,0;-200,0;24,4;-200,0;273,0;-200,0;-200,0;-200,0;-200,0;-200,0;-200,0;-200,0
09/10/2004;19.00.00;2,9;1589,67;-200,0;14,5;1035,32;362,0;1748,02;104,0;1553,37;967,71;18,65;44,61;0,7374
09/10/2004;20.00.00;4,8;2040,0;-200,0;9,7;833,23;679,0;1376,54;204,0;2095,19;1460,41;19,98;42,32;0,8208
09/10/2004;21.00.00;1,7;1152,86;-200,0;18,5;1196,68;252,0;1793,83;122,0;1697,57;1061,4;19,99;41,43;0,7245
09/10/2004;22.00.00;-200,0;1121,78;-200,0;5,6;656,7;68,0;2079,97;85,0;1640,27;801,7;21,01;52,64;0,9757
09/10/2004;23.00.00;1,1;1059,11;-200,0;2,2;545,08;140,0;2069,88;30,0;1249,96;543,06;15,27;53,52;0,7137
10/10/2004;00.00.00;0,6;882,37;-200,0;7,2;739,57;74,0;2119,05;30,0;1208,76;414,45;12,05;64,25;0,6794
10/10/2004;01.00.00;0,6;1015,84;-200,0;5,9;687,06;116,0;2063,5;66,0;1601,55;707,79;16,05;68,52;0,9785
10/10/2004;02.00.00;1,3;1078,89;-200,0;7,8;734,37;176,0;1982,0;-200,0;1408,95;651,84;11,16;61,17;0,63
10/10/2004;03.00.00;-200,0;1197,96;-200,0;8,0;775,93;68,0;2147,47;83,0;1487,01;821,31;12,88;63,54;0,7541
10/10/2004;04.00.00;1,6;1240,99;-200,0;13,7;985,2;221,0;1899,34;53,0;1426,91;624,17;13,4;70,24;0,8635
10/10/2004;05.00.00;0,9;1018,2;-200,0;3,7;586,74;124,0;2093,75;-200,0;1382,03;775,84;14,28;60,36;0,7617
10/10/2004;06.00.00;1,8;1269,4;-200,0;4,9;642,83;133,0;2073,42;90,0;1582,75;798,19;16,59;56,38;0,8208
10/10/2004;07.00.00;1,4;1169,9;-200,0;7,4;710,67;244,0;1943,56;65,0;1373,46;700,71;14,88;52,17;0,6133
10/10/2004;08.00.00;2,9;1576,35;-200,0;9,6;819,3;187,0;1868,4;138,0;1780,63;1204,05;16,91;55,48;0,7705
10/10/2004;09.00.00;-200,0;1880,1;-200,0;12,3;920,81;307,0;1788,48;293,0;2558,83;2042,3;18,72;50,61;0,8531
10/10/2004;10.00.00;2,3;1347,12;-200,0;7,6;718,66;210,0;1933,35;91,0;1593,56;919,49;20,34;40,99;0,7936
10/10/2004;11.00.00;2,7;1474,61;-200,0;4,3;637,41;112,0;2056,58;46,0;1270,54;529,86;21,44;40,09;0,6564
10/10/2004;12.00.00;1,3;1215,07;-200,0;4,2;601,56;104,0;2040,26;75,0;1492,94;762,26;23,16;43,97;0,8835
10/10/2004;13.00.00;1,2;1109,78;-200,0;4,8;634,84;201,0;1863,67;46,0;1310,98;563,01;24,77;28,61;0,6512
10/10/2004;14.00.00;1,3;1076,55;-200,0;-200,0;766,1;106,0;2003,5;56,0;1278,57;694,07;24,36;21,92;0,4429
10/10/2004;15.00.00;0,8;960,27;-200,0;4,0;584,21;73,0;2090,98;80,0;1566,33;830,86;24,65;33,34;0,7118
10/10/2004;16.00.00;1,2;1076,75;-200,0;7,5;709,15;154,0;2007,53;75,0;1341,21;838,08;20,41;31,13;0,5747
10/10/2004;17.00.00;1,5;1142,68;-200,0;4,5;641,56;254,0;1933,94;71,0;1471,53;754,58;23,18;29,93;0,7005
10/10/2004;18.00.00;-200,0;1268,87;-200,0;3,0;543,16;264,0;1864,59;148,0;1772,89;1140,5;23,24;39,6;0,7237
10/10/2004;19.00.00;2,7;1555,15;-200,0;10,9;874,76;-200,0;1897,4;75,0;1604,95;748,13;22,71;44,26;0,886
10/10/2004;20.00.00;1,3;1120,1;-200,0;7,8;730,3;87,0;2029,86;116,0;1558,46;1005,22;18,66;33,37;0,5558
10/10/2004;21.00.00;1,0;1084,53;-200,0;4,8;629,45;111,0;2045,58;67,0;1470,27;748,05;17,43;45,8;0,7188
10/10/2004;22.00.00;-200,0;-200,0;-200,0;3,0;-200,0;150,0;-200,0;24,0;-200,0;-200,0;-200,0;-200,0;-200,0
10/10/2004;23.00.00;0,5;920,8;-200,0;2,8;568,99;108,0;2088,79;29,0;1392,13;525,41;17,32;60,98;0,9872
11/10/2004;00.00.00;1,5;1199,89;-200,0;3,1;579,08;71,0;2105,09;52,0;1431,25;582,34;17,07;65,43;0,9521
11/10/2004;01.00.00;1,1;-200,0;-200,0;3,7;-200,0;106,0;-200,0;74,0;-200,0;-200,0;-200,0;-200,0;-200,0
11/10/2004;02.00.00;1,5;1219,38;-200,0;3,5;594,71;184,0;1897,47;67,0;1445,24;741,37;15,53;66,79;0,8517
11/10/2004;03.00.00;2,7;1517,04;-200,0;2,9;566,95;151,0;1889,91;68,0;1461,47;608,86;13,79;71,31;0,8515
11/10/2004;04.00.00;1,6;1214,86;-200,0;3,2;560,9;270,0;1860,89;107,0;1596,54;957,1;13,46;70,3;0,7594
11/10/2004;05.00.00;2,3;1422,76;-200,0;21,2;1292,49;202,0;1899,35;102,0;1736,72;951,46;13,79;67,61;0,8497
11/10/2004;06.00.00;2,3;1435,53;-200,0;10,1;837,44;330,0;1859,17;159,0;1861,88;1280,23;16,5;60,44;0,8423
11/10/2004;07.00.00;3,0;1621,29;-200,0;26,7;1515,81;353,0;1706,55;199,0;2085,97;1457,67;16,69;59,18;0,8583
11/10/2004;08.00.00;3,7;1908,65;-200,0;19,0;1194,41;402,0;1692,94;177,0;2048,42;1358,2;21,8;51,04;0,9635
11/10/2004;09.00.00;5,2;2040,0;-200,0;19,3;1210,42;916,0;1193,86;277,0;2394,95;1897,9;16,84;49,39;0,7367
11/10/2004;10.00.00;2,4;1502,83;-200,0;17,2;1116,42;220,0;1925,08;229,0;2230,33;1651,81;20,87;38,82;0,7257
11/10/2004;11.00.00;-200,0;1112,06;-200,0;13,8;969,6;220,0;1971,73;188,0;1849,76;1369,26;19,98;36,37;0,5781
11/10/2004;12.00.00;2,0;1322,32;-200,0;5,6;667,07;219,0;1976,73;84,0;1385,85;866,37;20,34;35,18;0,5732
11/10/2004;13.00.00;2,0;1229,99;-200,0;7,0;721,75;291,0;1864,64;81,0;1391,69;735,15;22,85;29,02;0,5899
11/10/2004;14.00.00;0,9;965,68;-200,0;8,4;768,45;-200,0;2079,86;111,0;1653,22;998,37;23,65;29,41;0,6602
11/10/2004;15.00.00;1,7;1226,69;-200,0;3,4;561,03;186,0;1961,05;-200,0;1741,77;1067,38;29,38;30,5;0,9883
11/10/2004;16.00.00;1,2;1059,91;-200,0;13,6;966,4;117,0;2125,52;79,0;1554,56;800,96;23,0;33,95;0,713
11/10/2004;17.00.00;-200,0;1629,55;-200,0;18,1;1158,08;-200,0;1725,72;108,0;1540,83;1037,17;20,61;38,48;0,7394
11/10/2004;18.00.00;-200,0;1344,15;-200,0;7,8;750,56;-200,0;1123,65;167,0;1847,9;1259,76;22,62;34,28;0,6088
11/10/2004;19.00.00;7,8;-200,0;-200,0;14,2;-200,0;240,0;-200,0;224,0;-200,0;-200,0;-200,0;-200,0;-200,0
11/10/2004;20.00.00;-200,0;1567,0;-200,0;17,3;1139,23;333,0;1740,9;138,0;1744,57;1133,47;19,65;49,36;0,8659
11/10/2004;21.00.00;1,7;1262,85;-200,0;-200,0;1024,96;392,0;1690,58;135,0;1793,12;1124,41;18,57;51,84;0,8211
11/10/2004;22.00.00;1,3;1166,27;-200,0;11,1;885,92;513,0;1725,83;41,0;1396,0;600,61;18,84;54,75;0,8752
11/10/2004;23.00.00;1,4;1263,04;-200,0;3,6;579,58;131,0;2084,12;41,0;1346,56;520,21;17,99;59,92;0,864
12/10/2004;00.00.00;1,6;1213,34;-200,0;11,0;905,15;73,0;2107,93;55,0;1416,94;703,98;13,79;68,24;0,7713
12/10/2004;01.00.00;-200,0;1038,05;-200,0;5,1;664,77;110,0;2051,38;44,0;1376,12;597,99;13,7;71,29;0,9395
12/10/2004;02.00.00;0,9;984,83;-200,0;5,4;660,8;82,0;2040,68;58,0;1421,01;672,21;11,97;73,64;0,7338
12/10/2004;03.00.00;1,0;1014,17;-200,0;8,2;742,69;-200,0;1920,28;72,0;1454,33;660,92;11,08;67,79;0,6313
12/10/2004;04.00.00;1,9;1255,0;-200,0;8,3;756,49;284,0;1877,85;164,0;1870,21;1351,75;14,13;69,74;0,8123
12/10/2004;05.00.00;2,7;1474,4;-200,0;9,2;802,3;381,0;1714,45;62,0;1420,45;821,23;11,46;71,89;0,6804
12/10/2004;06.00.00;3,3;1684,27;-200,0;22,3;1318,08;-200,0;1842,52;125,0;1624,54;953,92;13,97;59,19;0,7131
12/10/2004;07.00.00;3,3;1679,75;-200,0;16,5;1081,62;290,0;1735,33;120,0;1674,01;1047,57;13,85;56,99;0,735
12/10/2004;08.00.00;5,7;-200,0;-200,0;14,0;-200,0;1052,0;-200,0;159,0;-200,0;-200,0;-200,0;-200,0;-200,0
12/10/2004;09.00.00;8,0;2040,0;-200,0;14,9;1016,15;1008,0;897,12;170,0;1990,19;1403,82;21,94;54,08;0,9771
12/10/2004;10.00.00;4,8;2040,0;-200,0;26,9;1510,3;274,0;1798,07;161,0;1838,88;1253,86;17,03;49,5;0,7317
12/10/2004;11.00.00;3,2;1649,69;-200,0;14,1;1001,13;-200,0;1850,0;191,0;1984,0;1502,13;17,13;39,43;0,5719
12/10/2004;12.00.00;1,5;1199,42;-200,0;5,0;636,3;319,0;1803,24;146,0;1626,48;1120,88;21,62;29,31;0,6067
12/10/2004;13.00.00;2,6;1478,29;-200,0;4,4;584,07;184,0;1906,8;79,0;1525,83;787,71;22,7;35,22;0,6888
12/10/2004;14.00.00;-200,0;1263,2;-200,0;7,6;703,0;188,0;2004,08;77,0;1353,04;841,35;23,6;27,6;0,5742
12/10/2004;15.00.00;-200,0;1315,28;-200,0;9,1;784,96;96,0;2057,84;98,0;1521,64;932,24;22,44;24,13;0,4729
12/10/2004;16.00.00;2,9;1526,32;-200,0;6,4;674,86;131,0;1913,89;95,0;1506,15;887,91;22,76;25,87;0,5291
12/10/2004;17.00.00;2,9;1534,18;-200,0;6,4;674,16;308,0;1797,75;109,0;1636,72;979,97;23,4;35,62;0,7296
12/10/2004;18.00.00;3,4;1743,43;-200,0;11,4;869,77;356,0;1731,49;238,0;2332,01;1735,45;23,95;43,66;0,9197
12/10/2004;19.00.00;2,8;1524,25;-200,0;37,4;1905,72;340,0;1801,61;340,0;2533,56;2289,69;16,93;40,78;0,4946
12/10/2004;20.00.00;3,1;1605,51;-200,0;20,2;1242,2;-200,0;1646,89;258,0;2306,28;1828,64;18,89;45,98;0,716
12/10/2004;21.00.00;2,5;1548,63;-200,0;15,6;1065,34;192,0;1898,15;182,0;2033,22;1448,74;18,76;55,5;0,9273
12/10/2004;22.00.00;1,6;1239,66;-200,0;9,7;803,97;151,0;2036,77;68,0;1408,0;745,9;15,21;46,52;0,6462
12/10/2004;23.00.00;-200,0;1144,01;-200,0;3,7;581,35;156,0;2034,37;38,0;1450,02;542,32;19,3;61,18;0,9908
13/10/2004;00.00.00;-200,0;1208,89;-200,0;4,0;592,38;88,0;2024,04;28,0;1302,59;545,27;13,32;62,51;0,7879
13/10/2004;01.00.00;1,7;1334,84;-200,0;4,8;621,88;99,0;2057,59;30,0;1284,33;587,29;13,72;68,26;0,8073
13/10/2004;02.00.00;1,4;1137,54;-200,0;6,9;717,28;218,0;1917,26;62,0;1415,59;767,52;14,41;64,81;0,7345
13/10/2004;03.00.00;1,2;1076,84;-200,0;10,1;840,65;219,0;1962,58;88,0;1459,25;890,03;11,95;63,75;0,5942
13/10/2004;04.00.00;2,0;1313,49;-200,0;15,1;1046,72;257,0;1912,6;109,0;1574,02;1060,75;9,61;67,93;0,6832
13/10/2004;05.00.00;4,1;1868,65;-200,0;11,5;882,34;74,0;1932,48;102,0;1664,87;940,19;12,94;73,67;0,8135
13/10/2004;06.00.00;2,5;1431,62;-200,0;14,3;1021,64;226,0;1868,11;92,0;1667,0;863,41;16,65;66,87;0,8866
13/10/2004;07.00.00;2,8;1558,0;-200,0;31,5;1695,15;321,0;1786,7;206,0;2093,96;1475,82;14,96;56,3;0,6067
13/10/2004;08.00.00;4,9;2040,0;-200,0;19,0;1210,52;399,0;1600,79;153,0;1729,97;1181,83;15,14;47,79;0,5981
13/10/2004;09.00.00;5,1;2040,0;-200,0;32,4;1760,73;884,0;1130,07;159,0;1888,62;1311,27;19,98;41,43;0,7352
13/10/2004;10.00.00;3,9;1806,42;-200,0;19,2;1227,68;332,0;1744,9;207,0;2105,36;1550,45;18,76;51,76;0,7966
13/10/2004;11.00.00;3,8;1784,82;-200,0;13,8;973,85;160,0;1945,12;82,0;1407,99;900,34;19,61;36,06;0,5563
13/10/2004;12.00.00;2,3;1395,89;-200,0;8,3;753,91;-200,0;1840,08;79,0;1486,41;832,88;21,96;35,48;0,6597
13/10/2004;13.00.00;-200,0;1539,31;-200,0;4,8;636,84;205,0;1854,96;67,0;1531,27;748,36;24,0;40,86;0,9512
13/10/2004;14.00.00;1,9;1261,07;-200,0;8,6;763,11;-200,0;1967,75;89,0;1459,64;828,4;27,72;24,38;0,5838
13/10/2004;15.00.00;2,8;1576,39;-200,0;8,3;805,1;273,0;1823,0;98,0;1627,54;965,64;24,78;39,3;0,8618
13/10/2004;16.00.00;-200,0;1554,07;-200,0;-200,0;723,1;264,0;1894,89;114,0;1640,35;1111,57;25,28;31,18;0,7899
13/10/2004;17.00.00;3,6;1690,61;-200,0;11,7;906,79;402,0;1657,9;112,0;1606,84;973,39;21,45;28,51;0,5606
13/10/2004;18.00.00;4,7;2040,0;-200,0;12,6;945,67;-200,0;1513,17;183,0;1907,62;1346,01;19,61;35,87;0,6149
13/10/2004;19.00.00;9,0;2040,0;-200,0;14,4;1029,31;874,0;987,39;279,0;2375,42;1880,24;20,75;37,23;0,6397
13/10/2004;20.00.00;5,0;2040,0;-200,0;14,0;1009,49;428,0;1534,39;-200,0;1928,33;1319,08;19,64;47,38;0,803
13/10/2004;21.00.00;1,7;1215,57;-200,0;6,5;685,64;166,0;2051,1;89,0;1436,28;888,47;15,97;46,6;0,6067
13/10/2004;22.00.00;-200,0;1177,49;-200,0;5,0;641,76;138,0;1997,71;58,0;1424,38;682,13;16,48;44,94;0,5872
13/10/2004;23.00.00;1,1;1064,36;-200,0;6,1;693,67;52,0;2149,96;44,0;1340,98;632,98;16,43;57,74;0,7529
14/10/2004;00.00.00;2,4;1459,09;-200,0;7,9;739,04;64,0;2078,88;53,0;1398,8;576,58;15,11;56,04;0,7623
14/10/2004;01.00.00;2,0;1348,93;-200,0;11,4;933,94;234,0;1927,07;59,0;1469,38;780,91;14,6;66,71;0,8314
14/10/2004;02.00.00;2,9;1589,23;-200,0;5,1;630,81;88,0;1990,4;-200,0;1383,86;743,98;13,67;61,55;0,7431
14/10/2004;03.00.00;1,2;1112,6;-200,0;10,5;879,71;99,0;2077,26;58,0;1346,39;733,89;11,91;65,66;0,703
14/10/2004;04.00.00;2,5;1416,59;-200,0;8,5;774,85;245,0;1855,62;62,0;1409,0;686,73;12,07;68,4;0,7536
14/10/2004;05.00.00;1,2;1092,43;-200,0;7,7;757,95;306,0;1799,33;-200,0;1616,39;943,88;11,19;64,62;0,6418
14/10/2004;06.00.00;1,3;1164,13;-200,0;12,3;938,93;136,0;2002,39;130,0;1785,49;1101,96;17,96;64,08;0,9572
14/10/2004;07.00.00;2,7;1508,69;-200,0;23,1;1342,83;456,0;1693,61;146,0;1753,97;1225,47;15,45;62,5;0,7825
14/10/2004;08.00.00;7,0;2040,0;-200,0;17,0;1128,19;451,0;1539,57;222,0;2116,95;1613,89;16,18;48,97;0,6034
14/10/2004;09.00.00;-200,0;1558,35;-200,0;17,0;1132,7;-200,0;1507,92;335,0;2544,29;2271,78;16,07;49,77;0,6245
14/10/2004;10.00.00;3,2;1633,39;-200,0;13,3;963,44;370,0;1721,52;167,0;1880,19;1252,26;25,09;28,79;0,6479
14/10/2004;11.00.00;-200,0;1743,76;-200,0;8,7;788,44;162,0;1960,1;122,0;1561,61;992,99;18,28;42,33;0,5806
14/10/2004;12.00.00;2,7;1431,14;-200,0;14,3;989,67;189,0;1868,82;-200,0;1771,88;1245,09;20,6;35,86;0,5727
14/10/2004;13.00.00;4,0;1880,81;-200,0;6,1;679,49;268,0;1904,54;129,0;1672,98;1018,01;23,08;29,59;0,6633
14/10/2004;14.00.00;-200,0;1269,43;-200,0;6,0;695,69;423,0;1727,66;69,0;1541,44;720,36;23,95;34,29;0,7553
14/10/2004;15.00.00;1,4;1186,64;-200,0;8,2;775,08;211,0;1946,5;115,0;1704,7;981,75;24,84;37,96;0,8435
14/10/2004;16.00.00;1,3;1114,42;-200,0;9,2;818,36;-200,0;1923,32;89,0;1601,96;866,64;26,37;30,33;0,8676
14/10/2004;17.00.00;-200,0;1336,88;-200,0;10,5;861,14;197,0;1900,48;97,0;1472,55;948,07;23,27;29,78;0,5391
14/10/2004;18.00.00;2,4;1440,35;-200,0;33,5;1799,53;-200,0;1705,82;295,0;2399,62;2057,81;19,35;38,19;0,6838
14/10/2004;19.00.00;2,2;-200,0;-200,0;15,9;-200,0;475,0;-200,0;177,0;-200,0;-200,0;-200,0;-200,0;-200,0
14/10/2004;20.00.00;-200,0;2040,0;-200,0;15,8;1076,3;-200,0;1365,27;158,0;1854,08;1290,67;19,83;42,14;0,7602
14/10/2004;21.00.00;2,4;1500,05;-200,0;5,2;661,41;273,0;1860,17;106,0;1826,42;885,5;22,06;56,21;1,1
14/10/2004;22.00.00;3,7;1790,91;-200,0;5,6;655,61;185,0;1801,12;-200,0;1622,53;1007,88;13,83;55,07;0,5635
14/10/2004;23.00.00;-200,0;925,57;-200,0;2,8;532,07;89,0;2134,86;-200,0;1373,77;614,47;17,83;49,7;0,7601
15/10/2004;00.00.00;-200,0;1016,82;-200,0;3,2;567,89;206,0;2019,28;-200,0;1315,16;645,23;14,54;54,1;0,691
15/10/2004;01.00.00;1,0;1049,8;-200,0;2,5;519,23;-200,0;1969,9;-200,0;1344,66;715,22;15,06;66,75;0,7492
15/10/2004;02.00.00;-200,0;1080,4;-200,0;4,2;608,12;104,0;2065,21;79,0;1573,84;808,91;12,68;72,05;0,8981
15/10/2004;03.00.00;2,1;1307,42;-200,0;6,5;702,81;248,0;1816,0;-200,0;1378,7;843,07;11,03;60,27;0,6198
15/10/2004;04.00.00;2,1;1333,62;-200,0;6,8;712,46;114,0;1987,53;68,0;1557,82;656,8;14,39;69,99;0,8978
15/10/2004;05.00.00;2,6;-200,0;-200,0;7,2;-200,0;-200,0;-200,0;116,0;-200,0;-200,0;-200,0;-200,0;-200,0
15/10/2004;06.00.00;-200,0;1779,78;-200,0;9,3;824,5;197,0;1872,04;181,0;2046,78;1410,87;16,12;72,52;1,0297
15/10/2004;07.00.00;4,6;2040,0;-200,0;12,6;965,32;722,0;1342,83;100,0;1609,67;926,65;15,19;61,01;0,8456
15/10/2004;08.00.00;2,9;1552,86;-200,0;20,4;1251,59;-200,0;1588,39;183,0;1933,08;1421,26;15,22;57,55;0,7603
15/10/2004;09.00.00;3,5;1663,35;-200,0;20,0;1221,66;-200,0;1659,02;-200,0;2295,53;1893,8;14,6;39,69;0,4959
15/10/2004;10.00.00;3,3;1744,1;-200,0;17,3;1158,0;452,0;1608,93;116,0;1709,83;1066,38;20,65;56,19;0,9638
15/10/2004;11.00.00;8,7;2040,0;-200,0;10,2;841,48;363,0;1497,93;-200,0;1635,62;1108,62;21,06;38,48;0,6966
15/10/2004;12.00.00;2,6;1424,42;-200,0;7,7;740,33;453,0;1666,02;152,0;1730,79;1228,33;19,32;32,96;0,5216
15/10/2004;13.00.00;1,9;1286,09;-200,0;11,1;868,41;111,0;2010,17;112,0;1576,77;1021,23;20,97;33,49;0,6409
15/10/2004;14.00.00;2,2;1368,08;-200,0;9,5;782,78;319,0;1930,71;-200,0;1524,63;875,54;21,61;40,53;0,7266
15/10/2004;15.00.00;1,4;1129,95;-200,0;7,2;717,66;75,0;2078,07;104,0;1697,37;914,94;19,75;43,39;0,7671
15/10/2004;16.00.00;-200,0;1283,15;-200,0;13,3;982,66;312,0;1758,23;105,0;1515,15;961,12;20,91;33,6;0,5702
15/10/2004;17.00.00;3,6;1803,54;-200,0;-200,0;945,68;531,0;1501,83;122,0;1596,49;1039,53;19,78;39,76;0,665
15/10/2004;18.00.00;3,6;1716,18;-200,0;16,7;1116,68;808,0;1300,94;266,0;2281,31;1788,43;20,43;37,84;0,7012
15/10/2004;19.00.00;3,1;1559,54;-200,0;19,8;1232,64;710,0;1394,93;191,0;1911,54;1492,53;18,74;36,17;0,545
15/10/2004;20.00.00;3,4;1741,67;-200,0;18,1;1172,27;296,0;1776,74;177,0;1926,94;1337,0;15,76;53,08;0,7449
15/10/2004;21.00.00;2,1;1377,72;-200,0;7,6;775,18;-200,0;1680,33;71,0;1480,73;752,12;21,76;47,24;0,932
15/10/2004;22.00.00;0,9;1020,64;-200,0;3,1;569,57;97,0;2009,08;61,0;1539,69;630,76;18,93;62,69;1,0034
15/10/2004;23.00.00;-200,0;1048,34;-200,0;5,2;673,13;70,0;2043,58;55,0;1377,42;697,08;13,66;65,85;0,8355
16/10/2004;00.00.00;0,7;941,75;-200,0;5,7;678,49;-200,0;2060,19;-200,0;1421,06;614,76;14,52;66,41;0,8305
16/10/2004;01.00.00;0,8;1062,63;-200,0;3,2;581,22;87,0;2026,07;71,0;1569,83;777,72;14,01;75,35;0,9644
16/10/2004;02.00.00;-200,0;1050,56;-200,0;7,8;736,54;131,0;2072,36;51,0;1517,88;511,42;15,06;79,16;1,1082
16/10/2004;03.00.00;2,0;1316,73;-200,0;3,1;563,09;102,0;2032,78;58,0;1487,92;636,52;10,87;67,74;0,6603
16/10/2004;04.00.00;2,6;1492,49;-200,0;5,2;663,85;177,0;1967,56;61,0;1432,27;739,28;14,86;63,96;0,8452
16/10/2004;05.00.00;1,0;1058,33;-200,0;13,7;982,26;-200,0;2127,17;-200,0;1447,75;854,57;12,08;56,88;0,5772
16/10/2004;06.00.00;3,4;1717,88;-200,0;10,1;858,59;228,0;1857,51;162,0;1909,15;1366,67;11,3;74,56;0,7088
16/10/2004;07.00.00;1,8;1308,09;-200,0;11,2;906,28;297,0;1811,53;66,0;1487,34;752,3;16,46;57,41;0,7941
16/10/2004;08.00.00;4,4;2040,0;-200,0;18,5;1180,73;-200,0;1393,89;-200,0;1886,48;1300,79;18,8;60,95;0,913
16/10/2004;09.00.00;3,8;1818,52;-200,0;26,6;1509,98;733,0;1292,68;-200,0;1967,36;1350,67;22,69;46,91;0,9001
16/10/2004;10.00.00;3,4;-200,0;-200,0;7,4;-200,0;316,0;-200,0;-200,0;-200,0;-200,0;-200,0;-200,0;-200,0
16/10/2004;11.00.00;-200,0;1123,75;-200,0;15,2;1035,67;103,0;2037,59;-200,0;1448,44;908,98;21,41;38,11;0,6891
16/10/2004;12.00.00;0,9;978,83;-200,0;6,4;686,14;103,0;2073,67;-200,0;1397,76;819,36;20,23;31,93;0,5945
16/10/2004;13.00.00;1,2;1065,32;-200,0;9,2;806,51;-200,0;1943,42;68,0;1509,33;766,76;23,41;33,98;0,7299
16/10/2004;14.00.00;1,8;1285,26;-200,0;5,1;604,0;147,0;1949,74;51,0;1274,84;555,73;19,4;30,57;0,6024
16/10/2004;15.00.00;3,0;1501,48;-200,0;11,9;906,48;312,0;1724,44;69,0;1457,36;802,46;19,98;35,59;0,6407
16/10/2004;16.00.00;-200,0;1117,76;-200,0;7,1;722,03;257,0;1979,08;55,0;1312,94;676,96;20,79;32,97;0,6522
16/10/2004;17.00.00;2,1;1314,71;-200,0;6,1;685,84;-200,0;1880,78;86,0;1540,2;742,43;22,0;38,16;0,7606
16/10/2004;18.00.00;2,3;1409,74;-200,0;17,3;1122,99;411,0;1852,75;150,0;1763,95;1177,66;19,76;36,43;0,6363
16/10/2004;19.00.00;-200,0;1681,14;-200,0;27,0;1503,95;276,0;1734,75;252,0;2250,55;1821,2;21,33;38,29;0,773
16/10/2004;20.00.00;-200,0;1124,73;-200,0;21,8;1292,31;285,0;1877,48;175,0;1882,45;1322,79;20,86;43,04;0,8152
16/10/2004;21.00.00;3,4;1780,46;-200,0;9,3;814,56;274,0;1739,58;122,0;1826,58;1013,62;18,71;60,84;0,9848
16/10/2004;22.00.00;-200,0;1090,46;-200,0;-200,0;720,2;110,0;2114,71;117,0;1732,83;1046,3;19,45;56,4;0,954
16/10/2004;23.00.00;1,5;1213,23;-200,0;3,6;578,16;110,0;1950,37;56,0;1447,24;630,9;15,84;49,69;0,6973
17/10/2004;00.00.00;0,9;1001,31;-200,0;4,5;596,84;111,0;2014,84;30,0;1188,44;557,37;11,33;61,0;0,5897
17/10/2004;01.00.00;1,1;1133,19;-200,0;4,5;626,05;76,0;2096,2;38,0;1351,93;506,94;15,7;66,94;0,8596
17/10/2004;02.00.00;1,7;1270,74;-200,0;1,4;491,84;-200,0;2065,76;38,0;1375,06;599,97;11,26;77,48;0,8595
17/10/2004;03.00.00;-200,0;1173,78;-200,0;3,2;549,31;72,0;2079,68;52,0;1448,81;697,44;14,12;74,01;0,9925
17/10/2004;04.00.00;1,4;1182,37;-200,0;5,6;647,47;166,0;2008,4;51,0;1389,93;651,8;15,62;63,65;0,8008
17/10/2004;05.00.00;1,0;1107,3;-200,0;6,0;688,55;181,0;2033,97;-200,0;1355,67;622,81;13,89;78,55;0,9071
17/10/2004;06.00.00;1,3;1134,78;-200,0;6,7;712,71;411,0;1776,89;102,0;1602,64;872,47;10,78;63,44;0,683
17/10/2004;07.00.00;1,4;1154,1;-200,0;9,6;816,72;-200,0;1882,83;142,0;1723,48;1195,1;12,97;66,1;0,7745
17/10/2004;08.00.00;-200,0;1319,22;-200,0;19,1;1210,09;307,0;1792,05;142,0;1845,36;1174,02;18,66;49,75;0,828
17/10/2004;09.00.00;4,0;1858,41;-200,0;13,9;983,04;391,0;1683,17;98,0;1498,56;971,28;16,97;38,88;0,606
17/10/2004;10.00.00;3,9;1821,3;-200,0;3,9;582,43;214,0;1861,94;109,0;1540,75;984,27;18,76;39,17;0,617
17/10/2004;11.00.00;1,0;1094,64;-200,0;14,7;999,23;118,0;2073,09;-200,0;1295,76;806,14;21,32;25,62;0,4946
17/10/2004;12.00.00;-200,0;1254,46;-200,0;2,9;563,81;-200,0;1981,12;102,0;1714,09;960,91;22,23;48,7;0,9705
17/10/2004;13.00.00;1,2;1049,37;-200,0;7,9;741,99;155,0;1926,95;43,0;1311,0;649,27;22,19;36,35;0,6704
17/10/2004;14.00.00;2,1;1319,46;-200,0;2,9;563,11;-200,0;2004,52;73,0;1365,36;769,78;21,72;28,86;0,5668
17/10/2004;15.00.00;-200,0;1100,98;-200,0;-200,0;771,58;137,0;1993,83;70,0;1412,16;737,97;21,68;35,13;0,7312
17/10/2004;16.00.00;1,4;1211,14;-200,0;5,1;641,59;205,0;1957,02;85,0;1462,09;826,6;23,85;34,43;0,7261
17/10/2004;17.00.00;-200,0;1147,62;-200,0;8,9;777,53;237,0;1924,39;91,0;1470,8;850,2;22,74;38,39;0,785
17/10/2004;18.00.00;-200,0;1162,71;-200,0;5,0;634,47;307,0;1794,4;-200,0;1678,15;965,73;20,32;44,19;0,7885
17/10/2004;19.00.00;3,3;1703,61;-200,0;15,7;1049,88;184,0;1892,44;283,0;2431,0;1860,74;21,97;40,42;0,7688
17/10/2004;20.00.00;-200,0;1482,62;-200,0;11,9;900,18;-200,0;1839,5;85,0;1542,69;858,56;18,34;41,81;0,6889
17/10/2004;21.00.00;1,8;1274,22;-200,0;8,7;796,63;156,0;2015,46;-200,0;1591,23;912,18;15,6;55,01;0,6973
17/10/2004;22.00.00;0,9;1022,45;-200,0;6,5;698,66;62,0;2018,78;52,0;1438,59;657,36;14,49;59,54;0,8065
17/10/2004;23.00.00;1,0;1027,29;-200,0;3,9;604,4;-200,0;2005,65;47,0;1313,54;579,36;12,85;60,37;0,7092
18/10/2004;00.00.00;1,6;1166,07;-200,0;4,3;607,38;126,0;1991,6;59,0;1432,16;618,4;13,02;74,74;0,8014
18/10/2004;01.00.00;1,8;-200,0;-200,0;3,9;-200,0;-200,0;-200,0;42,0;-200,0;-200,0;-200,0;-200,0;-200,0
18/10/2004;02.00.00;1,0;1074,86;-200,0;5,1;646,39;179,0;1916,61;44,0;1307,18;599,82;10,66;64,02;0,6353
18/10/2004;03.00.00;1,3;1142,95;-200,0;10,7;876,8;174,0;1955,0;51,0;1370,57;646,05;12,47;71,22;0,7453
18/10/2004;04.00.00;-200,0;1050,46;-200,0;5,5;670,39;170,0;1937,67;74,0;1469,13;758,08;10,95;65,14;0,7052
18/10/2004;05.00.00;2,1;1411,84;-200,0;4,3;616,42;457,0;1631,66;104,0;1611,07;928,92;12,25;69,19;0,7733
18/10/2004;06.00.00;3,1;1582,26;-200,0;7,4;712,62;298,0;1793,67;95,0;1496,74;845,01;10,54;59,69;0,4917
18/10/2004;07.00.00;2,9;1573,9;-200,0;19,5;1194,7;144,0;1921,61;108,0;1572,44;993,2;14,16;58,13;0,6813
18/10/2004;08.00.00;3,3;1702,51;-200,0;18,8;1182,35;210,0;1813,75;310,0;2548,18;1996,07;15,42;65,24;0,8716
18/10/2004;09.00.00;3,8;1791,32;-200,0;26,6;1502,85;968,0;1164,29;142,0;1792,92;1241,41;18,18;49,1;0,654
18/10/2004;10.00.00;-200,0;2040,0;-200,0;7,4;747,27;198,0;1686,05;-200,0;2047,37;1466,7;18,84;42,47;0,6897
18/10/2004;11.00.00;3,6;1794,38;-200,0;3,6;587,07;234,0;1893,43;-200,0;1545,51;968,56;17,2;47,98;0,7103
18/10/2004;12.00.00;2,6;1469,72;-200,0;10,2;833,65;142,0;1877,95;152,0;1694,18;1196,83;22,8;33,14;0,6144
18/10/2004;13.00.00;2,1;1301,11;-200,0;12,2;913,73;185,0;1969,29;79,0;1421,34;828,48;21,85;32,07;0,6306
18/10/2004;14.00.00;-200,0;1309,69;-200,0;4,0;596,75;224,0;1915,82;-200,0;1258,92;712,27;22,32;36,62;0,7245
18/10/2004;15.00.00;1,2;1100,8;-200,0;9,0;803,63;138,0;2005,76;82,0;1436,07;834,01;22,08;37,82;0,6778
18/10/2004;16.00.00;1,3;1098,26;-200,0;13,4;977,09;154,0;1990,57;-200,0;1457,35;744,02;20,89;39,84;0,7712
18/10/2004;17.00.00;2,2;1315,5;-200,0;12,4;923,17;449,0;1684,86;179,0;1925,37;1406,68;21,86;31,8;0,6543
18/10/2004;18.00.00;2,6;1566,7;-200,0;25,4;1441,77;1479,0;697,09;220,0;2137,18;1628,36;21,58;41,38;0,7695
18/10/2004;19.00.00;3,3;1749,97;-200,0;-200,0;1303,16;714,0;1445,98;185,0;1839,39;1355,55;16,1;39,8;0,5355
18/10/2004;20.00.00;3,4;1709,82;-200,0;15,6;1047,62;-200,0;1753,77;138,0;1771,63;1068,62;17,31;43,44;0,6766
18/10/2004;21.00.00;2,3;1399,52;-200,0;14,9;1036,78;413,0;1769,67;85,0;1499,71;812,29;16,59;57,14;0,7963
18/10/2004;22.00.00;1,2;1098,83;-200,0;13,2;949,06;-200,0;1833,5;60,0;1277,25;782,03;16,32;53,04;0,6397
18/10/2004;23.00.00;1,4;1179,23;-200,0;3,8;590,54;164,0;1989,77;84,0;1623,6;826,53;16,98;61,52;0,9133
19/10/2004;00.00.00;-200,0;-200,0;-200,0;4,5;-200,0;-200,0;-200,0;51,0;-200,0;-200,0;-200,0;-200,0;-200,0
19/10/2004;01.00.00;1,4;1149,71;-200,0;3,6;584,33;151,0;1921,75;81,0;1473,43;865,33;11,57;61,62;0,6194
19/10/2004;02.00.00;1,1;1081,87;-200,0;6,4;720,89;117,0;2007,86;-200,0;1324,67;686,6;11,04;73,6;0,8111
19/10/2004;03.00.00;2,0;1316,66;-200,0;6,4;695,75;169,0;2028,77;-200,0;1263,92;593,26;10,29;72,19;0,6839
19/10/2004;04.00.00;1,4;1136,48;-200,0;11,8;882,5;162,0;1949,68;63,0;1306,87;755,13;11,37;58,84;0,6026
19/10/2004;05.00.00;3,4;-200,0;-200,0;14,8;-200,0;298,0;-200,0;119,0;-200,0;-200,0;-200,0;-200,0;-200,0
19/10/2004;06.00.00;2,1;1337,93;-200,0;14,5;1014,54;-200,0;1786,62;109,0;1604,6;1034,94;11,25;60,25;0,6376
19/10/2004;07.00.00;3,1;1711,01;-200,0;23,2;1368,83;766,0;1330,38;229,0;2232,32;1648,97;15,25;65,87;0,8112
19/10/2004;08.00.00;5,2;2040,0;-200,0;16,2;1069,68;583,0;1457,36;340,0;2624,49;2313,8;12,19;48,82;0,5234
19/10/2004;09.00.00;5,6;2040,0;-200,0;14,8;1007,19;534,0;1464,36;172,0;1893,93;1242,88;15,77;49,6;0,668
19/10/2004;10.00.00;4,5;2006,89;-200,0;18,8;1173,79;548,0;1516,08;-200,0;2121,81;1665,36;17,53;48,54;0,7381
19/10/2004;11.00.00;4,5;2033,26;-200,0;11,3;913,5;343,0;1582,82;195,0;2122,15;1397,45;22,74;42,66;0,8784
19/10/2004;12.00.00;2,6;1475,9;-200,0;19,8;1249,7;-200,0;1761,02;144,0;1838,63;1152,91;19,88;42,47;0,858
19/10/2004;13.00.00;1,8;1244,8;-200,0;4,0;582,57;200,0;1908,47;56,0;1243,45;742,19;16,82;28,2;0,3448
19/10/2004;14.00.00;1,5;1202,15;-200,0;9,7;833,17;335,0;1777,3;48,0;1307,35;613,55;17,72;42,26;0,6873
19/10/2004;15.00.00;-200,0;1262,71;-200,0;9,3;793,41;278,0;1865,46;72,0;1470,39;765,54;21,96;36,01;0,7564
19/10/2004;16.00.00;3,2;1674,08;-200,0;6,4;705,07;217,0;1783,58;84,0;1571,6;814,13;22,95;40,8;0,8608
19/10/2004;17.00.00;1,6;1208,83;-200,0;8,7;774,5;470,0;1673,32;182,0;1908,77;1372,26;21,97;40,17;0,7458
19/10/2004;18.00.00;2,8;1467,84;-200,0;15,9;1095,09;444,0;1755,35;-200,0;1737,64;1238,34;20,76;38,6;0,7805
19/10/2004;19.00.00;-200,0;1788,13;-200,0;11,1;880,64;-200,0;1339,48;260,0;2212,67;1796,32;21,72;35,96;0,577
19/10/2004;20.00.00;2,6;-200,0;-200,0;-200,0;-200,0;668,0;-200,0;135,0;-200,0;-200,0;-200,0;-200,0;-200,0
19/10/2004;21.00.00;2,0;1334,27;-200,0;30,7;1659,0;319,0;1859,94;-200,0;1855,18;1189,46;18,68;59,33;1,0072
19/10/2004;22.00.00;2,9;1532,97;-200,0;5,6;657,62;109,0;1954,93;63,0;1381,34;644,35;12,33;62,97;0,6664
19/10/2004;23.00.00;1,1;1051,99;-200,0;3,7;571,01;64,0;2025,58;61,0;1392,6;714,6;12,58;57,29;0,7126
20/10/2004;00.00.00;1,4;1092,29;-200,0;2,8;548,72;-200,0;2025,59;47,0;1225,11;677,88;9,54;50,28;0,383
20/10/2004;01.00.00;0,7;-200,0;-200,0;3,5;-200,0;89,0;-200,0;30,0;-200,0;-200,0;-200,0;-200,0;-200,0
20/10/2004;02.00.00;1,0;1068,64;-200,0;4,8;625,82;222,0;1954,43;80,0;1501,15;814,31;11,76;67,59;0,6829
20/10/2004;03.00.00;2,2;1340,94;-200,0;10,8;845,91;88,0;2028,86;112,0;1631,3;1012,63;11,91;68,39;0,7456
20/10/2004;04.00.00;3,1;1653,45;-200,0;25,7;1461,75;331,0;1783,56;66,0;1432,8;818,03;11,98;71,67;0,7515
20/10/2004;05.00.00;-200,0;1305,98;-200,0;6,6;677,95;224,0;1910,37;125,0;1682,53;1125,55;10,5;71,61;0,6699
20/10/2004;06.00.00;-200,0;1366,56;-200,0;7,7;748,16;-200,0;2030,88;99,0;1621,81;955,51;12,77;69,32;0,8458
20/10/2004;07.00.00;3,8;1874,08;-200,0;10,1;824,28;351,0;1682,37;-200,0;1636,89;995,26;11,19;62,87;0,7124
20/10/2004;08.00.00;1,7;1217,83;-200,0;25,2;1434,48;539,0;1557,82;192,0;1958,04;1493,54;18,12;47,3;0,7107
20/10/2004;09.00.00;-200,0;1997,16;-200,0;24,4;1419,93;723,0;1286,08;221,0;2110,89;1661,29;16,08;49,94;0,5979
20/10/2004;10.00.00;2,3;1398,02;-200,0;16,6;1094,75;259,0;1913,62;115,0;1656,22;968,12;17,0;58,5;0,7385
20/10/2004;11.00.00;-200,0;1722,68;-200,0;9,5;785,46;198,0;1807,93;193,0;2111,1;1313,23;22,36;44,51;0,8942
20/10/2004;12.00.00;0,9;1083,48;-200,0;15,6;1053,23;208,0;2006,98;63,0;1399,43;644,23;17,74;40,75;0,6488
20/10/2004;13.00.00;1,5;1143,28;-200,0;11,2;901,39;210,0;2036,34;79,0;1467,56;796,57;18,77;37,85;0,6113
20/10/2004;14.00.00;1,7;1229,75;-200,0;10,2;841,72;-200,0;1945,29;64,0;1396,86;737,27;19,32;36,33;0,5998
20/10/2004;15.00.00;1,3;1081,05;-200,0;8,6;774,94;206,0;1931,71;129,0;1556,73;1024,21;21,55;21,73;0,3706
20/10/2004;16.00.00;1,7;1175,76;-200,0;8,0;746,41;186,0;1985,59;60,0;1414,58;711,69;22,38;33,06;0,6885
20/10/2004;17.00.00;3,6;1736,4;-200,0;9,6;833,23;369,0;1743,41;181,0;1993,35;1373,13;22,5;35,86;0,8001
20/10/2004;18.00.00;-200,0;1826,63;-200,0;-200,0;1328,79;534,0;1526,58;-200,0;2270,16;1540,61;25,37;45,32;0,9544
20/10/2004;19.00.00;3,0;1558,78;-200,0;24,5;1410,76;517,0;1538,97;153,0;1737,47;1278,23;14,69;42,88;0,5354
20/10/2004;20.00.00;4,9;2040,0;-200,0;-200,0;1311,44;499,0;1526,3;171,0;1851,94;1265,21;19,2;38,75;0,5902
20/10/2004;21.00.00;-200,0;1493,24;-200,0;6,1;659,57;117,0;2024,97;116,0;1638,4;1005,43;15,57;53,79;0,6394
20/10/2004;22.00.00;1,7;1211,8;-200,0;-200,0;695,29;-200,0;1974,3;-200,0;1437,27;924,71;14,22;52,28;0,5824
20/10/2004;23.00.00;0,9;994,61;-200,0;4,2;594,89;133,0;2041,81;44,0;1320,69;592,37;12,95;54,56;0,6354
21/10/2004;00.00.00;0,5;843,35;-200,0;3,3;569,77;193,0;1987,45;-200,0;1361,48;754,19;11,13;60,46;0,6301
21/10/2004;01.00.00;-200,0;1008,27;-200,0;7,0;754,32;87,0;2074,02;61,0;1509,05;737,75;15,52;70,2;1,0017
21/10/2004;02.00.00;1,0;1045,77;-200,0;6,5;703,87;182,0;2072,1;79,0;1531,21;779,84;13,34;75,58;0,8752
21/10/2004;03.00.00;1,3;1111,77;-200,0;16,8;1113,08;75,0;2085,54;-200,0;1268,83;635,16;11,53;72,31;0,66
21/10/2004;04.00.00;-200,0;1122,25;-200,0;-200,0;803,13;91,0;2093,51;80,0;1572,11;776,75;14,35;72,44;0,8807
21/10/2004;05.00.00;2,0;1257,92;-200,0;-200,0;728,22;200,0;1981,75;101,0;1502,35;934,18;9,13;69,85;0,5513
21/10/2004;06.00.00;3,2;1610,29;-200,0;10,4;850,17;223,0;1849,92;124,0;1613,68;1104,17;10,28;65,13;0,5626
21/10/2004;07.00.00;4,7;2040,0;-200,0;10,1;858,55;662,0;1353,48;-200,0;1870,73;1232,33;9,63;64,38;0,6196
21/10/2004;08.00.00;-200,0;2040,0;-200,0;34,1;1791,87;968,0;1060,1;340,0;2572,03;2248,59;13,79;44,46;0,5389
21/10/2004;09.00.00;3,1;1647,23;-200,0;24,2;1411,22;1018,0;1073,54;283,0;2453,13;1956,72;16,81;52,45;0,7793
21/10/2004;10.00.00;-200,0;1632,24;-200,0;18,2;1150,23;560,0;1510,8;223,0;2062,72;1573,19;17,98;42,01;0,6265
21/10/2004;11.00.00;4,2;1879,52;-200,0;7,6;736,92;-200,0;1568,54;-200,0;1748,22;1186,67;19,28;48,71;0,8464
21/10/2004;12.00.00;1,2;-200,0;-200,0;12,6;-200,0;140,0;-200,0;123,0;-200,0;-200,0;-200,0;-200,0;-200,0
21/10/2004;13.00.00;3,0;1627,0;-200,0;-200,0;653,86;384,0;1674,18;101,0;1611,2;928,38;22,42;36,46;0,7807
21/10/2004;14.00.00;1,2;1041,78;-200,0;6,3;666,61;327,0;1894,61;156,0;1753,24;1176,11;21,79;26,99;0,5347
21/10/2004;15.00.00;1,9;1316,64;-200,0;7,8;749,17;104,0;1982,7;82,0;1536,77;853,97;22,95;38,98;0,7885
21/10/2004;16.00.00;2,2;1401,56;-200,0;6,9;708,15;268,0;1795,32;126,0;1720,69;1012,41;17,53;37,65;0,5726
21/10/2004;17.00.00;2,8;1576,69;-200,0;9,4;809,65;267,0;1754,61;273,0;2272,2;1890,91;21,43;39,09;0,7334
21/10/2004;18.00.00;8,1;2040,0;-200,0;18,0;1160,83;1090,0;741,82;248,0;2202,14;1830,3;17,64;35,1;0,6074
21/10/2004;19.00.00;3,8;1861,52;-200,0;30,8;1705,35;384,0;1754,7;210,0;2007,07;1607,13;18,19;39,03;0,6183
21/10/2004;20.00.00;2,0;1311,1;-200,0;24,6;1407,09;497,0;1682,96;152,0;1863,13;1246,2;18,84;48,36;0,7805
21/10/2004;21.00.00;2,7;1472,94;-200,0;14,5;1018,29;314,0;1801,48;105,0;1594,6;917,46;16,66;48,43;0,6745
21/10/2004;22.00.00;-200,0;1173,73;-200,0;7,8;737,4;-200,0;2060,21;83,0;1490,4;784,67;13,48;58,73;0,7282
21/10/2004;23.00.00;1,5;1186,82;-200,0;4,0;605,35;-200,0;1850,71;-200,0;1479,61;912,18;13,99;50,09;0,6392
22/10/2004;00.00.00;1,6;1100,15;-200,0;7,1;741,47;210,0;1890,01;65,0;1324,75;728,22;9,68;62,44;0,561
22/10/2004;01.00.00;1,3;1185,25;-200,0;2,7;553,15;61,0;2096,57;53,0;1425,32;694,9;14,25;76,73;0,8815
22/10/2004;02.00.00;-200,0;1168,66;-200,0;7,2;735,03;177,0;1939,26;62,0;1337,19;704,68;11,04;71,74;0,6744
22/10/2004;03.00.00;1,7;1173,44;-200,0;9,5;805,39;167,0;2029,74;74,0;1541,2;801,71;13,51;70,99;0,8215
22/10/2004;04.00.00;3,3;1683,17;-200,0;7,5;758,71;273,0;1948,18;-200,0;1482,21;679,57;10,39;79,47;0,8328
22/10/2004;05.00.00;1,7;1172,07;-200,0;6,6;718,41;-200,0;1951,05;84,0;1394,91;858,64;10,9;56,06;0,5449
22/10/2004;06.00.00;1,8;1268,02;-200,0;10,8;857,56;203,0;1948,28;103,0;1456,12;923,39;11,21;60,8;0,5869
22/10/2004;07.00.00;4,4;2003,11;-200,0;11,9;919,69;277,0;1762,38;-200,0;2619,92;2170,66;15,53;59,15;0,6949
22/10/2004;08.00.00;3,1;1645,32;-200,0;26,1;1465,53;501,0;1674,83;317,0;2522,96;2195,25;13,56;61,1;0,7929
22/10/2004;09.00.00;-200,0;-200,0;-200,0;30,9;-200,0;567,0;-200,0;168,0;-200,0;-200,0;-200,0;-200,0;-200,0
22/10/2004;10.00.00;3,1;1608,68;-200,0;-200,0;1206,29;-200,0;1649,96;108,0;1551,26;1048,08;16,81;43,16;0,6569
22/10/2004;11.00.00;-200,0;1418,99;-200,0;13,2;996,98;236,0;1837,13;83,0;1407,36;839,6;14,83;48,14;0,6586
22/10/2004;12.00.00;4,8;2033,96;-200,0;12,5;902,82;492,0;1515,99;164,0;1755,63;1279,96;18,67;37,41;0,5895
22/10/2004;13.00.00;2,9;-200,0;-200,0;-200,0;-200,0;268,0;-200,0;-200,0;-200,0;-200,0;-200,0;-200,0;-200,0
22/10/2004;14.00.00;2,5;1433,98;-200,0;5,8;681,74;280,0;1886,05;146,0;1766,6;1132,39;21,17;29,6;0,6222
22/10/2004;15.00.00;2,1;1301,45;-200,0;4,2;622,22;175,0;1942,38;91,0;1425,51;836,27;18,9;33,54;0,552
22/10/2004;16.00.00;1,5;1167,48;-200,0;9,7;818,31;143,0;2025,26;90,0;1508,87;885,18;22,96;32,32;0,692
22/10/2004;17.00.00;2,9;1583,72;-200,0;18,1;1180,72;489,0;1572,13;97,0;1594,45;879,66;20,43;41,85;0,7847
22/10/2004;18.00.00;4,6;2010,23;-200,0;10,1;847,18;332,0;1721,46;303,0;2410,43;2126,84;19,46;36,81;0,6483
22/10/2004;19.00.00;4,5;1946,61;-200,0;21,6;1328,23;249,0;1833,24;275,0;2309,26;1890,87;20,09;42,94;0,7394
22/10/2004;20.00.00;3,7;1851,48;-200,0;27,0;1519,35;609,0;1476,22;258,0;2328,41;1814,04;19,5;50,03;0,8377
22/10/2004;21.00.00;2,1;1327,66;-200,0;10,7;867,66;213,0;1908,29;113,0;1716,85;1062,41;16,24;54,88;0,7971
22/10/2004;22.00.00;1,7;1221,5;-200,0;11,6;890,9;136,0;1982,95;91,0;1524,38;874,67;13,44;61,25;0,7523
22/10/2004;23.00.00;1,0;1025,07;-200,0;8,0;746,16;143,0;2003,23;88,0;1566,05;808,78;10,23;62,21;0,6513
23/10/2004;00.00.00;1,4;1166,25;-200,0;3,9;585,47;61,0;2146,57;59,0;1347,91;728,7;11,17;63,05;0,665
23/10/2004;01.00.00;0,6;900,22;-200,0;4,1;585,16;53,0;2101,3;38,0;1233,26;612,99;10,51;66,25;0,6725
23/10/2004;02.00.00;2,1;1383,59;-200,0;4,6;647,47;203,0;1921,22;71,0;1410,95;695,32;11,46;69,92;0,6977
23/10/2004;03.00.00;0,9;1067,66;-200,0;6,2;683,88;137,0;1992,07;86,0;1396,28;798,47;10,38;71,66;0,6606
23/10/2004;04.00.00;-200,0;1126,44;-200,0;4,2;601,7;270,0;1898,78;127,0;1751,31;1007,7;12,62;69,06;0,8036
23/10/2004;05.00.00;2,0;-200,0;-200,0;4,4;-200,0;237,0;-200,0;-200,0;-200,0;-200,0;-200,0;-200,0;-200,0
23/10/2004;06.00.00;2,4;1403,64;-200,0;3,8;561,67;-200,0;1761,76;144,0;1700,91;1257,09;12,42;57,55;0,6284
23/10/2004;07.00.00;5,6;2040,0;-200,0;12,9;970,77;370,0;1581,01;175,0;2074,41;1265,29;15,94;64,75;0,9476
23/10/2004;08.00.00;3,9;1857,11;-200,0;37,7;1937,69;508,0;1628,68;124,0;1706,26;1066,02;15,46;57,97;0,8253
23/10/2004;09.00.00;3,5;-200,0;-200,0;8,2;-200,0;768,0;-200,0;-200,0;-200,0;-200,0;-200,0;-200,0;-200,0
23/10/2004;10.00.00;3,0;1587,9;-200,0;12,3;941,63;496,0;1648,97;152,0;1765,57;1225,83;16,16;47,75;0,642
23/10/2004;11.00.00;3,6;1734,34;-200,0;8,7;766,95;190,0;1852,6;-200,0;1963,38;1501,53;17,31;34,72;0,5053
23/10/2004;12.00.00;4,2;1912,86;-200,0;7,5;736,01;243,0;1768,07;56,0;1343,44;686,15;17,91;37,89;0,6219
23/10/2004;13.00.00;-200,0;1163,7;-200,0;11,6;884,9;136,0;2109,56;56,0;1340,49;758,87;19,32;35,82;0,5929
23/10/2004;14.00.00;1,9;1305,31;-200,0;4,7;619,14;141,0;1981,63;-200,0;1539,73;850,22;22,41;38,74;0,742
23/10/2004;15.00.00;-200,0;1147,08;-200,0;3,1;537,74;196,0;1984,65;118,0;1558,99;1090,55;20,63;24,06;0,492
23/10/2004;16.00.00;1,6;1179,37;-200,0;6,0;665,49;-200,0;1996,81;80,0;1392,96;779,33;18,2;35,23;0,5566
23/10/2004;17.00.00;4,4;1994,18;-200,0;8,2;746,45;291,0;1740,15;113,0;1628,13;921,78;23,94;39,39;0,8253
23/10/2004;18.00.00;2,2;1369,15;-200,0;-200,0;701,11;474,0;1717,29;176,0;1850,47;1314,18;20,25;36,37;0,6616
23/10/2004;19.00.00;1,5;1197,98;-200,0;18,7;1222,95;403,0;1739,12;161,0;1788,27;1297,22;15,76;43,78;0,6362
23/10/2004;20.00.00;3,3;1638,55;-200,0;9,1;803,17;521,0;1528,72;217,0;2043,71;1625,5;16,48;44,61;0,5752
23/10/2004;21.00.00;3,1;1604,41;-200,0;9,0;779,06;-200,0;1875,17;-200,0;1520,95;889,63;16,29;48,76;0,666
23/10/2004;22.00.00;1,5;1125,16;-200,0;4,9;648,37;195,0;1958,04;80,0;1578,08;740,01;18,19;55,03;0,8421
23/10/2004;23.00.00;-200,0;1081,51;-200,0;2,9;521,82;98,0;2032,21;32,0;1285,74;490,47;11,36;57,86;0,6146
24/10/2004;00.00.00;1,3;1140,73;-200,0;5,1;636,49;79,0;2043,36;73,0;1497,88;735,54;14,29;68,81;0,8759
24/10/2004;01.00.00;1,1;1061,67;-200,0;3,6;574,86;57,0;2044,62;23,0;1305,79;498,75;14,34;64,58;0,7674
24/10/2004;02.00.00;1,4;1050,41;-200,0;4,5;621,03;86,0;2038,89;36,0;1153,86;607,16;9,78;65,54;0,5325
24/10/2004;03.00.00;1,5;1203,77;-200,0;6,0;691,23;116,0;1965,06;113,0;1676,77;991,34;10,31;79,5;0,8134
24/10/2004;04.00.00;0,7;893,29;-200,0;5,8;642,64;184,0;1954,88;62,0;1300,96;619,21;8,97;74,85;0,6024
24/10/2004;05.00.00;1,5;1092,6;-200,0;6,1;686,72;118,0;2064,52;-200,0;1283,63;721,59;11,13;58,94;0,6083
24/10/2004;06.00.00;0,9;1021,82;-200,0;5,1;627,09;-200,0;1964,15;52,0;1273,01;613,28;12,26;61,57;0,66
24/10/2004;07.00.00;2,1;1375,24;-200,0;6,2;698,41;-200,0;1950,41;92,0;1574,87;932,85;14,69;62,88;0,7989
24/10/2004;08.00.00;2,2;1322,3;-200,0;13,3;964,89;-200,0;1681,75;152,0;1862,5;1193,39;16,76;58,94;0,9227
24/10/2004;09.00.00;3,8;1841,99;-200,0;8,7;781,86;269,0;1771,17;-200,0;1824,47;1249,03;14,37;45,21;0,7096
24/10/2004;10.00.00;-200,0;1368,29;-200,0;13,1;937,94;477,0;1706,25;119,0;1553,9;1050,64;13,23;53,8;0,5369
24/10/2004;11.00.00;2,0;1308,7;-200,0;6,8;711,85;313,0;1844,65;46,0;1341,85;659,63;18,33;47,79;0,7974
24/10/2004;12.00.00;1,4;1102,41;-200,0;7,8;731,4;164,0;1936,33;72,0;1477,74;872,33;19,99;42,34;0,7235
24/10/2004;13.00.00;2,0;-200,0;-200,0;3,9;-200,0;105,0;-200,0;71,0;-200,0;-200,0;-200,0;-200,0;-200,0
24/10/2004;14.00.00;0,7;961,19;-200,0;3,4;562,25;64,0;2092,23;67,0;1367,18;718,15;20,05;37,54;0,6982
24/10/2004;15.00.00;0,9;1103,89;-200,0;9,7;811,25;137,0;2004,47;59,0;1403,44;649,32;21,12;36,91;0,7511
24/10/2004;16.00.00;2,2;1422,74;-200,0;5,4;658,86;147,0;1986,97;44,0;1431,81;561,64;23,73;43,06;0,9371
24/10/2004;17.00.00;1,5;1188,84;-200,0;-200,0;883,17;282,0;1866,85;66,0;1426,04;723,25;20,96;42,58;0,7338
24/10/2004;18.00.00;1,1;1092,18;-200,0;6,4;704,85;153,0;2089,08;178,0;1962,57;1390,71;18,66;35,73;0,6168
24/10/2004;19.00.00;4,3;1991,2;-200,0;11,0;858,52;345,0;1732,08;-200,0;1581,82;926,08;17,37;46,83;0,6984
24/10/2004;20.00.00;3,3;1613,85;-200,0;17,1;1100,69;325,0;1756,31;92,0;1445,09;939,96;16,82;44,68;0,6278
24/10/2004;21.00.00;2,1;1392,07;-200,0;3,9;600,13;118,0;2032,35;72,0;1497,82;735,14;19,14;55,18;0,8828
24/10/2004;22.00.00;1,2;1113,14;-200,0;10,9;851,02;106,0;2009,54;-200,0;1318,54;623,72;14,21;59,7;0,7795
24/10/2004;23.00.00;1,8;-200,0;-200,0;4,0;-200,0;55,0;-200,0;53,0;-200,0;-200,0;-200,0;-200,0;-200,0
25/10/2004;00.00.00;1,9;1227,23;-200,0;3,4;567,96;74,0;2072,58;36,0;1213,23;522,67;11,17;65,04;0,5978
25/10/2004;01.00.00;2,3;1409,93;-200,0;6,1;695,84;-200,0;2117,36;86,0;1576,99;887,85;13,53;69,83;0,8493
25/10/2004;02.00.00;-200,0;1299,32;-200,0;9,3;849,38;-200,0;1968,51;45,0;1439,78;639,66;14,76;68,12;0,8417
25/10/2004;03.00.00;1,7;1264,48;-200,0;5,1;638,06;286,0;1768,4;72,0;1504,01;747,45;11,57;72,49;0,6783
25/10/2004;04.00.00;1,5;1115,3;-200,0;6,0;670,26;170,0;1966,44;-200,0;1629,65;914,34;11,0;74,33;0,7513
25/10/2004;05.00.00;-200,0;1057,16;-200,0;9,7;835,88;158,0;1903,49;127,0;1711,34;1090,79;11,41;68,35;0,6601
25/10/2004;06.00.00;2,8;1514,77;-200,0;13,2;949,43;-200,0;1803,97;114,0;1545,46;1002,19;7,36;66,77;0,4507
25/10/2004;07.00.00;4,0;1898,25;-200,0;14,9;1034,58;-200,0;1398,73;-200,0;1800,63;1141,95;14,66;68,83;0,8249
25/10/2004;08.00.00;3,8;1833,86;-200,0;25,4;1478,07;851,0;1179,49;340,0;2641,14;2316,93;14,64;59,94;0,7003
25/10/2004;09.00.00;5,4;2040,0;-200,0;30,3;1659,86;1077,0;933,51;255,0;2309,12;1855,0;16,52;53,92;0,7256
25/10/2004;10.00.00;3,0;1568,79;-200,0;17,5;1110,96;482,0;1549,45;171,0;1833,47;1376,64;15,54;43,47;0,5094
25/10/2004;11.00.00;3,3;1629,72;-200,0;8,9;775,64;325,0;1715,82;72,0;1448,93;867,13;17,4;47,27;0,6805
25/10/2004;12.00.00;1,5;-200,0;-200,0;9,4;-200,0;182,0;-200,0;112,0;-200,0;-200,0;-200,0;-200,0;-200,0
25/10/2004;13.00.00;1,3;1165,59;-200,0;16,7;1095,78;391,0;1798,05;96,0;1548,01;1016,07;22,04;43,75;0,8698
25/10/2004;14.00.00;1,6;1221,32;-200,0;8,9;806,37;189,0;1980,67;-200,0;1358,74;762,94;19,74;35,76;0,6382
25/10/2004;15.00.00;2,3;1351,15;-200,0;12,1;908,43;166,0;1964,47;-200,0;1318,05;821,3;24,83;25,84;0,6023
25/10/2004;16.00.00;1,3;1068,52;-200,0;7,2;687,58;190,0;1968,24;101,0;1467,71;946,09;21,36;27,03;0,4937
25/10/2004;17.00.00;3,9;1850,09;-200,0;14,2;1005,91;-200,0;1553,04;165,0;1811,39;1338,39;17,45;41,01;0,596
25/10/2004;18.00.00;2,1;1315,72;-200,0;25,3;1440,93;530,0;1624,81;148,0;1706,81;1300,61;18,95;37,34;0,5645
25/10/2004;19.00.00;3,9;1846,71;-200,0;37,8;1934,9;639,0;1541,28;170,0;1811,11;1306,04;16,86;46,1;0,6207
25/10/2004;20.00.00;2,2;1326,01;-200,0;28,5;1557,61;426,0;1750,55;204,0;2008,71;1525,99;12,57;48,83;0,5742
25/10/2004;21.00.00;1,0;987,07;-200,0;7,4;733,07;273,0;1919,23;96,0;1592,41;905,27;18,87;52,08;0,7538
25/10/2004;22.00.00;1,8;1294,71;-200,0;10,2;845,51;149,0;1977,88;69,0;1504,62;812,39;15,78;57,09;0,7632
25/10/2004;23.00.00;1,2;1044,65;-200,0;9,2;806,96;196,0;1933,61;97,0;1535,65;940,96;14,23;57,59;0,6882
26/10/2004;00.00.00;0,7;1000,37;-200,0;3,8;562,53;49,0;2276,73;53,0;1369,14;697,31;12,26;65,82;0,7426
26/10/2004;01.00.00;1,1;1003,84;-200,0;3,8;560,98;150,0;2048,84;85,0;1505,47;850,34;8,37;65,84;0,4861
26/10/2004;02.00.00;1,7;1219,49;-200,0;6,1;668,64;-200,0;1913,21;47,0;1280,92;633,23;9,67;68,69;0,6324
26/10/2004;03.00.00;1,4;1150,25;-200,0;7,5;717,11;-200,0;2058,16;-200,0;1358,5;623,56;12,15;69,55;0,765
26/10/2004;04.00.00;1,7;1181,64;-200,0;6,9;706,3;-200,0;1913,97;68,0;1365,78;717,6;8,53;69,42;0,4986
26/10/2004;05.00.00;1,7;1227,95;-200,0;5,6;660,18;341,0;1877,66;70,0;1368,17;788,28;6,07;73,37;0,4813
26/10/2004;06.00.00;1,9;1350,04;-200,0;19,4;1201,14;212,0;1932,68;70,0;1461,29;775,16;11,47;65,25;0,668
26/10/2004;07.00.00;2,7;1509,56;-200,0;11,6;914,17;490,0;1653,81;189,0;2041,94;1339,14;12,68;67,29;0,7736
26/10/2004;08.00.00;3,5;1758,14;-200,0;18,1;1167,35;410,0;1615,99;272,0;2357,32;1857,41;14,44;65,52;0,8207
26/10/2004;09.00.00;3,4;1710,8;-200,0;23,0;1364,38;618,0;1502,55;178,0;2014,95;1478,26;16,92;57,44;0,855
26/10/2004;10.00.00;2,4;1421,77;-200,0;9,4;769,69;765,0;1378,33;143,0;1792,51;1080,67;18,03;51,18;0,7335
26/10/2004;11.00.00;-200,0;1326,96;-200,0;6,4;687,02;623,0;1538,69;132,0;1711,37;975,56;18,48;45,8;0,6443
26/10/2004;12.00.00;1,7;1207,81;-200,0;8,1;756,78;273,0;1860,34;107,0;1655,65;1011,03;21,39;44,77;0,843
26/10/2004;13.00.00;1,3;1103,03;-200,0;11,8;893,35;-200,0;2021,14;134,0;1660,72;1104,01;16,76;38,03;0,4806
26/10/2004;14.00.00;2,3;-200,0;-200,0;8,5;-200,0;174,0;-200,0;127,0;-200,0;-200,0;-200,0;-200,0;-200,0
26/10/2004;15.00.00;2,7;1555,04;-200,0;3,5;560,06;88,0;1966,85;69,0;1474,37;780,57;21,72;38,24;0,7768
26/10/2004;16.00.00;2,0;1280,01;-200,0;15,0;1020,83;199,0;1888,25;97,0;1451,88;846,27;17,82;33,98;0,5255
26/10/2004;17.00.00;2,8;-200,0;-200,0;17,5;-200,0;-200,0;-200,0;104,0;-200,0;-200,0;-200,0;-200,0;-200,0
26/10/2004;18.00.00;3,0;1585,34;-200,0;20,2;1249,37;290,0;1811,77;-200,0;2554,27;2119,87;17,51;40,9;0,5749
26/10/2004;19.00.00;6,2;2040,0;-200,0;22,9;1344,87;544,0;1453,53;257,0;2257,38;1823,95;16,64;43,64;0,6488
26/10/2004;20.00.00;6,7;2040,0;-200,0;23,2;1354,64;348,0;1558,7;271,0;2345,22;1927,68;18,27;46,13;0,7302
26/10/2004;21.00.00;2,3;1289,77;-200,0;27,4;1509,06;632,0;1450,26;112,0;1604,46;1028,13;14,24;54,0;0,5998
26/10/2004;22.00.00;1,3;1062,98;-200,0;9,2;838,17;188,0;1966,31;103,0;1535,35;869,32;12,46;62,81;0,5911
26/10/2004;23.00.00;-200,0;1194,2;-200,0;5,4;671,26;-200,0;2026,92;-200,0;1435,57;747,1;11,74;66,61;0,7924
27/10/2004;00.00.00;1,3;-200,0;-200,0;3,0;-200,0;119,0;-200,0;82,0;-200,0;-200,0;-200,0;-200,0;-200,0
27/10/2004;01.00.00;1,1;1121,19;-200,0;5,7;645,68;171,0;1971,55;40,0;1348,31;608,54;10,96;72,01;0,745
27/10/2004;02.00.00;1,7;1241,58;-200,0;8,3;748,55;232,0;1960,94;-200,0;1501,76;729,8;10,08;77,17;0,8039
27/10/2004;03.00.00;2,3;1371,6;-200,0;6,7;726,88;174,0;1909,31;112,0;1616,43;978,09;10,04;70,67;0,6731
27/10/2004;04.00.00;-200,0;1161,56;-200,0;6,4;717,44;157,0;1970,35;65,0;1381,31;770,16;13,02;65,23;0,7103
27/10/2004;05.00.00;4,8;2040,0;-200,0;11,0;874,35;-200,0;1894,35;117,0;1605,98;1096,45;9,43;75,51;0,613
27/10/2004;06.00.00;1,4;-200,0;-200,0;7,7;-200,0;612,0;-200,0;148,0;-200,0;-200,0;-200,0;-200,0;-200,0
27/10/2004;07.00.00;2,5;1444,49;-200,0;22,5;1328,41;621,0;1530,45;223,0;2138,36;1681,33;13,18;58,97;0,695
27/10/2004;08.00.00;4,8;2040,0;-200,0;18,7;1165,98;240,0;1820,17;269,0;2330,68;1915,36;13,65;49,1;0,6519
27/10/2004;09.00.00;9,7;2040,0;-200,0;-200,0;874,7;553,0;1355,52;296,0;2610,94;1949,34;20,27;56,28;0,9678
27/10/2004;10.00.00;2,8;1476,1;-200,0;13,9;977,14;535,0;1631,46;209,0;1961,12;1552,82;14,45;40,65;0,476
27/10/2004;11.00.00;1,7;1230,99;-200,0;11,4;899,72;-200,0;1626,57;189,0;1951,04;1398,47;17,06;40,67;0,6251
27/10/2004;12.00.00;2,5;1439,59;-200,0;11,8;915,19;155,0;2039,53;85,0;1424,96;795,41;16,33;43,63;0,5721
27/10/2004;13.00.00;1,8;1296,42;-200,0;10,2;828,81;262,0;1908,13;108,0;1596,29;956,05;21,5;41,44;0,795
27/10/2004;14.00.00;2,3;1450,65;-200,0;4,9;630,28;168,0;1956,36;131,0;1678,42;1011,62;23,47;32,78;0,6942
27/10/2004;15.00.00;1,7;1266,81;-200,0;8,0;751,83;-200,0;2012,3;67,0;1448,48;736,71;23,6;34,75;0,7188
27/10/2004;16.00.00;1,5;1169,03;-200,0;7,2;740,8;-200,0;1732,62;79,0;1431,48;778,33;22,54;31,67;0,6333
27/10/2004;17.00.00;-200,0;2040,0;-200,0;11,3;895,68;231,0;1654,96;170,0;1802,38;1293,95;19,2;35,09;0,6666
27/10/2004;18.00.00;1,4;1157,75;-200,0;12,9;949,2;777,0;1384,84;-200,0;2553,27;2133,61;18,07;42,02;0,6781
27/10/2004;19.00.00;8,1;2040,0;-200,0;21,2;1277,75;305,0;1637,0;227,0;2065,53;1630,84;14,42;41,91;0,5732
27/10/2004;20.00.00;5,1;2040,0;-200,0;59,3;2214,0;401,0;1581,39;204,0;2075,43;1555,4;20,63;47,54;0,8062
27/10/2004;21.00.00;1,9;1234,4;-200,0;23,1;1342,5;380,0;1827,21;142,0;1766,39;1049,69;16,2;46,1;0,6903
27/10/2004;22.00.00;3,0;1545,64;-200,0;4,5;607,01;-200,0;1874,24;64,0;1508,72;807,23;12,99;63,74;0,7539
27/10/2004;23.00.00;0,8;1025,11;-200,0;5,0;645,49;-200,0;2095,21;112,0;1609,46;1062,3;15,42;64,97;0,7793
28/10/2004;00.00.00;1,7;1242,51;-200,0;4,2;615,61;159,0;2027,35;40,0;1342,92;617,0;9,58;70,36;0,6706
28/10/2004;01.00.00;0,6;962,49;-200,0;5,7;675,82;111,0;2039,82;-200,0;1430,04;690,18;11,55;75,71;0,7583
28/10/2004;02.00.00;1,0;1004,47;-200,0;8,8;754,61;265,0;1987,89;-200,0;1416,65;805,01;9,89;66,93;0,547
28/10/2004;03.00.00;1,1;1129,66;-200,0;6,7;708,56;200,0;2051,81;39,0;1317,5;491,91;11,34;69,88;0,7208
28/10/2004;04.00.00;1,4;1187,94;-200,0;6,0;680,42;268,0;1915,95;-200,0;1379,59;779,55;10,11;61,58;0,6093
28/10/2004;05.00.00;2,0;1311,57;-200,0;13,9;1015,6;265,0;1768,02;65,0;1424,72;707,44;7,83;84,96;0,7022
28/10/2004;06.00.00;1,8;1253,02;-200,0;7,0;694,1;361,0;1747,53;156,0;1751,87;1157,66;11,68;65,65;0,68
28/10/2004;07.00.00;1,6;1224,47;-200,0;-200,0;1157,98;290,0;1789,9;104,0;1625,69;1016,89;14,66;67,87;0,8355
28/10/2004;08.00.00;-200,0;2040,0;-200,0;12,6;964,13;412,0;1594,68;328,0;2618,57;2204,31;13,71;52,14;0,7409
28/10/2004;09.00.00;4,5;2009,67;-200,0;15,1;1024,33;490,0;1525,56;167,0;1845,79;1275,19;16,61;58,65;0,7698
28/10/2004;10.00.00;3,9;1846,97;-200,0;22,0;1329,45;560,0;1531,19;249,0;2262,98;1759,76;14,27;58,3;0,7581
28/10/2004;11.00.00;2,6;1411,64;-200,0;9,0;769,46;241,0;1809,49;-200,0;1436,48;778,09;17,51;44,37;0,6624
28/10/2004;12.00.00;2,9;1465,88;-200,0;4,7;612,39;218,0;1768,72;123,0;1588,95;1059,64;17,35;35,89;0,4874
28/10/2004;13.00.00;1,9;1276,55;-200,0;6,6;682,13;-200,0;1965,56;131,0;1712,56;1106,17;20,89;37,39;0,6779
28/10/2004;14.00.00;2,6;1452,85;-200,0;5,8;660,87;362,0;1800,84;107,0;1499,14;969,59;19,96;25,15;0,3638
28/10/2004;15.00.00;-200,0;1091,55;-200,0;4,7;620,95;246,0;1809,44;58,0;1363,34;572,1;21,44;35,48;0,637
28/10/2004;16.00.00;1,5;1259,0;-200,0;11,0;873,27;123,0;1997,54;143,0;1751,85;1169,03;22,07;40,39;0,7846
28/10/2004;17.00.00;4,4;1970,74;-200,0;7,3;729,6;372,0;1651,28;172,0;1824,6;1253,64;20,78;37,9;0,6077
28/10/2004;18.00.00;6,1;2040,0;-200,0;15,2;1027,0;-200,0;1493,18;98,0;1492,74;963,37;19,14;39,52;0,6747
28/10/2004;19.00.00;5,3;2040,0;-200,0;22,8;1342,0;545,0;1528,89;246,0;2185,14;1747,96;15,57;47,31;0,5794
28/10/2004;20.00.00;2,7;1502,12;-200,0;15,9;1078,83;495,0;1628,94;340,0;2604,25;2361,22;16,35;52,03;0,6512
28/10/2004;21.00.00;1,7;1139,8;-200,0;9,8;811,96;482,0;1592,25;181,0;1838,28;1338,62;14,0;45,37;0,4929
28/10/2004;22.00.00;2,5;1434,01;-200,0;5,0;642,21;114,0;2025,02;64,0;1430,41;639,95;13,08;58,77;0,7784
28/10/2004;23.00.00;-200,0;1294,36;-200,0;3,1;553,16;119,0;2015,8;66,0;1356,68;677,91;11,81;74,85;0,6893
29/10/2004;00.00.00;1,2;1017,71;-200,0;3,7;598,87;119,0;2042,1;-200,0;1281,55;621,87;9,37;59,97;0,563
29/10/2004;01.00.00;3,0;1553,76;-200,0;7,0;724,08;114,0;1999,85;85,0;1436,34;779,11;6,62;69,08;0,4845
29/10/2004;02.00.00;1,7;1239,99;-200,0;5,3;643,56;113,0;1935,97;54,0;1321,9;538,77;8,7;81,02;0,6829
29/10/2004;03.00.00;1,1;1033,46;-200,0;-200,0;737,32;126,0;2035,04;117,0;1659,17;1039,34;10,25;77,44;0,7693
29/10/2004;04.00.00;1,6;1214,58;-200,0;12,1;897,71;166,0;2000,18;119,0;1621,87;1133,0;7,34;68,74;0,5721
29/10/2004;05.00.00;2,0;1338,29;-200,0;11,3;917,36;312,0;1797,81;123,0;1617,91;1118,41;10,56;70,54;0,6527
29/10/2004;06.00.00;2,5;1426,92;-200,0;6,9;728,23;254,0;1839,43;242,0;2241,06;1676,43;15,13;66,64;0,7929
29/10/2004;07.00.00;-200,0;2040,0;-200,0;19,4;1227,62;426,0;1567,88;249,0;2279,33;1727,4;14,41;59,18;0,7628
29/10/2004;08.00.00;3,2;1660,11;-200,0;33,1;1788,73;379,0;1753,6;338,0;2747,49;2272,79;16,86;58,21;0,8623
29/10/2004;09.00.00;2,8;1544,77;-200,0;17,9;1149,94;507,0;1557,76;340,0;2645,11;2312,89;15,65;52,52;0,6859
29/10/2004;10.00.00;4,2;1936,84;-200,0;9,1;801,88;500,0;1548,1;231,0;2172,85;1609,01;18,49;49,83;0,8098
29/10/2004;11.00.00;2,1;1290,61;-200,0;9,9;846,95;154,0;1948,14;151,0;1732,3;1190,96;15,92;41,18;0,5357
29/10/2004;12.00.00;4,9;2040,0;-200,0;10,4;829,69;385,0;1701,26;87,0;1380,71;958,63;17,11;34,81;0,4655
29/10/2004;13.00.00;2,7;1502,39;-200,0;10,9;856,4;172,0;1933,68;-200,0;1353,56;811,56;13,71;38,13;0,4519
29/10/2004;14.00.00;1,5;1186,52;-200,0;-200,0;712,29;420,0;1739,79;103,0;1625,97;999,59;22,06;45,11;0,9047
29/10/2004;15.00.00;2,7;1487,04;-200,0;3,6;563,79;229,0;1781,37;105,0;1578,81;950,15;22,94;36,33;0,7598
29/10/2004;16.00.00;-200,0;1490,12;-200,0;5,5;661,32;105,0;1936,1;100,0;1535,73;910,81;18,59;34,88;0,5799
29/10/2004;17.00.00;-200,0;1709,86;-200,0;15,0;1041,26;-200,0;1722,43;124,0;1654,52;1062,22;18,69;42,1;0,6353
29/10/2004;18.00.00;3,7;1740,97;-200,0;40,6;2047,09;457,0;1610,29;200,0;1982,82;1459,31;16,89;40,4;0,6597
29/10/2004;19.00.00;-200,0;2040,0;-200,0;21,6;1323,14;681,0;1379,56;235,0;2193,91;1707,39;18,13;54,26;0,8224
29/10/2004;20.00.00;-200,0;1224,51;-200,0;30,0;1619,27;-200,0;1233,37;-200,0;2177,84;1636,45;18,41;49,24;0,7686
29/10/2004;21.00.00;3,9;1773,49;-200,0;7,7;727,99;406,0;1712,52;119,0;1588,91;963,71;11,38;57,42;0,5224
29/10/2004;22.00.00;0,5;862,19;-200,0;5,2;663,61;146,0;1991,29;109,0;1675,31;1016,52;14,39;54,81;0,667
29/10/2004;23.00.00;1,1;1046,7;-200,0;2,0;514,01;61,0;2178,6;54,0;1331,69;655,67;11,81;65,44;0,7155
30/10/2004;00.00.00;0,6;918,92;-200,0;4,9;611,0;132,0;2064,17;-200,0;1256,56;566,58;11,36;68,27;0,7367
30/10/2004;01.00.00;1,0;1073,46;-200,0;3,4;579,43;132,0;2052,95;-200,0;1408,29;726,75;11,25;69,48;0,7844
30/10/2004;02.00.00;1,3;1134,5;-200,0;6,8;700,13;203,0;1873,04;43,0;1283,04;528,18;9,46;69,05;0,6527
30/10/2004;03.00.00;1,0;-200,0;-200,0;5,0;-200,0;136,0;-200,0;-200,0;-200,0;-200,0;-200,0;-200,0;-200,0
30/10/2004;04.00.00;0,6;906,94;-200,0;14,6;1030,43;-200,0;1961,94;94,0;1465,44;927,5;9,41;72,97;0,6377
30/10/2004;05.00.00;-200,0;1268,12;-200,0;15,0;1035,96;170,0;1969,85;85,0;1522,65;859,43;12,27;72,9;0,757
30/10/2004;06.00.00;4,3;1923,59;-200,0;3,9;558,0;-200,0;1876,31;164,0;1853,02;1232,74;11,97;66,26;0,7529
30/10/2004;07.00.00;-200,0;1461,41;-200,0;-200,0;1116,07;189,0;1939,12;138,0;1727,06;1254,15;12,61;64,61;0,7622
30/10/2004;08.00.00;5,1;2040,0;-200,0;13,6;953,25;562,0;1472,44;196,0;1893,01;1488,74;10,83;58,64;0,5266
30/10/2004;09.00.00;6,2;2040,0;-200,0;23,1;1366,01;580,0;1420,04;159,0;1764,09;1221,8;13,91;54,66;0,6915
30/10/2004;10.00.00;1,5;1133,18;-200,0;8,2;778,4;295,0;1827,78;111,0;1684,14;947,36;17,76;48,51;0,7666
30/10/2004;11.00.00;1,8;1218,07;-200,0;16,9;1121,44;325,0;1748,91;116,0;1593,1;932,05;17,24;45,26;0,6084
30/10/2004;12.00.00;1,2;-200,0;-200,0;12,0;-200,0;-200,0;-200,0;128,0;-200,0;-200,0;-200,0;-200,0;-200,0
30/10/2004;13.00.00;1,3;1063,56;-200,0;4,3;605,23;328,0;1842,73;63,0;1470,26;805,71;22,53;40,14;0,7505
30/10/2004;14.00.00;2,9;1542,94;-200,0;6,4;684,28;108,0;2040,64;71,0;1383,02;682,55;21,57;40,01;0,636
30/10/2004;15.00.00;1,7;1202,8;-200,0;7,0;718,59;-200,0;1892,13;69,0;1360,94;761,56;19,85;38,36;0,649
30/10/2004;16.00.00;2,3;1372,77;-200,0;9,9;838,03;329,0;1739,0;-200,0;1568,15;949,09;18,47;35,47;0,573
30/10/2004;17.00.00;2,3;1379,48;-200,0;10,8;842,69;244,0;1908,65;105,0;1466,53;963,1;13,89;45,05;0,5337
30/10/2004;18.00.00;-200,0;1359,39;-200,0;20,9;1285,51;751,0;1373,51;217,0;2029,41;1603,28;17,86;39,99;0,7523
30/10/2004;19.00.00;4,5;1999,74;-200,0;17,2;1095,66;355,0;1611,87;244,0;2248,26;1734,14;16,51;50,44;0,7275
30/10/2004;20.00.00;4,7;2040,0;-200,0;-200,0;1150,36;411,0;1594,08;132,0;1712,88;1042,59;16,74;47,84;0,6886
30/10/2004;21.00.00;2,3;1389,78;-200,0;5,7;633,76;119,0;1946,62;97,0;1503,43;851,93;14,36;49,37;0,6299
30/10/2004;22.00.00;-200,0;1208,24;-200,0;5,7;668,31;62,0;2006,35;67,0;1345,26;709,09;12,73;60,66;0,6541
30/10/2004;23.00.00;0,7;922,86;-200,0;6,8;706,82;49,0;2142,75;44,0;1261,38;609,46;8,61;57,65;0,5419
31/10/2004;00.00.00;1,3;1081,96;-200,0;6,3;686,73;135,0;2045,23;32,0;1211,4;607,26;9,05;69,82;0,6355
31/10/2004;01.00.00;1,7;1225,69;-200,0;4,3;597,05;61,0;2058,59;-200,0;1464,7;879,37;11,09;64,03;0,6601
31/10/2004;02.00.00;-200,0;1121,96;-200,0;4,3;616,93;70,0;2163,14;-200,0;1297,59;511,62;13,07;70,21;0,7681
31/10/2004;03.00.00;0,7;921,47;-200,0;8,2;744,46;-200,0;2038,51;60,0;1266,62;676,07;9,27;65,26;0,507
31/10/2004;04.00.00;2,3;1458,88;-200,0;5,1;640,84;90,0;2049,51;94,0;1530,26;885,72;10,29;85,92;0,7972
31/10/2004;05.00.00;1,0;1004,53;-200,0;9,1;785,89;231,0;1870,4;52,0;1352,19;666,34;12,04;61,74;0,6735
31/10/2004;06.00.00;1,9;1245,14;-200,0;6,8;711,29;381,0;1711,35;80,0;1438,08;898,8;9,31;67,19;0,5818
31/10/2004;07.00.00;-200,0;1683,5;-200,0;9,9;827,92;99,0;2034,74;145,0;1820,01;1097,46;12,7;69,13;0,7839
31/10/2004;08.00.00;3,9;1788,97;-200,0;8,5;777,16;426,0;1690,71;54,0;1338,12;698,06;11,69;64,26;0,6598
31/10/2004;09.00.00;1,4;1122,6;-200,0;8,0;764,55;145,0;1994,91;-200,0;1845,29;1197,62;16,2;58,67;0,8301
31/10/2004;10.00.00;2,3;1410,51;-200,0;14,4;1032,06;145,0;1999,18;67,0;1503,05;701,53;16,06;48,17;0,6097
31/10/2004;11.00.00;1,7;1317,8;-200,0;14,2;1007,57;222,0;1934,19;113,0;1729,73;1062,59;17,56;52,17;0,7901
31/10/2004;12.00.00;2,5;1482,88;-200,0;6,5;709,94;101,0;2030,77;55,0;1333,91;614,53;16,44;46,26;0,6147
31/10/2004;13.00.00;1,6;1213,97;-200,0;5,4;659,68;151,0;1945,62;116,0;1631,05;923,1;20,21;39,89;0,6209
31/10/2004;14.00.00;-200,0;1372,69;-200,0;7,9;740,98;126,0;2107,96;45,0;1353,25;602,66;23,47;38,23;0,7988
31/10/2004;15.00.00;1,6;1169,65;-200,0;5,9;659,28;60,0;2226,95;69,0;1290,82;778,61;17,45;34,9;0,5954
31/10/2004;16.00.00;1,4;1118,39;-200,0;2,4;512,8;183,0;1943,02;50,0;1288,1;536,56;18,62;32,48;0,4444
31/10/2004;17.00.00;2,0;1341,41;-200,0;11,8;916,97;230,0;1897,84;-200,0;1487,18;747,62;19,26;45,01;0,7506
31/10/2004;18.00.00;4,1;1938,87;-200,0;6,7;723,6;298,0;1789,07;124,0;1688,9;1098,99;19,57;48,25;0,853
31/10/2004;19.00.00;1,7;1152,61;-200,0;12,6;946,6;-200,0;1932,48;-200,0;1778,04;1143,09;15,85;41,0;0,6682
31/10/2004;20.00.00;3,2;1563,49;-200,0;9,1;773,49;330,0;1736,47;203,0;2004,94;1501,7;10,09;48,99;0,4383
31/10/2004;21.00.00;-200,0;1147,21;-200,0;5,7;663,87;103,0;2081,3;128,0;1735,44;1095,34;17,18;53,7;0,7538
31/10/2004;22.00.00;0,9;954,07;-200,0;4,8;618,4;68,0;2092,53;42,0;1287,85;518,05;14,69;58,91;0,6828
31/10/2004;23.00.00;1,5;1085,78;-200,0;5,3;646,26;88,0;2006,43;44,0;1311,18;574,25;8,48;63,74;0,6004
01/11/2004;00.00.00;0,9;1023,37;-200,0;4,8;600,15;165,0;1993,86;38,0;1259,97;565,37;9,52;72,13;0,6137
01/11/2004;01.00.00;-200,0;1199,65;-200,0;9,4;810,7;104,0;2053,7;40,0;1259,95;543,24;13,08;66,52;0,739
01/11/2004;02.00.00;1,3;1152,86;-200,0;11,2;855,09;182,0;1995,78;57,0;1307,16;667,47;12,34;67,82;0,6453
01/11/2004;03.00.00;0,7;1012,33;-200,0;12,7;934,6;191,0;1953,14;137,0;1776,56;1177,11;11,15;78,85;0,8405
01/11/2004;04.00.00;2,1;1328,45;-200,0;7,8;771,8;239,0;1875,31;-200,0;1354,51;550,11;9,09;69,74;0,676
01/11/2004;05.00.00;2,1;1342,76;-200,0;7,6;760,56;173,0;1989,02;122,0;1671,12;1043,01;10,11;63,94;0,6469
01/11/2004;06.00.00;1,2;1053,0;-200,0;11,2;867,13;281,0;1910,18;146,0;1689,72;1124,53;10,47;64,97;0,5485
01/11/2004;07.00.00;2,6;1452,05;-200,0;25,4;1463,78;444,0;1672,15;144,0;1840,01;1178,44;14,03;62,01;0,7792
01/11/2004;08.00.00;2,4;1447,27;-200,0;33,8;1789,26;1172,0;987,84;304,0;2493,67;2076,26;11,22;67,1;0,5972
01/11/2004;09.00.00;5,8;2040,0;-200,0;8,5;791,66;395,0;1646,74;305,0;2463,38;2049,51;12,66;59,29;0,6609
01/11/2004;10.00.00;5,6;2040,0;-200,0;19,0;1205,96;255,0;1786,76;184,0;1951,7;1396,04;17,58;55,74;0,8452
01/11/2004;11.00.00;3,4;1713,67;-200,0;4,8;614,02;1108,0;992,15;126,0;1719,4;1066,13;16,68;49,76;0,7216
01/11/2004;12.00.00;3,0;1632,49;-200,0;9,7;818,42;287,0;1676,04;100,0;1711,35;952,83;20,56;46,67;0,86
01/11/2004;13.00.00;1,6;1205,86;-200,0;7,2;720,43;282,0;1791,47;75,0;1355,28;699,01;17,26;35,63;0,523
01/11/2004;14.00.00;2,2;1335,81;-200,0;5,9;632,47;-200,0;1793,04;95,0;1518,14;869,05;18,99;36,28;0,4926
01/11/2004;15.00.00;1,8;1209,73;-200,0;10,7;828,84;268,0;1869,13;74,0;1333,92;740,08;17,42;31,71;0,4973
01/11/2004;16.00.00;2,1;1346,04;-200,0;7,1;725,66;337,0;1821,09;106,0;1542,06;862,12;19,11;36,22;0,599
01/11/2004;17.00.00;-200,0;1858,66;-200,0;13,2;995,0;-200,0;1610,93;121,0;1627,73;991,36;15,64;42,49;0,5212
01/11/2004;18.00.00;5,9;-200,0;-200,0;13,5;-200,0;851,0;-200,0;-200,0;-200,0;-200,0;-200,0;-200,0;-200,0
01/11/2004;19.00.00;3,8;1829,47;-200,0;22,7;1342,02;-200,0;1397,18;-200,0;1977,55;1502,6;13,9;52,22;0,7027
01/11/2004;20.00.00;2,3;1377,63;-200,0;26,6;1496,26;792,0;1351,11;304,0;2512,16;2102,37;16,95;44,3;0,7004
01/11/2004;21.00.00;2,3;1414,48;-200,0;8,3;776,87;-200,0;1457,82;83,0;1482,73;844,47;15,7;57,16;0,8
01/11/2004;22.00.00;1,5;1094,95;-200,0;8,6;752,08;177,0;1951,71;-200,0;1639,82;1055,47;9,52;53,08;0,4497
01/11/2004;23.00.00;1,4;1100,49;-200,0;-200,0;632,88;135,0;2131,59;72,0;1455,41;782,19;14,44;64,13;0,6684
02/11/2004;00.00.00;1,6;1247,02;-200,0;4,9;656,64;84,0;2068,94;33,0;1451,35;487,81;15,53;71,34;0,9827
02/11/2004;01.00.00;0,7;942,88;-200,0;4,8;616,7;119,0;2010,54;52,0;1296,49;680,98;9,84;69,42;0,6637
02/11/2004;02.00.00;-200,0;1096,42;-200,0;8,4;767,72;175,0;1986,58;-200,0;1225,49;569,66;7,96;75,05;0,6001
02/11/2004;03.00.00;-200,0;1077,89;-200,0;9,2;830,34;149,0;1991,66;99,0;1656,14;845,54;14,72;68,11;0,9146
02/11/2004;04.00.00;2,8;1516,42;-200,0;7,6;731,29;209,0;1876,1;135,0;1628,73;1116,73;6,61;63,98;0,5255
02/11/2004;05.00.00;1,9;1291,94;-200,0;9,8;805,04;269,0;1829,79;-200,0;1536,86;935,94;9,78;73,28;0,6878
02/11/2004;06.00.00;-200,0;1299,96;-200,0;15,2;1010,17;569,0;1540,12;187,0;1973,18;1441,26;10,9;76,36;0,7609
02/11/2004;07.00.00;4,1;1890,55;-200,0;20,5;1237,71;315,0;1649,65;194,0;2003,16;1496,19;14,26;58,93;0,7247
02/11/2004;08.00.00;3,7;1819,58;-200,0;20,2;1264,36;749,0;1331,51;-200,0;2706,01;2104,63;13,5;65,68;0,8019
02/11/2004;09.00.00;4,5;1993,41;-200,0;35,5;1843,64;490,0;1556,26;274,0;2304,53;2100,18;13,08;55,12;0,585
02/11/2004;10.00.00;6,5;2040,0;-200,0;23,6;1375,5;638,0;1306,82;188,0;1875,23;1366,06;13,47;43,57;0,5296
02/11/2004;11.00.00;4,7;2040,0;-200,0;26,7;1511,11;450,0;1623,23;170,0;1850,67;1372,2;15,89;40,25;0,4985
02/11/2004;12.00.00;1,9;1266,61;-200,0;5,4;628,66;512,0;1637,75;104,0;1535,97;908,93;15,6;42,26;0,6284
02/11/2004;13.00.00;1,8;1202,05;-200,0;-200,0;932,81;188,0;1949,37;157,0;1760,64;1255,34;18,5;37,3;0,6165
02/11/2004;14.00.00;1,5;1096,82;-200,0;12,6;922,91;217,0;1946,11;82,0;1356,82;795,38;17,78;30,96;0,4346
02/11/2004;15.00.00;0,9;957,58;-200,0;11,4;885,25;273,0;1902,94;-200,0;1471,88;1023,54;16,09;28,44;0,3933
02/11/2004;16.00.00;2,9;1555,79;-200,0;8,3;748,57;306,0;1796,42;81,0;1406,55;739,26;21,41;33,29;0,5818
02/11/2004;17.00.00;6,5;2040,0;-200,0;7,9;736,93;125,0;1758,17;-200,0;1524,76;907,6;17,41;40,29;0,6724
02/11/2004;18.00.00;3,3;1646,07;-200,0;34,8;1823,65;399,0;1737,86;239,0;2177,0;1637,26;15,07;42,15;0,6238
02/11/2004;19.00.00;3,3;1657,76;-200,0;18,5;1162,25;781,0;1264,43;-200,0;1674,73;1143,69;16,24;43,4;0,6344
02/11/2004;20.00.00;3,4;1745,64;-200,0;16,6;1101,54;465,0;1663,96;340,0;2650,83;2183,78;15,5;51,26;0,7553
02/11/2004;21.00.00;2,6;1491,62;-200,0;25,6;1421,98;433,0;1702,2;116,0;1662,15;1072,36;10,58;60,11;0,5934
02/11/2004;22.00.00;-200,0;1048,58;-200,0;4,2;583,21;253,0;1892,51;74,0;1477,75;782,47;13,44;61,54;0,7551
02/11/2004;23.00.00;-200,0;1023,91;-200,0;6,7;693,3;101,0;2078,8;-200,0;1212,13;670,3;9,48;63,3;0,6365
03/11/2004;00.00.00;1,7;1285,64;-200,0;3,6;570,58;138,0;1985,71;58,0;1417,41;660,51;13,77;72,52;0,8616
03/11/2004;01.00.00;1,4;1070,0;-200,0;4,1;641,9;235,0;1964,29;70,0;1428,99;728,53;10,6;65,94;0,6468
03/11/2004;02.00.00;2,3;1400,98;-200,0;6,7;704,05;232,0;1854,04;54,0;1334,11;656,28;8,25;71,41;0,6466
03/11/2004;03.00.00;1,9;1267,04;-200,0;9,3;805,38;128,0;2002,79;36,0;1232,77;505,72;7,39;72,15;0,6056
03/11/2004;04.00.00;1,2;1062,88;-200,0;11,6;873,46;-200,0;1939,04;63,0;1357,51;851,01;8,84;66,35;0,5411
03/11/2004;05.00.00;1,7;1213,69;-200,0;13,8;969,78;237,0;1865,55;87,0;1416,51;818,12;10,78;68,64;0,5678
03/11/2004;06.00.00;2,7;1516,3;-200,0;8,8;770,41;204,0;1894,63;139,0;1675,92;1112,87;10,29;57,5;0,5415
03/11/2004;07.00.00;2,3;1354,8;-200,0;10,8;882,12;713,0;1493,1;195,0;1955,21;1461,99;10,95;73,71;0,6302
03/11/2004;08.00.00;2,9;1524,52;-200,0;20,0;1206,14;-200,0;1648,25;317,0;2491,48;2113,65;12,7;55,12;0,5639
03/11/2004;09.00.00;-200,0;1608,46;-200,0;26,1;1471,77;608,0;1496,49;148,0;1747,96;1231,57;12,67;63,08;0,657
03/11/2004;10.00.00;4,2;1853,3;-200,0;15,8;1067,99;729,0;1336,06;141,0;1692,57;1065,2;14,49;50,68;0,6012
03/11/2004;11.00.00;-200,0;1343,05;-200,0;3,0;514,62;262,0;1789,31;115,0;1594,32;989,29;12,21;48,97;0,5696
03/11/2004;12.00.00;3,2;1742,18;-200,0;4,9;607,48;221,0;1822,29;178,0;1888,19;1293,72;19,36;39,98;0,7173
03/11/2004;13.00.00;1,4;1161,48;-200,0;8,1;737,06;261,0;1860,12;-200,0;2147,26;1688,09;18,81;40,6;0,6794
03/11/2004;14.00.00;-200,0;951,99;-200,0;11,3;879,48;172,0;2012,46;59,0;1413,82;774,47;17,16;41,02;0,6307
03/11/2004;15.00.00;1,7;1192,64;-200,0;5,6;657,85;372,0;1822,35;124,0;1763,35;1140,44;22,68;40,47;0,8495
03/11/2004;16.00.00;3,6;1651,46;-200,0;12,0;923,22;159,0;1898,88;105,0;1552,47;926,5;18,88;41,64;0,5488
03/11/2004;17.00.00;-200,0;1557,68;-200,0;7,6;696,03;136,0;1966,61;177,0;1831,08;1212,37;16,14;37,72;0,5185
03/11/2004;18.00.00;2,4;1371,98;-200,0;21,5;1280,56;762,0;1380,59;140,0;1691,14;1179,31;19,13;40,02;0,5671
03/11/2004;19.00.00;2,5;1441,91;-200,0;24,7;1432,89;532,0;1601,13;-200,0;2559,82;2250,68;17,18;38,18;0,5835
03/11/2004;20.00.00;5,7;2040,0;-200,0;22,2;1296,79;-200,0;1627,2;100,0;1540,46;900,23;15,96;53,11;0,617
03/11/2004;21.00.00;1,9;1260,15;-200,0;8,0;751,88;363,0;1797,56;85,0;1500,03;848,07;13,03;60,56;0,6787
03/11/2004;22.00.00;-200,0;1516,04;-200,0;3,8;602,38;196,0;1873,73;-200,0;1517,08;752,0;13,49;67,89;0,8205
03/11/2004;23.00.00;1,6;1202,99;-200,0;6,5;711,45;81,0;2100,39;-200,0;1267,45;655,67;10,86;65,68;0,5953
04/11/2004;00.00.00;0,9;1065,0;-200,0;2,7;524,36;177,0;1945,94;56,0;1365,74;636,11;11,26;64,29;0,7021
04/11/2004;01.00.00;2,0;1319,73;-200,0;4,1;593,59;-200,0;1873,13;50,0;1342,83;605,19;5,55;62,5;0,4656
04/11/2004;02.00.00;1,1;1105,3;-200,0;10,7;863,37;348,0;1834,85;64,0;1386,96;690,75;7,99;77,99;0,6632
04/11/2004;03.00.00;1,0;958,54;-200,0;7,7;727,9;146,0;2017,9;76,0;1437,03;750,92;12,13;64,41;0,7267
04/11/2004;04.00.00;1,3;1123,72;-200,0;9,3;781,09;217,0;1925,37;84,0;1445,67;866,22;7,32;71,08;0,5444
04/11/2004;05.00.00;2,6;1525,53;-200,0;11,6;876,2;-200,0;1830,14;-200,0;1555,1;923,9;8,15;69,86;0,5906
04/11/2004;06.00.00;-200,0;1780,06;-200,0;14,4;1062,48;264,0;1832,47;170,0;1803,97;1242,9;9,25;67,77;0,6077
04/11/2004;07.00.00;3,0;1563,19;-200,0;-200,0;1112,46;-200,0;1528,51;145,0;1722,62;1207,23;8,76;64,57;0,5597
04/11/2004;08.00.00;2,4;1337,31;-200,0;16,2;1073,68;775,0;1324,36;340,0;2581,08;2274,82;7,98;60,74;0,4677
04/11/2004;09.00.00;2,6;1429,17;-200,0;63,7;2214,0;779,0;1377,47;256,0;2120,64;1980,08;13,23;43,32;0,4358
04/11/2004;10.00.00;2,4;1470,5;-200,0;15,3;1054,09;407,0;1753,33;282,0;2411,07;2057,7;15,25;50,81;0,6444
04/11/2004;11.00.00;1,6;1172,34;-200,0;13,7;951,63;292,0;1821,72;120,0;1520,91;1111,28;16,08;35,24;0,4628
04/11/2004;12.00.00;2,4;1383,85;-200,0;11,7;903,39;-200,0;1971,53;83,0;1425,86;865,09;16,93;46,33;0,6305
04/11/2004;13.00.00;-200,0;1777,9;-200,0;7,3;734,39;166,0;1874,96;102,0;1541,09;924,79;18,1;37,03;0,6146
04/11/2004;14.00.00;2,4;1410,93;-200,0;7,0;696,96;200,0;1896,82;-200,0;1956,2;1468,11;20,56;27,22;0,4274
04/11/2004;15.00.00;1,2;1035,03;-200,0;13,8;970,21;-200,0;1807,39;57,0;1320,43;801,93;18,31;33,32;0,5124
04/11/2004;16.00.00;-200,0;1179,02;-200,0;6,9;697,6;551,0;1616,93;127,0;1643,14;1080,47;17,37;35,16;0,5781
04/11/2004;17.00.00;2,4;1479,21;-200,0;15,7;1080,02;624,0;1549,46;157,0;1788,96;1319,14;17,45;45,76;0,7255
04/11/2004;18.00.00;-200,0;2040,0;-200,0;27,5;1536,35;442,0;1706,44;244,0;2200,55;1747,05;18,38;43,65;0,7463
04/11/2004;19.00.00;7,7;2040,0;-200,0;20,7;1288,9;737,0;1145,72;167,0;1877,95;1335,61;19,01;48,11;0,7548
04/11/2004;20.00.00;3,2;1657,6;-200,0;18,0;1129,62;217,0;1849,48;238,0;2211,56;1703,46;13,72;56,64;0,7106
04/11/2004;21.00.00;-200,0;1964,9;-200,0;16,9;1088,49;291,0;1736,71;-200,0;1701,35;1138,84;13,88;54,91;0,6042
04/11/2004;22.00.00;3,3;1729,9;-200,0;6,4;694,24;140,0;2021,47;47,0;1373,88;651,43;13,07;63,82;0,7128
04/11/2004;23.00.00;1,1;-200,0;-200,0;2,3;-200,0;245,0;-200,0;-200,0;-200,0;-200,0;-200,0;-200,0;-200,0
05/11/2004;00.00.00;1,1;1033,22;-200,0;8,6;769,23;-200,0;2034,57;51,0;1241,7;622,28;10,0;61,93;0,5529
05/11/2004;01.00.00;1,2;1044,8;-200,0;3,8;601,91;131,0;2051,22;56,0;1307,16;655,89;6,23;78,59;0,5611
05/11/2004;02.00.00;-200,0;-200,0;-200,0;6,9;-200,0;148,0;-200,0;-200,0;-200,0;-200,0;-200,0;-200,0;-200,0
05/11/2004;03.00.00;-200,0;1153,84;-200,0;4,4;607,86;157,0;1977,15;115,0;1643,28;1021,74;9,23;78,22;0,6504
05/11/2004;04.00.00;2,5;1402,0;-200,0;6,7;712,75;255,0;1915,18;105,0;1543,41;971,98;7,9;65,43;0,5801
05/11/2004;05.00.00;1,2;1068,14;-200,0;7,8;772,45;179,0;1945,59;74,0;1427,74;798,57;9,57;74,23;0,6693
05/11/2004;06.00.00;2,0;1356,14;-200,0;12,4;928,01;383,0;1733,23;150,0;1745,07;1187,88;9,92;77,67;0,7361
05/11/2004;07.00.00;3,9;1811,61;-200,0;12,1;952,5;838,0;1169,75;-200,0;1864,48;1361,63;9,04;63,57;0,57
05/11/2004;08.00.00;6,2;2040,0;-200,0;48,8;2214,0;668,0;1355,86;207,0;2040,36;1593,73;12,11;59,01;0,6357
05/11/2004;09.00.00;9,9;2040,0;-200,0;23,3;1386,96;561,0;1232,16;170,0;1886,34;1358,29;11,03;58,68;0,5929
05/11/2004;10.00.00;-200,0;1350,09;-200,0;24,1;1393,35;455,0;1669,87;245,0;2183,92;1746,13;17,57;49,33;0,723
05/11/2004;11.00.00;-200,0;1288,99;-200,0;12,1;915,8;530,0;1680,94;112,0;1674,0;964,56;13,28;55,72;0,7137
05/11/2004;12.00.00;1,0;1064,36;-200,0;14,5;1029,78;-200,0;1859,23;148,0;1800,51;1110,98;16,64;43,87;0,6589
05/11/2004;13.00.00;1,3;1133,24;-200,0;4,0;599,13;176,0;2031,18;71,0;1358,21;795,59;15,74;38,44;0,5163
05/11/2004;14.00.00;-200,0;1002,13;-200,0;6,3;679,29;290,0;1932,45;174,0;1807,91;1324,58;19,46;35,54;0,5728
05/11/2004;15.00.00;1,5;1207,76;-200,0;6,5;667,91;146,0;1996,34;205,0;2002,6;1421,14;17,83;32,97;0,4952
05/11/2004;16.00.00;1,9;1234,4;-200,0;7,5;766,64;213,0;1920,23;122,0;1586,49;1066,23;17,29;35,11;0,5375
05/11/2004;17.00.00;-200,0;1711,39;-200,0;16,4;1089,65;-200,0;1662,27;-200,0;2159,01;1658,59;19,53;38,29;0,7186
05/11/2004;18.00.00;3,6;1667,3;-200,0;24,6;1409,39;385,0;1687,9;187,0;1841,38;1401,27;17,09;40,47;0,5198
05/11/2004;19.00.00;5,3;2040,0;-200,0;21,9;1279,59;294,0;1680,61;207,0;1970,59;1479,1;17,03;43,34;0,6609
05/11/2004;20.00.00;3,9;1900,44;-200,0;18,4;1165,93;622,0;1525,24;302,0;2522,86;2101,88;12,83;61,47;0,7457
05/11/2004;21.00.00;-200,0;1252,01;-200,0;29,9;1629,32;124,0;2018,21;137,0;1623,58;1141,19;10,68;50,48;0,4208
05/11/2004;22.00.00;0,9;989,93;-200,0;7,7;738,44;112,0;2103,93;49,0;1336,67;519,16;12,41;61,02;0,658
05/11/2004;23.00.00;1,5;1249,42;-200,0;2,1;554,91;155,0;1959,63;58,0;1287,23;670,63;10,36;67,59;0,5962
06/11/2004;00.00.00;2,0;1372,76;-200,0;5,8;673,55;-200,0;2074,44;34,0;1316,27;554,13;11,02;71,75;0,7404
06/11/2004;01.00.00;-200,0;1556,58;-200,0;6,0;662,61;102,0;2022,01;53,0;1336,41;656,72;8,81;71,17;0,6019
06/11/2004;02.00.00;-200,0;-200,0;-200,0;8,6;-200,0;88,0;-200,0;88,0;-200,0;-200,0;-200,0;-200,0;-200,0
06/11/2004;03.00.00;2,5;1365,85;-200,0;7,8;773,15;123,0;2011,56;112,0;1517,23;983,54;5,06;76,13;0,4988
06/11/2004;04.00.00;1,9;1290,02;-200,0;4,9;658,23;-200,0;1922,85;85,0;1493,16;861,97;12,25;74,59;0,8431
06/11/2004;05.00.00;2,0;1300,07;-200,0;10,9;868,34;183,0;1981,06;-200,0;1660,55;999,46;8,65;70,16;0,616
06/11/2004;06.00.00;-200,0;1357,43;-200,0;10,0;827,58;147,0;2007,18;92,0;1481,55;905,03;11,16;60,79;0,6261
06/11/2004;07.00.00;2,8;1509,01;-200,0;20,5;1223,27;255,0;1874,33;262,0;2237,66;1874,96;9,13;62,53;0,5638
06/11/2004;08.00.00;4,6;2040,0;-200,0;33,4;1772,73;423,0;1640,53;162,0;1840,45;1289,14;12,63;54,8;0,6356
06/11/2004;09.00.00;3,1;1608,12;-200,0;17,8;1142,65;-200,0;1517,52;-200,0;1715,49;1187,88;10,7;52,53;0,5027
06/11/2004;10.00.00;2,8;1563,61;-200,0;19,6;1204,13;393,0;1646,62;134,0;1787,77;1169,52;15,5;51,38;0,764
06/11/2004;11.00.00;1,4;1154,59;-200,0;14,9;1023,44;154,0;1989,47;88,0;1449,75;927,09;15,09;48,66;0,5655
06/11/2004;12.00.00;-200,0;1376,11;-200,0;8,8;803,04;369,0;1725,52;-200,0;1506,42;915,0;16,9;52,04;0,6619
06/11/2004;13.00.00;-200,0;1106,21;-200,0;15,9;1057,59;137,0;1960,58;126,0;1602,78;1068,92;19,03;37,59;0,5231
06/11/2004;14.00.00;1,6;1206,0;-200,0;10,4;842,6;205,0;1957,54;79,0;1337,23;754,85;15,67;42,36;0,4614
06/11/2004;15.00.00;1,9;1226,02;-200,0;5,4;615,26;-200,0;2095,11;84,0;1452,54;789,95;16,93;39,4;0,6013
06/11/2004;16.00.00;2,2;1433,17;-200,0;8,5;807,19;547,0;1492,24;56,0;1435,71;671,34;19,05;44,96;0,7622
06/11/2004;17.00.00;3,1;1661,19;-200,0;15,4;1051,53;509,0;1550,39;-200,0;1726,45;1127,44;21,83;43,16;0,8899
06/11/2004;18.00.00;3,0;1537,58;-200,0;33,1;1742,47;312,0;1781,46;309,0;2403,89;2149,09;16,56;38,1;0,484
06/11/2004;19.00.00;4,4;1956,33;-200,0;23,0;1354,4;-200,0;1557,23;314,0;2545,0;2131,17;16,99;38,26;0,5901
06/11/2004;20.00.00;2,6;1498,51;-200,0;17,0;1111,02;-200,0;1825,73;118,0;1612,13;1146,21;14,38;52,77;0,6542
06/11/2004;21.00.00;-200,0;1089,09;-200,0;15,8;1087,67;218,0;1974,28;-200,0;1555,42;838,4;17,19;53,23;0,787
06/11/2004;22.00.00;1,7;1237,61;-200,0;5,4;635,82;165,0;2030,11;198,0;1993,01;1420,59;8,52;55,63;0,5066
06/11/2004;23.00.00;1,3;-200,0;-200,0;3,0;-200,0;138,0;-200,0;58,0;-200,0;-200,0;-200,0;-200,0;-200,0
07/11/2004;00.00.00;-200,0;1220,37;-200,0;4,9;641,08;45,0;2116,85;-200,0;1463,92;730,86;6,33;69,64;0,6458
07/11/2004;01.00.00;1,1;1041,25;-200,0;3,5;529,01;63,0;2026,06;79,0;1380,32;779,69;3,77;79,23;0,5629
07/11/2004;02.00.00;0,7;921,19;-200,0;12,7;918,34;-200,0;1932,76;36,0;1215,71;618,35;8,88;71,45;0,5983
07/11/2004;03.00.00;1,2;1028,67;-200,0;5,5;652,88;196,0;1938,59;72,0;1352,18;711,07;8,39;77,06;0,5988
07/11/2004;04.00.00;1,8;1284,26;-200,0;7,1;727,54;91,0;2043,06;66,0;1381,17;814,97;7,72;72,98;0,5879
07/11/2004;05.00.00;1,7;1235,08;-200,0;4,7;630,99;-200,0;1939,65;119,0;1564,28;968,8;8,57;65,25;0,5687
07/11/2004;06.00.00;1,6;1229,27;-200,0;11,7;880,15;106,0;2045,43;-200,0;1914,36;1177,14;15,78;72,51;1,0275
07/11/2004;07.00.00;1,2;-200,0;-200,0;9,9;-200,0;-200,0;-200,0;86,0;-200,0;-200,0;-200,0;-200,0;-200,0
07/11/2004;08.00.00;1,9;1295,97;-200,0;12,6;953,21;-200,0;1930,62;340,0;2657,61;2306,01;12,84;60,87;0,6976
07/11/2004;09.00.00;-200,0;1651,0;-200,0;12,8;921,79;300,0;1781,4;155,0;1719,29;1213,37;11,82;54,4;0,4964
07/11/2004;10.00.00;1,2;1097,71;-200,0;6,3;683,86;-200,0;1593,12;139,0;1763,45;1190,39;15,0;55,91;0,7384
07/11/2004;11.00.00;1,5;1166,17;-200,0;6,9;707,82;183,0;1971,72;36,0;1265,98;517,55;15,14;41,82;0,5351
07/11/2004;12.00.00;1,5;1132,63;-200,0;7,9;751,1;136,0;1983,27;100,0;1608,64;818,49;15,83;45,33;0,7079
07/11/2004;13.00.00;2,1;1319,27;-200,0;3,3;567,72;109,0;1993,05;33,0;1214,7;590,11;21,08;36,32;0,5911
07/11/2004;14.00.00;1,7;1234,69;-200,0;8,1;756,58;112,0;2112,48;60,0;1410,64;618,45;20,3;36,16;0,7044
07/11/2004;15.00.00;1,8;1176,77;-200,0;4,8;612,48;87,0;2077,73;51,0;1165,9;638,45;18,39;19,93;0,228
07/11/2004;16.00.00;1,6;1188,29;-200,0;6,6;697,89;151,0;1981,54;79,0;1394,75;892,77;13,34;49,18;0,5028
07/11/2004;17.00.00;1,4;1189,33;-200,0;3,5;581,09;206,0;1954,07;-200,0;1450,23;849,19;16,72;43,27;0,5317
07/11/2004;18.00.00;2,0;1280,58;-200,0;12,5;952,36;250,0;1868,83;-200,0;1771,07;1156,85;22,06;39,54;0,7824
07/11/2004;19.00.00;2,0;1208,39;-200,0;8,8;788,74;276,0;1867,14;214,0;2052,49;1498,58;15,15;41,48;0,478
07/11/2004;20.00.00;2,9;1600,89;-200,0;9,7;810,62;312,0;1794,8;89,0;1482,73;796,89;16,61;48,97;0,6247
07/11/2004;21.00.00;1,3;1219,43;-200,0;4,1;597,75;135,0;1990,67;-200,0;1539,29;730,49;16,0;59,69;0,823
07/11/2004;22.00.00;1,1;1045,83;-200,0;3,4;568,06;96,0;2083,26;42,0;1211,93;508,44;12,26;51,31;0,578
07/11/2004;23.00.00;1,0;-200,0;-200,0;3,6;-200,0;64,0;-200,0;33,0;-200,0;-200,0;-200,0;-200,0;-200,0
08/11/2004;00.00.00;-200,0;1317,21;-200,0;4,4;604,4;43,0;2046,52;103,0;1460,54;843,19;4,52;77,92;0,5049
08/11/2004;01.00.00;1,7;1256,67;-200,0;7,8;773,17;186,0;1991,12;-200,0;1270,52;630,4;9,96;66,26;0,7125
08/11/2004;02.00.00;1,2;1057,65;-200,0;3,1;576,29;71,0;2057,64;56,0;1316,26;579,51;6,47;74,13;0,5621
08/11/2004;03.00.00;1,8;1289,19;-200,0;7,2;746,3;86,0;2004,18;165,0;1898,72;1281,2;8,28;85,36;0,7586
08/11/2004;04.00.00;3,3;1593,75;-200,0;7,9;764,73;301,0;1819,19;88,0;1449,36;894,96;5,6;76,89;0,5507
08/11/2004;05.00.00;-200,0;1455,24;-200,0;7,8;726,23;-200,0;1913,29;102,0;1508,02;923,26;8,07;72,56;0,5474
08/11/2004;06.00.00;1,4;1120,37;-200,0;8,3;748,47;129,0;2045,07;147,0;1789,4;1116,58;9,46;71,6;0,6773
08/11/2004;07.00.00;2,5;1479,39;-200,0;26,0;1456,31;-200,0;1404,28;128,0;1536,51;1103,1;10,96;63,34;0,5995
08/11/2004;08.00.00;3,3;1612,55;-200,0;50,7;2214,0;494,0;1649,26;190,0;1958,61;1468,62;9,4;67,5;0,6059
08/11/2004;09.00.00;7,7;2040,0;-200,0;12,2;919,83;1081,0;842,89;210,0;2163,73;1522,06;15,32;54,35;0,7256
08/11/2004;10.00.00;5,5;2040,0;-200,0;12,3;900,71;324,0;1643,66;268,0;2115,94;1782,35;13,03;41,89;0,3786
08/11/2004;11.00.00;2,1;1277,49;-200,0;8,4;748,38;163,0;2005,0;168,0;1662,33;1309,01;12,08;45,39;0,4054
08/11/2004;12.00.00;-200,0;1253,61;-200,0;9,0;796,53;227,0;1925,39;-200,0;1404,16;855,41;16,24;38,78;0,5815
08/11/2004;13.00.00;-200,0;1272,73;-200,0;14,6;999,64;139,0;1913,49;97,0;1520,66;948,7;17,33;39,35;0,5471
08/11/2004;14.00.00;1,9;1214,67;-200,0;10,1;824,92;247,0;1918,23;119,0;1535,46;1076,02;18,08;37,66;0,5501
08/11/2004;15.00.00;1,3;1133,54;-200,0;7,5;736,29;265,0;1886,72;42,0;1356,8;611,31;20,65;44,33;0,8039
08/11/2004;16.00.00;1,9;1242,06;-200,0;9,3;817,68;351,0;1796,59;114,0;1605,02;979,59;17,28;42,43;0,605
08/11/2004;17.00.00;1,7;1175,87;-200,0;12,1;890,89;321,0;1834,95;192,0;1942,32;1394,06;17,02;42,07;0,63
08/11/2004;18.00.00;6,2;2040,0;-200,0;26,4;1480,75;978,0;1036,79;163,0;1752,95;1254,9;14,26;43,6;0,5314
08/11/2004;19.00.00;2,4;1437,18;-200,0;31,6;1690,79;428,0;1790,97;308,0;2451,53;2122,87;17,07;42,05;0,6206
08/11/2004;20.00.00;2,1;1301,87;-200,0;23,8;1385,15;-200,0;1663,24;-200,0;1906,18;1578,15;14,59;40,78;0,4746
08/11/2004;21.00.00;-200,0;1586,73;-200,0;5,2;636,81;298,0;1733,06;-200,0;2174,89;1653,88;12,09;56,91;0,6192
08/11/2004;22.00.00;1,0;958,7;-200,0;6,9;691,47;383,0;1816,5;65,0;1401,85;722,64;7,82;64,97;0,5862
08/11/2004;23.00.00;1,1;1027,28;-200,0;4,7;654,78;188,0;1908,91;69,0;1443,12;669,69;13,32;64,8;0,7207
09/11/2004;00.00.00;1,3;-200,0;-200,0;7,1;-200,0;111,0;-200,0;35,0;-200,0;-200,0;-200,0;-200,0;-200,0
09/11/2004;01.00.00;1,7;1258,68;-200,0;6,1;677,93;142,0;2047,43;65,0;1352,89;697,11;7,23;74,49;0,5831
09/11/2004;02.00.00;1,4;1152,61;-200,0;7,9;759,88;294,0;1831,69;94,0;1516,86;941,57;8,63;73,54;0,6697
09/11/2004;03.00.00;3,1;1656,73;-200,0;6,1;660,42;132,0;1943,54;-200,0;1351,29;760,22;5,35;83,0;0,5836
09/11/2004;04.00.00;1,9;1225,42;-200,0;11,8;900,61;88,0;2081,56;132,0;1636,89;1083,0;4,92;80,12;0,5401
09/11/2004;05.00.00;3,1;1578,4;-200,0;14,9;1062,98;160,0;1915,58;140,0;1648,41;1168,71;4,16;76,96;0,5122
09/11/2004;06.00.00;2,8;-200,0;-200,0;6,3;-200,0;260,0;-200,0;136,0;-200,0;-200,0;-200,0;-200,0;-200,0
09/11/2004;07.00.00;7,4;2040,0;-200,0;10,5;830,52;828,0;1121,15;173,0;1784,72;1366,79;9,15;59,12;0,5379
09/11/2004;08.00.00;6,7;2040,0;-200,0;31,2;1703,74;1002,0;1042,9;95,0;1659,27;908,97;17,3;64,55;0,9745
09/11/2004;09.00.00;4,7;2040,0;-200,0;22,0;1309,0;640,0;1334,41;209,0;1957,18;1569,67;10,75;58,46;0,5574
09/11/2004;10.00.00;4,4;1988,45;-200,0;25,9;1476,46;581,0;1432,81;274,0;2332,19;2053,03;12,19;54,95;0,6709
09/11/2004;11.00.00;2,4;1387,67;-200,0;13,5;997,66;242,0;1848,72;125,0;1658,98;1106,47;14,11;50,04;0,6394
09/11/2004;12.00.00;-200,0;1279,03;-200,0;13,1;943,05;626,0;1609,38;-200,0;1668,89;1081,07;16,76;46,11;0,6614
09/11/2004;13.00.00;1,3;1126,48;-200,0;6,8;707,22;386,0;1843,7;87,0;1561,43;905,56;16,13;54,49;0,7418
09/11/2004;14.00.00;1,4;1165,28;-200,0;9,5;795,11;214,0;1900,21;59,0;1434,63;602,98;18,79;38,81;0,6735
09/11/2004;15.00.00;-200,0;1778,85;-200,0;9,1;795,06;194,0;1862,78;114,0;1428,87;941,24;15,78;43,26;0,5511
09/11/2004;16.00.00;1,3;1088,16;-200,0;7,2;707,32;321,0;1880,92;70,0;1320,81;655,73;14,81;36,83;0,3774
09/11/2004;17.00.00;-200,0;1363,95;-200,0;20,1;1260,73;359,0;1805,2;139,0;1662,92;1077,5;13,47;44,94;0,5282
09/11/2004;18.00.00;3,9;1821,62;-200,0;9,7;804,83;256,0;1808,05;247,0;2166,11;1726,28;11,83;48,54;0,5711
09/11/2004;19.00.00;4,4;2021,11;-200,0;24,8;1439,2;1209,0;875,05;-200,0;2005,88;1442,07;14,2;49,4;0,6827
09/11/2004;20.00.00;4,4;2040,0;-200,0;11,7;862,63;-200,0;1299,66;-200,0;2667,66;2193,06;13,43;60,26;0,6963
09/11/2004;21.00.00;2,2;1387,21;-200,0;8,1;781,52;371,0;1755,29;250,0;2169,94;1654,81;11,48;52,15;0,5399
09/11/2004;22.00.00;1,9;1246,72;-200,0;10,0;837,6;141,0;1919,72;60,0;1430,71;722,25;13,93;58,8;0,732
09/11/2004;23.00.00;1,9;1212,18;-200,0;3,3;570,62;114,0;2024,01;45,0;1329,64;541,48;12,7;66,64;0,7281
10/11/2004;00.00.00;-200,0;1306,62;-200,0;3,2;556,04;36,0;2101,98;49,0;1333,32;667,32;8,35;73,94;0,6509
10/11/2004;01.00.00;-200,0;1072,39;-200,0;7,0;710,95;82,0;2067,41;92,0;1462,54;863,73;4,64;73,29;0,482
10/11/2004;02.00.00;1,9;1274,86;-200,0;4,2;593,0;326,0;1759,01;85,0;1473,65;895,44;6,59;80,62;0,6588
10/11/2004;03.00.00;1,1;1064,71;-200,0;10,8;862,74;225,0;1958,16;105,0;1557,54;930,18;6,36;71,5;0,5673
10/11/2004;04.00.00;1,4;1127,73;-200,0;10,6;869,8;92,0;2011,5;141,0;1700,97;1188,46;6,41;68,49;0,5512
10/11/2004;05.00.00;1,4;1059,48;-200,0;7,0;701,17;170,0;1983,9;78,0;1409,81;804,56;6,83;73,93;0,5563
10/11/2004;06.00.00;2,5;1398,31;-200,0;17,1;1112,71;139,0;1948,57;153,0;1758,39;1258,46;7,71;69,15;0,6574
10/11/2004;07.00.00;-200,0;1433,65;-200,0;8,2;757,69;338,0;1819,88;193,0;1921,16;1473,89;9,28;68,52;0,6391
10/11/2004;08.00.00;-200,0;1525,26;-200,0;28,1;1567,16;608,0;1443,17;295,0;2408,04;2038,45;9,99;61,33;0,5881
10/11/2004;09.00.00;4,1;1945,18;-200,0;14,7;1014,57;1284,0;765,35;340,0;2619,1;2268,4;12,97;55,11;0,5856
10/11/2004;10.00.00;-200,0;1274,72;-200,0;14,4;1001,66;667,0;1491,46;-200,0;1904,35;1419,76;14,57;51,77;0,6416
10/11/2004;11.00.00;4,1;1984,63;-200,0;10,4;845,11;288,0;1760,93;-200,0;1571,34;891,15;13,23;47,95;0,5572
10/11/2004;12.00.00;1,8;1184,58;-200,0;16,4;1105,09;235,0;1893,92;80,0;1420,56;842,54;18,63;42,55;0,639
10/11/2004;13.00.00;2,8;1501,71;-200,0;7,5;706,31;166,0;1944,13;178,0;1820,34;1385,78;14,93;40,2;0,4983
10/11/2004;14.00.00;1,6;1164,32;-200,0;8,1;757,31;332,0;1829,51;-200,0;1391,92;868,17;14,15;37,4;0,4468
10/11/2004;15.00.00;1,2;996,23;-200,0;6,8;710,78;334,0;1875,1;58,0;1339,43;614,79;18,32;43,09;0,677
10/11/2004;16.00.00;3,1;1639,86;-200,0;6,4;686,06;137,0;1953,09;162,0;1701,72;1279,96;15,75;40,39;0,4537
10/11/2004;17.00.00;-200,0;1570,39;-200,0;9,3;811,61;-200,0;1990,13;88,0;1682,9;782,61;17,53;52,5;0,777
10/11/2004;18.00.00;7,8;2040,0;-200,0;-200,0;1325,07;483,0;1380,7;134,0;1646,04;1049,01;11,28;44,88;0,4383
10/11/2004;19.00.00;3,9;1852,48;-200,0;22,8;1355,7;588,0;1559,58;-200,0;2152,64;1706,97;17,84;45,05;0,6842
10/11/2004;20.00.00;3,3;1653,74;-200,0;25,6;1446,6;587,0;1511,81;177,0;1985,46;1399,91;15,19;65,5;0,9013
10/11/2004;21.00.00;3,6;1846,17;-200,0;11,0;859,41;158,0;1823,27;147,0;1706,61;1142,82;9,55;58,87;0,6402
10/11/2004;22.00.00;-200,0;1385,18;-200,0;6,4;659,44;125,0;1881,21;-200,0;1195,1;614,72;8,3;66,41;0,5937
10/11/2004;23.00.00;1,3;1122,03;-200,0;6,7;733,15;110,0;2016,72;64,0;1412,05;703,96;13,4;68,77;0,7373
11/11/2004;00.00.00;4,0;1811,81;-200,0;4,3;617,27;79,0;1995,84;84,0;1468,87;862,95;7,36;72,88;0,5608
11/11/2004;01.00.00;1,2;1094,07;-200,0;3,3;527,09;-200,0;2012,58;-200,0;1233,25;765,63;6,37;75,3;0,5899
11/11/2004;02.00.00;-200,0;934,04;-200,0;8,9;783,81;341,0;1796,57;-200,0;1308,8;678,84;3,01;68,91;0,4343
11/11/2004;03.00.00;1,2;1083,12;-200,0;5,7;655,97;-200,0;1986,24;64,0;1380,08;695,6;6,67;76,87;0,6323
11/11/2004;04.00.00;-200,0;1250,6;-200,0;8,5;775,02;303,0;1898,37;-200,0;1503,39;872,74;7,09;67,8;0,5234
11/11/2004;05.00.00;3,5;1770,76;-200,0;7,4;733,43;208,0;1790,4;74,0;1525,77;825,98;9,47;71,75;0,6336
11/11/2004;06.00.00;2,4;1374,53;-200,0;8,2;753,37;211,0;1869,96;89,0;1468,68;845,85;6,04;66,13;0,5689
11/11/2004;07.00.00;6,1;2040,0;-200,0;8,4;761,53;350,0;1654,36;181,0;1859,98;1353,11;6,83;67,82;0,5227
11/11/2004;08.00.00;-200,0;2040,0;-200,0;26,8;1518,8;904,0;1089,89;288,0;2351,58;1964,29;11,98;63,36;0,6233
11/11/2004;09.00.00;6,8;2040,0;-200,0;6,5;692,33;-200,0;1463,79;272,0;2362,44;1831,53;14,39;59,44;0,8076
11/11/2004;10.00.00;4,1;1917,68;-200,0;28,9;1572,71;399,0;1643,68;-200,0;1716,19;1309,01;10,52;53,81;0,4477
11/11/2004;11.00.00;3,0;1613,84;-200,0;18,3;1166,79;-200,0;1861,21;170,0;1726,19;1300,92;17,04;45,0;0,4775
11/11/2004;12.00.00;2,9;1512,24;-200,0;7,2;730,86;343,0;1716,33;121,0;1616,71;1070,79;15,98;43,0;0,6235
11/11/2004;13.00.00;1,7;1257,92;-200,0;16,7;1111,98;283,0;1840,52;70,0;1491,89;815,24;18,89;46,05;0,7907
11/11/2004;14.00.00;1,5;1134,98;-200,0;18,3;1158,81;-200,0;1871,74;40,0;1207,36;613,01;17,06;44,99;0,6738
11/11/2004;15.00.00;2,1;1253,3;-200,0;7,3;679,92;-200,0;1843,04;106,0;1407,25;1022,14;12,33;33,3;0,297
11/11/2004;16.00.00;-200,0;1816,13;-200,0;11,0;837,06;-200,0;1774,62;96,0;1407,34;933,04;16,9;31,99;0,457
11/11/2004;17.00.00;1,7;1168,72;-200,0;14,6;1009,21;473,0;1702,9;107,0;1580,92;936,5;18,82;37,81;0,5957
11/11/2004;18.00.00;2,0;1300,18;-200,0;35,8;1863,95;498,0;1767,94;340,0;2572,94;2335,42;14,12;49,53;0,5748
11/11/2004;19.00.00;-200,0;1903,23;-200,0;13,6;975,33;671,0;1465,2;340,0;2690,56;2293,99;14,1;54,11;0,7269
11/11/2004;20.00.00;5,6;-200,0;-200,0;17,7;-200,0;782,0;-200,0;318,0;-200,0;-200,0;-200,0;-200,0;-200,0
11/11/2004;21.00.00;2,6;1405,63;-200,0;17,1;1090,68;227,0;1907,21;-200,0;1672,48;1162,01;6,57;58,57;0,4572
11/11/2004;22.00.00;1,1;1107,09;-200,0;9,4;826,68;346,0;1864,26;-200,0;1348,85;457,25;14,42;70,87;0,9365
11/11/2004;23.00.00;1,3;1087,02;-200,0;5,0;647,97;149,0;2062,66;84,0;1459,25;797,2;8,07;68,11;0,5846
12/11/2004;00.00.00;0,7;945,22;-200,0;8,3;761,18;258,0;1860,49;42,0;1375,6;504,1;9,67;77,1;0,7711
12/11/2004;01.00.00;-200,0;1183,25;-200,0;6,2;679,04;80,0;2052,48;-200,0;1411,61;639,01;7,69;77,84;0,6588
12/11/2004;02.00.00;1,4;1171,26;-200,0;6,8;693,71;95,0;2038,16;97,0;1547,21;902,11;9,88;70,1;0,6748
12/11/2004;03.00.00;1,6;1211,08;-200,0;9,6;825,58;213,0;1950,52;159,0;1798,34;1297,18;8,0;74,31;0,6327
12/11/2004;04.00.00;2,2;1366,42;-200,0;8,1;753,31;221,0;1885,37;-200,0;1814,85;1177,04;6,89;74,82;0,6063
12/11/2004;05.00.00;2,2;1306,49;-200,0;9,6;825,66;200,0;1905,03;111,0;1505,42;993,49;6,07;73,37;0,5158
12/11/2004;06.00.00;2,1;1354,19;-200,0;8,8;786,28;184,0;1878,53;167,0;1859,95;1341,34;10,25;74,57;0,6466
12/11/2004;07.00.00;5,1;2040,0;-200,0;52,9;2214,0;423,0;1629,05;134,0;1623,81;1136,71;5,94;68,3;0,5417
12/11/2004;08.00.00;6,2;2040,0;-200,0;19,8;1206,31;720,0;1261,65;154,0;1743,87;1266,31;12,19;47,24;0,5673
12/11/2004;09.00.00;2,5;1479,01;-200,0;31,4;1667,01;-200,0;1723,51;340,0;2520,98;2199,81;9,99;50,7;0,4886
12/11/2004;10.00.00;3,3;1672,57;-200,0;36,6;1897,56;407,0;1666,91;216,0;2041,7;1563,68;15,99;41,67;0,5397
12/11/2004;11.00.00;1,8;1251,42;-200,0;7,5;729,54;387,0;1742,05;87,0;1429,0;797,87;15,01;49,14;0,5525
12/11/2004;12.00.00;-200,0;1077,42;-200,0;12,8;976,54;367,0;1835,43;111,0;1552,18;953,45;17,01;45,74;0,6664
12/11/2004;13.00.00;2,4;1452,16;-200,0;9,2;780,56;208,0;1927,91;124,0;1554,93;1017,41;16,69;43,09;0,5441
12/11/2004;14.00.00;1,6;1170,76;-200,0;16,6;1095,73;151,0;1900,61;125,0;1520,97;1090,11;13,52;35,08;0,3361
12/11/2004;15.00.00;1,7;1262,72;-200,0;5,7;658,6;213,0;1861,23;-200,0;1592,82;958,72;15,47;42,63;0,5612
12/11/2004;16.00.00;1,6;1183,72;-200,0;7,1;700,48;222,0;1840,61;-200,0;1435,75;826,01;18,37;43,46;0,6437
12/11/2004;17.00.00;3,3;1623,7;-200,0;13,6;930,87;201,0;1767,92;117,0;1551,07;943,85;16,85;35,4;0,5248
12/11/2004;18.00.00;5,1;2040,0;-200,0;16,8;1089,71;461,0;1607,42;231,0;2068,19;1685,74;18,09;37,2;0,5663
12/11/2004;19.00.00;9,8;2040,0;-200,0;19,5;1201,91;502,0;1361,33;329,0;2587,46;2243,99;15,5;48,26;0,6072
12/11/2004;20.00.00;3,6;1704,06;-200,0;41,8;2091,27;536,0;1614,49;-200,0;2286,61;1993,29;11,55;61,56;0,5524
12/11/2004;21.00.00;1,5;1173,27;-200,0;12,7;952,92;236,0;1898,67;223,0;2071,36;1461,17;10,6;65,76;0,5989
12/11/2004;22.00.00;1,4;1156,61;-200,0;5,2;629,92;135,0;2059,89;79,0;1380,01;769,64;11,1;64,74;0,6111
12/11/2004;23.00.00;1,7;1188,7;-200,0;4,4;596,66;106,0;2054,66;-200,0;1194,43;546,98;5,06;62,61;0,366
13/11/2004;00.00.00;0,9;991,35;-200,0;5,1;622,56;-200,0;1958,41;-200,0;1431,12;727,65;11,82;74,65;0,77
13/11/2004;01.00.00;0,7;917,52;-200,0;5,6;658,82;116,0;2110,28;58,0;1355,55;746,9;8,56;70,81;0,5496
13/11/2004;02.00.00;-200,0;1044,04;-200,0;4,5;593,17;-200,0;1755,37;42,0;1282,31;625,29;9,64;71,04;0,6438
13/11/2004;03.00.00;1,2;1097,55;-200,0;-200,0;567,45;89,0;2084,92;-200,0;1345,69;876,28;3,85;64,77;0,4198
13/11/2004;04.00.00;1,1;1026,37;-200,0;6,9;723,9;253,0;1892,47;-200,0;1678,72;1102,43;9,67;75,38;0,6522
13/11/2004;05.00.00;-200,0;1234,36;-200,0;7,7;724,57;192,0;1870,75;101,0;1630,44;898,63;12,14;69,93;0,7729
13/11/2004;06.00.00;2,1;1286,43;-200,0;7,7;758,92;142,0;1996,53;173,0;1843,83;1299,18;5,83;70,7;0,4395
13/11/2004;07.00.00;-200,0;1823,99;-200,0;23,0;1338,52;324,0;1809,77;134,0;1647,86;1135,97;11,05;54,99;0,4965
13/11/2004;08.00.00;3,3;1685,5;-200,0;23,7;1385,74;277,0;1750,2;166,0;1849,99;1282,62;10,72;62,99;0,6136
13/11/2004;09.00.00;4,7;1992,37;-200,0;20,2;1240,47;545,0;1504,2;277,0;2274,3;1883,96;8,92;45,33;0,4319
13/11/2004;10.00.00;-200,0;1476,96;-200,0;12,6;930,85;341,0;1831,92;142,0;1646,04;1199,21;14,29;58,27;0,7585
13/11/2004;11.00.00;-200,0;1165,07;-200,0;19,9;1223,15;200,0;1836,0;168,0;1924,53;1343,19;16,18;51,1;0,784
13/11/2004;12.00.00;1,6;1193,27;-200,0;5,5;638,86;138,0;1960,88;100,0;1524,05;809,29;14,34;43,36;0,5152
13/11/2004;13.00.00;1,0;1030,87;-200,0;6,4;698,02;295,0;1879,92;128,0;1703,23;1056,54;18,67;44,71;0,7081
13/11/2004;14.00.00;3,1;1595,51;-200,0;6,0;666,53;163,0;1900,99;98,0;1382,52;959,49;13,51;35,21;0,3602
13/11/2004;15.00.00;1,7;1186,2;-200,0;7,7;749,57;183,0;1930,1;58,0;1220,95;723,32;14,02;39,85;0,4184
13/11/2004;16.00.00;1,4;1145,55;-200,0;10,2;858,38;-200,0;1887,35;47,0;1303,25;633,7;17,11;44,07;0,6533
13/11/2004;17.00.00;-200,0;1281,28;-200,0;6,9;709,75;314,0;1819,91;163,0;1674,7;1334,49;16,39;26,43;0,3297
13/11/2004;18.00.00;1,4;1109,38;-200,0;12,6;947,59;388,0;1733,58;216,0;2041,76;1544,67;14,11;42,52;0,5779
13/11/2004;19.00.00;6,2;2040,0;-200,0;22,2;1328,93;970,0;971,76;148,0;1734,22;1199,15;16,13;48,37;0,5909
13/11/2004;20.00.00;5,1;2040,0;-200,0;12,2;914,49;1086,0;908,12;223,0;2128,32;1498,89;14,37;51,85;0,6637
13/11/2004;21.00.00;2,3;1481,04;-200,0;8,6;772,67;478,0;1710,5;174,0;1855,63;1326,15;13,73;64,77;0,7177
13/11/2004;22.00.00;-200,0;1220,53;-200,0;6,4;657,76;143,0;1963,1;54,0;1302,84;753,44;10,47;56,53;0,506
13/11/2004;23.00.00;0,7;1010,3;-200,0;3,1;577,52;96,0;2099,3;28,0;1268,42;508,63;10,72;63,38;0,6499
14/11/2004;00.00.00;-200,0;904,16;-200,0;-200,0;590,72;122,0;2030,5;60,0;1204,08;697,06;7,41;60,86;0,4503
14/11/2004;01.00.00;0,6;923,77;-200,0;5,2;655,1;-200,0;2040,01;72,0;1472,64;746,82;11,61;80,85;0,8148
14/11/2004;02.00.00;1,1;957,02;-200,0;4,7;567,74;207,0;1923,28;42,0;1234,37;610,86;5,38;73,86;0,4741
14/11/2004;03.00.00;1,8;1268,54;-200,0;8,7;779,54;160,0;1948,14;74,0;1521,91;741,31;11,04;73,52;0,8269
14/11/2004;04.00.00;1,2;1017,25;-200,0;7,3;734,63;115,0;2045,53;70,0;1317,67;839,18;7,07;74,83;0,5517
14/11/2004;05.00.00;1,7;1218,22;-200,0;6,0;672,61;165,0;1983,26;67,0;1356,86;785,43;4,75;76,48;0,5139
14/11/2004;06.00.00;2,4;1421,39;-200,0;6,6;688,41;239,0;1821,89;100,0;1497,5;950,15;11,03;72,17;0,7136
14/11/2004;07.00.00;1,3;-200,0;-200,0;20,1;-200,0;-200,0;-200,0;-200,0;-200,0;-200,0;-200,0;-200,0;-200,0
14/11/2004;08.00.00;5,4;-200,0;-200,0;10,6;-200,0;562,0;-200,0;106,0;-200,0;-200,0;-200,0;-200,0;-200,0
14/11/2004;09.00.00;-200,0;1956,95;-200,0;12,3;922,94;624,0;1438,22;172,0;1873,78;1287,05;14,28;55,38;0,6693
14/11/2004;10.00.00;2,7;1461,84;-200,0;9,0;791,63;244,0;1873,32;127,0;1681,61;1084,62;13,8;50,24;0,6182
14/11/2004;11.00.00;2,4;1455,84;-200,0;9,0;783,22;157,0;1915,85;38,0;1206,76;638,19;13,15;46,74;0,4916
14/11/2004;12.00.00;2,2;1319,49;-200,0;15,4;1048,21;151,0;1900,94;50,0;1270,02;643,96;17,32;37,47;0,607
14/11/2004;13.00.00;1,6;1214,11;-200,0;6,6;713,58;87,0;2050,57;55,0;1312,34;649,39;16,16;42,32;0,6414
14/11/2004;14.00.00;2,3;1383,27;-200,0;4,9;670,72;65,0;2030,46;75,0;1445,55;778,94;18,03;44,24;0,711
14/11/2004;15.00.00;1,1;1087,98;-200,0;5,8;675,59;104,0;2127,01;38,0;1143,7;471,17;12,53;36,64;0,4068
14/11/2004;16.00.00;1,7;1223,37;-200,0;3,7;571,98;97,0;2147,32;63,0;1305,03;649,68;17,56;36,28;0,3931
14/11/2004;17.00.00;3,0;1552,19;-200,0;7,9;766,09;451,0;1613,93;176,0;1945,93;1305,26;14,89;49,7;0,6538
14/11/2004;18.00.00;1,0;1075,05;-200,0;22,6;1309,17;257,0;1922,29;134,0;1699,41;1188,98;18,68;37,85;0,5853
14/11/2004;19.00.00;3,3;1591,1;-200,0;17,2;1111,78;432,0;1697,64;-200,0;1775,19;1250,97;15,58;38,37;0,4971
14/11/2004;20.00.00;3,1;1555,05;-200,0;18,1;1136,18;229,0;1878,42;123,0;1573,44;1011,59;13,61;47,29;0,4616
14/11/2004;21.00.00;0,9;1060,46;-200,0;11,1;864,92;396,0;1803,47;-200,0;1478,67;1027,57;12,81;50,01;0,5848
14/11/2004;22.00.00;1,4;1100,14;-200,0;3,7;585,99;100,0;2109,16;56,0;1267,31;670,61;8,54;64,3;0,4779
14/11/2004;23.00.00;0,8;991,09;-200,0;7,9;774,23;47,0;2186,28;41,0;1280,95;568,45;12,58;64,9;0,7228
15/11/2004;00.00.00;-200,0;1185,3;-200,0;2,5;520,4;148,0;2017,94;59,0;1449,93;650,73;12,1;69,56;0,7911
15/11/2004;01.00.00;1,3;1082,45;-200,0;6,4;687,05;148,0;2106,56;99,0;1524,19;1023,15;8,11;79,28;0,6366
15/11/2004;02.00.00;1,1;1135,77;-200,0;3,0;546,52;261,0;1946,15;-200,0;1520,99;727,95;10,01;71,86;0,7362
15/11/2004;03.00.00;2,5;1510,38;-200,0;3,9;591,61;173,0;1903,01;85,0;1421,07;798,47;5,52;79,8;0,5239
15/11/2004;04.00.00;-200,0;1129,59;-200,0;12,0;925,69;222,0;1968,81;-200,0;1664,24;1166,81;5,23;82,87;0,602
15/11/2004;05.00.00;-200,0;1352,79;-200,0;7,3;752,46;130,0;1952,17;90,0;1396,66;815,76;7,41;71,24;0,5015
15/11/2004;06.00.00;4,0;1907,19;-200,0;19,3;1223,78;450,0;1617,53;48,0;1313,1;623,6;8,99;74,34;0,7064
15/11/2004;07.00.00;2,6;1459,9;-200,0;7,7;754,8;492,0;1666,2;223,0;2091,22;1532,79;8,37;65,72;0,6001
15/11/2004;08.00.00;-200,0;-200,0;-200,0;23,2;-200,0;632,0;-200,0;302,0;-200,0;-200,0;-200,0;-200,0;-200,0
15/11/2004;09.00.00;4,0;1867,55;-200,0;15,2;1022,62;608,0;1498,54;216,0;2025,19;1587,13;12,27;50,07;0,5228
15/11/2004;10.00.00;3,3;1653,42;-200,0;15,8;1052,59;435,0;1665,09;181,0;1886,4;1322,13;10,95;45,04;0,3793
15/11/2004;11.00.00;5,6;2040,0;-200,0;22,6;1373,15;476,0;1469,63;208,0;2026,51;1611,08;15,19;46,97;0,5897
15/11/2004;12.00.00;-200,0;1416,55;-200,0;20,3;1244,94;-200,0;1843,56;132,0;1691,91;1068,6;16,92;40,76;0,6422
15/11/2004;13.00.00;2,3;1335,47;-200,0;11,2;899,26;-200,0;1723,07;165,0;1841,3;1304,93;16,33;39,76;0,5589
15/11/2004;14.00.00;2,3;1344,67;-200,0;4,6;606,49;109,0;1990,64;103,0;1458,07;862,77;18,79;39,44;0,5571
15/11/2004;15.00.00;2,1;1402,75;-200,0;5,2;629,5;92,0;2000,28;87,0;1379,05;865,49;14,22;43,53;0,4758
15/11/2004;16.00.00;1,1;1105,99;-200,0;10,1;835,49;442,0;1811,76;-200,0;1707,52;1126,56;17,42;38,5;0,6339
15/11/2004;17.00.00;6,5;2040,0;-200,0;10,3;829,65;245,0;1698,22;174,0;1769,4;1292,94;13,65;38,22;0,4753
15/11/2004;18.00.00;2,5;1398,33;-200,0;26,3;1483,38;590,0;1512,56;259,0;2214,34;1843,68;12,96;43,44;0,4297
15/11/2004;19.00.00;8,5;2040,0;-200,0;44,4;2176,77;582,0;1314,63;239,0;2044,4;1770,32;12,9;45,08;0,4195
15/11/2004;20.00.00;4,9;2040,0;-200,0;13,5;934,0;621,0;1418,87;-200,0;1843,38;1349,33;11,07;48,6;0,4571
15/11/2004;21.00.00;2,8;1472,78;-200,0;8,7;764,9;332,0;1748,63;114,0;1496,1;1038,39;10,56;49,86;0,3928
15/11/2004;22.00.00;1,5;1155,92;-200,0;4,5;616,28;266,0;1890,59;93,0;1558,25;826,47;9,93;62,93;0,5809
15/11/2004;23.00.00;-200,0;1639,83;-200,0;4,6;611,21;63,0;2001,58;71,0;1491,68;814,17;10,83;64,09;0,757
16/11/2004;00.00.00;1,5;1111,73;-200,0;5,1;663,18;148,0;1975,8;24,0;1166,81;521,7;7,3;75,71;0,5184
16/11/2004;01.00.00;1,4;1039,76;-200,0;5,7;650,3;130,0;1998,18;51,0;1201,62;578,86;3,98;66,5;0,4131
16/11/2004;02.00.00;1,3;1089,7;-200,0;9,2;804,98;83,0;2093,93;44,0;1294,26;640,57;8,93;72,82;0,7047
16/11/2004;03.00.00;1,4;1109,36;-200,0;8,7;762,43;148,0;1976,79;71,0;1398,74;749,91;4,81;85,21;0,6093
16/11/2004;04.00.00;-200,0;1281,19;-200,0;8,2;764,92;108,0;1953,67;78,0;1407,76;763,9;6,54;70,84;0,525
16/11/2004;05.00.00;-200,0;1172,26;-200,0;9,7;833,86;122,0;2017,59;112,0;1583,86;1022,54;8,05;72,55;0,5942
16/11/2004;06.00.00;-200,0;1580,44;-200,0;12,4;925,14;265,0;1814,79;142,0;1599,46;1205,83;8,35;64,8;0,4899
16/11/2004;07.00.00;-200,0;1538,49;-200,0;17,3;1124,7;792,0;1301,35;340,0;2585,45;2138,04;11,17;60,4;0,5976
16/11/2004;08.00.00;6,8;2040,0;-200,0;18,6;1183,5;762,0;1315,69;297,0;2474,63;2016,82;11,15;70,54;0,7246
16/11/2004;09.00.00;6,7;2040,0;-200,0;-200,0;1028,49;1160,0;863,02;325,0;2493,35;2160,03;9,76;59,0;0,6011
16/11/2004;10.00.00;3,6;1766,21;-200,0;19,0;1219,16;508,0;1564,78;126,0;1722,43;1051,83;17,13;54,16;0,7586
16/11/2004;11.00.00;3,3;1678,84;-200,0;10,4;837,1;642,0;1427,11;125,0;1567,85;1069,88;14,37;40,66;0,4921
16/11/2004;12.00.00;2,8;1494,91;-200,0;12,6;956,53;-200,0;1563,36;81,0;1434,55;872,68;14,72;47,21;0,5476
16/11/2004;13.00.00;1,2;1163,08;-200,0;9,5;800,67;-200,0;1946,05;125,0;1689,19;993,66;17,74;48,35;0,7422
16/11/2004;14.00.00;3,5;1685,43;-200,0;8,5;790,75;222,0;1837,06;97,0;1553,56;860,97;16,81;46,51;0,7043
16/11/2004;15.00.00;1,7;1191,08;-200,0;11,9;911,61;152,0;2025,89;82,0;1478,01;788,18;17,28;43,49;0,6712
16/11/2004;16.00.00;2,7;1482,57;-200,0;5,6;654,88;231,0;1912,7;144,0;1738,48;1183,45;21,3;35,11;0,5958
16/11/2004;17.00.00;3,8;1751,02;-200,0;27,6;1523,76;758,0;1342,86;143,0;1738,01;1161,37;15,26;44,12;0,582
16/11/2004;18.00.00;1,7;1170,45;-200,0;9,0;796,82;-200,0;1751,17;340,0;2538,18;2276,16;14,38;48,76;0,568
16/11/2004;19.00.00;3,7;1771,07;-200,0;40,9;2071,13;398,0;1685,44;340,0;2572,9;2347,71;14,22;40,17;0,5414
16/11/2004;20.00.00;-200,0;2040,0;-200,0;21,2;1304,56;337,0;1694,21;176,0;1868,49;1349,38;14,92;47,88;0,6027
16/11/2004;21.00.00;2,7;1428,57;-200,0;10,1;836,38;276,0;1828,79;195,0;2006,25;1449,71;8,47;62,59;0,4572
16/11/2004;22.00.00;2,1;1300,7;-200,0;4,0;578,8;829,0;1295,83;82,0;1423,03;801,98;6,26;67,19;0,4849
16/11/2004;23.00.00;1,3;1154,93;-200,0;4,1;581,34;215,0;1940,4;51,0;1264,13;741,78;7,81;59,4;0,5079
17/11/2004;00.00.00;1,9;1258,63;-200,0;4,7;616,99;34,0;2063,97;-200,0;1268,26;665,77;4,51;75,07;0,506
17/11/2004;01.00.00;1,4;1137,01;-200,0;6,1;694,16;132,0;2031,21;39,0;1201,74;501,42;6,13;74,43;0,5193
17/11/2004;02.00.00;-200,0;1413,47;-200,0;11,4;891,31;122,0;1935,0;62,0;1446,53;585,55;7,49;79,65;0,6076
17/11/2004;03.00.00;1,2;1019,06;-200,0;7,7;745,18;281,0;1884,88;96,0;1367,45;904,85;4,53;73,19;0,4327
17/11/2004;04.00.00;-200,0;1146,21;-200,0;9,5;809,24;130,0;2076,46;86,0;1389,72;853,36;3,63;78,97;0,4702
17/11/2004;05.00.00;-200,0;1178,8;-200,0;11,0;838,84;-200,0;2070,95;151,0;1787,55;1145,51;7,12;78,17;0,5676
17/11/2004;06.00.00;2,9;1599,05;-200,0;-200,0;867,62;-200,0;1887,19;-200,0;1724,76;981,39;9,5;69,33;0,6794
17/11/2004;07.00.00;3,3;1604,81;-200,0;16,5;1076,6;362,0;1782,14;202,0;1894,88;1545,56;5,42;67,45;0,4262
17/11/2004;08.00.00;4,4;1981,45;-200,0;23,2;1377,0;882,0;1146,59;254,0;2253,11;1836,9;11,66;59,78;0,6294
17/11/2004;09.00.00;-200,0;1818,99;-200,0;30,8;1693,78;586,0;1467,47;163,0;1912,66;1295,9;12,94;66,62;0,7554
17/11/2004;10.00.00;3,1;1652,28;-200,0;12,8;973,02;753,0;1379,48;225,0;2159,46;1590,92;14,51;53,1;0,708
17/11/2004;11.00.00;2,7;1551,5;-200,0;10,4;848,53;239,0;1955,82;-200,0;1812,64;1198,21;16,25;44,75;0,6731
17/11/2004;12.00.00;-200,0;1089,51;-200,0;11,8;902,95;386,0;1856,54;62,0;1463,11;732,04;19,25;42,05;0,7301
17/11/2004;13.00.00;0,9;983,76;-200,0;6,2;671,25;147,0;1979,66;47,0;1317,49;640,03;14,93;43,41;0,5716
17/11/2004;14.00.00;1,9;1307,91;-200,0;8,9;782,84;279,0;1866,14;82,0;1447,43;860,74;16,36;44,74;0,5703
17/11/2004;15.00.00;0,7;915,24;-200,0;6,7;688,54;167,0;2053,07;136,0;1657,73;1145,18;15,48;33,68;0,391
17/11/2004;16.00.00;2,0;1217,24;-200,0;11,6;882,27;358,0;1845,36;-200,0;2243,48;1732,9;16,14;50,21;0,6476
17/11/2004;17.00.00;2,6;1439,77;-200,0;23,8;1390,61;136,0;1957,29;87,0;1537,65;882,62;18,71;44,32;0,7472
17/11/2004;18.00.00;5,0;2040,0;-200,0;-200,0;1066,43;409,0;1606,38;340,0;2555,76;2277,33;12,16;47,97;0,5196
17/11/2004;19.00.00;-200,0;1750,07;-200,0;31,6;1722,67;1073,0;1044,93;340,0;2490,75;2256,41;12,09;48,88;0,567
17/11/2004;20.00.00;6,8;2040,0;-200,0;21,3;1285,03;498,0;1401,96;180,0;1958,14;1379,47;15,36;53,8;0,7549
17/11/2004;21.00.00;3,5;1641,68;-200,0;10,7;852,19;-200,0;1903,33;250,0;2216,08;1712,34;13,35;57,62;0,6312
17/11/2004;22.00.00;-200,0;1040,82;-200,0;7,1;721,4;128,0;2068,8;92,0;1443,53;827,38;9,29;68,11;0,6131
17/11/2004;23.00.00;1,2;-200,0;-200,0;8,4;-200,0;-200,0;-200,0;54,0;-200,0;-200,0;-200,0;-200,0;-200,0
18/11/2004;00.00.00;2,1;1384,64;-200,0;4,7;587,02;80,0;2118,5;-200,0;1263,21;478,58;8,29;75,14;0,6163
18/11/2004;01.00.00;-200,0;1052,18;-200,0;9,4;798,22;218,0;1972,21;-200,0;1337,61;717,93;9,81;71,99;0,6414
18/11/2004;02.00.00;1,5;1178,05;-200,0;6,3;704,77;-200,0;1838,36;75,0;1423,7;745,35;6,46;76,94;0,6347
18/11/2004;03.00.00;2,8;1492,13;-200,0;4,4;619,33;247,0;1828,28;-200,0;1885,95;1352,46;8,19;72,56;0,6098
18/11/2004;04.00.00;1,6;1174,64;-200,0;8,0;745,39;330,0;1736,95;70,0;1454,73;713,94;11,59;82,04;0,8528
18/11/2004;05.00.00;3,1;1609,51;-200,0;5,5;663,37;200,0;1877,53;81,0;1409,63;797,25;8,01;69,99;0,5387
18/11/2004;06.00.00;1,9;-200,0;-200,0;10,7;-200,0;599,0;-200,0;114,0;-200,0;-200,0;-200,0;-200,0;-200,0
18/11/2004;07.00.00;1,3;1045,26;-200,0;15,5;1037,21;762,0;1425,49;340,0;2623,02;2208,73;10,08;66,0;0,5731
18/11/2004;08.00.00;7,4;2040,0;-200,0;48,3;2214,0;638,0;1289,69;184,0;1894,46;1437,67;9,12;61,46;0,5685
18/11/2004;09.00.00;5,6;2040,0;-200,0;44,9;2213,39;342,0;1668,88;-200,0;2738,85;2174,41;15,92;62,19;0,8668
18/11/2004;10.00.00;4,4;1941,24;-200,0;-200,0;1189,28;183,0;1914,65;121,0;1579,88;1106,68;12,79;52,33;0,5651
18/11/2004;11.00.00;-200,0;1228,44;-200,0;20,1;1260,78;511,0;1699,51;161,0;1840,08;1292,09;13,09;56,54;0,6606
18/11/2004;12.00.00;1,6;1189,44;-200,0;8,9;775,72;137,0;2080,5;119,0;1584,4;1162,35;13,0;41,75;0,4827
18/11/2004;13.00.00;3,1;1584,74;-200,0;5,4;650,06;163,0;1917,79;83,0;1415,15;812,11;17,66;43,83;0,6578
18/11/2004;14.00.00;2,1;1324,93;-200,0;10,5;852,54;265,0;1852,26;120,0;1613,13;1064,51;17,7;37,31;0,5635
18/11/2004;15.00.00;-200,0;1224,24;-200,0;9,4;801,64;120,0;1980,77;-200,0;1480,48;808,47;15,15;42,68;0,555
18/11/2004;16.00.00;2,3;1357,91;-200,0;6,7;668,12;687,0;1428,85;64,0;1337,94;723,17;17,12;41,11;0,6055
18/11/2004;17.00.00;-200,0;2040,0;-200,0;10,1;843,49;421,0;1619,82;142,0;1653,92;1075,06;12,45;42,21;0,4656
18/11/2004;18.00.00;-200,0;-200,0;-200,0;29,6;-200,0;1062,0;-200,0;-200,0;-200,0;-200,0;-200,0;-200,0;-200,0
18/11/2004;19.00.00;-200,0;1813,74;-200,0;12,5;939,77;1022,0;1053,15;283,0;2378,1;1919,23;14,55;46,3;0,5696
18/11/2004;20.00.00;2,4;1416,75;-200,0;24,5;1438,15;187,0;1867,74;198,0;2063,3;1471,29;15,85;56,85;0,7804
18/11/2004;21.00.00;3,2;1671,88;-200,0;11,0;863,23;449,0;1646,21;226,0;2043,08;1623,98;9,6;54,73;0,506
18/11/2004;22.00.00;1,2;1060,86;-200,0;8,7;783,81;172,0;1943,12;72,0;1403,29;845,69;7,29;63,8;0,5513
18/11/2004;23.00.00;0,8;973,77;-200,0;7,5;712,88;113,0;1996,22;-200,0;1351,57;758,41;6,85;61,6;0,5036
19/11/2004;00.00.00;2,0;1322,61;-200,0;3,6;550,72;-200,0;2008,83;39,0;1115,92;618,23;4,76;68,2;0,4128
19/11/2004;01.00.00;1,9;1330,09;-200,0;3,7;562,07;209,0;1855,82;57,0;1369,33;658,83;9,31;73,96;0,6568
19/11/2004;02.00.00;1,8;1240,34;-200,0;11,5;903,65;319,0;1837,74;56,0;1400,9;754,76;9,24;85,25;0,7474
19/11/2004;03.00.00;1,1;1090,64;-200,0;7,4;725,43;113,0;2024,74;124,0;1618,98;1032,7;6,61;77,29;0,5837
19/11/2004;04.00.00;-200,0;1696,97;-200,0;9,6;837,45;222,0;1851,76;74,0;1461,62;710,27;8,58;84,45;0,7246
19/11/2004;05.00.00;3,0;1528,19;-200,0;13,7;950,65;448,0;1568,93;87,0;1500,9;854,37;6,91;75,48;0,6119
19/11/2004;06.00.00;2,3;1382,59;-200,0;8,4;769,51;295,0;1887,15;148,0;1660,92;1181,79;7,25;69,58;0,5566
19/11/2004;07.00.00;-200,0;1592,8;-200,0;25,1;1464,52;530,0;1523,23;156,0;1787,51;1209,33;7,81;75,48;0,6777
19/11/2004;08.00.00;4,9;2040,0;-200,0;31,0;1672,18;741,0;1379,1;340,0;2601,48;2252,28;9,06;65,63;0,5926
19/11/2004;09.00.00;4,1;1873,36;-200,0;42,7;2143,57;1479,0;612,27;340,0;2495,36;2270,47;7,88;55,57;0,4142
19/11/2004;10.00.00;8,0;2040,0;-200,0;31,6;1729,13;681,0;1292,36;150,0;1745,95;1301,32;12,79;56,48;0,6088
19/11/2004;11.00.00;2,3;1449,7;-200,0;13,0;971,97;808,0;1381,85;185,0;1883,94;1370,39;13,39;48,32;0,5914
19/11/2004;12.00.00;1,5;1213,75;-200,0;13,9;953,26;563,0;1583,19;88,0;1424,34;894,89;16,0;36,11;0,4111
19/11/2004;13.00.00;3,6;1770,98;-200,0;9,5;804,8;219,0;1879,83;-200,0;1473,75;918,86;15,49;47,88;0,5649
19/11/2004;14.00.00;1,6;1181,23;-200,0;9,1;798,88;-200,0;1888,7;120,0;1685,78;1071,13;15,48;46,87;0,619
19/11/2004;15.00.00;2,4;1424,99;-200,0;5,4;646,75;492,0;1625,04;96,0;1530,76;924,36;14,23;49,98;0,6586
19/11/2004;16.00.00;2,7;1495,05;-200,0;8,8;806,1;153,0;1980,9;113,0;1648,05;1005,35;15,95;43,51;0,656
19/11/2004;17.00.00;2,9;1527,61;-200,0;7,2;716,94;526,0;1514,52;-200,0;2091,92;1472,65;16,78;41,95;0,5879
19/11/2004;18.00.00;3,0;1598,67;-200,0;19,7;1217,74;793,0;1302,35;323,0;2581,06;2078,63;12,22;50,23;0,5956
19/11/2004;19.00.00;4,6;2040,0;-200,0;39,4;2022,84;590,0;1475,06;-200,0;2270,5;1845,87;13,65;54,03;0,6411
19/11/2004;20.00.00;2,6;1460,76;-200,0;26,7;1477,02;-200,0;1692,93;178,0;1887,92;1352,42;12,73;62,32;0,6182
19/11/2004;21.00.00;2,6;1452,19;-200,0;13,0;953,08;298,0;1820,89;138,0;1607,68;1099,86;9,54;58,56;0,5337
19/11/2004;22.00.00;2,2;1265,66;-200,0;6,6;678,15;233,0;1861,98;58,0;1229,22;688,27;8,5;62,62;0,5036
19/11/2004;23.00.00;2,3;1393,38;-200,0;4,2;609,28;217,0;1921,86;75,0;1447,44;779,28;8,93;64,21;0,6094
20/11/2004;00.00.00;0,8;948,54;-200,0;3,1;545,33;132,0;2027,88;-200,0;1214,59;546,72;5,0;74,41;0,5045
20/11/2004;01.00.00;1,2;1004,61;-200,0;6,9;705,55;67,0;2188,98;-200,0;1228,71;627,97;7,18;66,84;0,4599
20/11/2004;02.00.00;1,2;1021,49;-200,0;3,2;541,44;252,0;1922,86;100,0;1445,35;919,46;4,19;80,26;0,4418
20/11/2004;03.00.00;1,7;1177,46;-200,0;3,6;545,72;256,0;1815,61;72,0;1457,67;740,97;7,93;79,93;0,6567
20/11/2004;04.00.00;1,0;966,12;-200,0;10,1;843,9;160,0;1987,52;64,0;1413,64;720,94;10,65;79,31;0,6553
20/11/2004;05.00.00;1,3;1143,28;-200,0;8,8;755,34;155,0;1959,86;131,0;1506,2;1145,86;4,75;75,27;0,4774
20/11/2004;06.00.00;1,2;1036,15;-200,0;-200,0;866,3;178,0;1919,94;168,0;1849,28;1296,96;8,34;79,39;0,6822
20/11/2004;07.00.00;1,8;1237,29;-200,0;15,7;1061,32;613,0;1491,79;88,0;1378,13;891,36;6,85;72,35;0,5023
20/11/2004;08.00.00;3,1;1660,07;-200,0;42,1;2126,89;245,0;1835,04;307,0;2360,57;2053,18;11,59;60,62;0,6792
20/11/2004;09.00.00;7,1;2040,0;-200,0;20,1;1226,73;859,0;1063,08;227,0;2035,26;1635,03;8,27;56,05;0,5311
20/11/2004;10.00.00;3,4;1655,81;-200,0;16,5;1086,83;330,0;1761,19;223,0;1968,8;1584,54;13,06;49,94;0,5174
20/11/2004;11.00.00;-200,0;1424,71;-200,0;23,0;1310,78;309,0;1826,23;114,0;1552,47;996,83;11,56;52,75;0,5318
20/11/2004;12.00.00;-200,0;1605,54;-200,0;8,5;772,5;52,0;2016,25;110,0;1508,19;960,84;13,93;41,26;0,545
20/11/2004;13.00.00;2,0;1325,56;-200,0;15,2;1018,18;94,0;2027,81;80,0;1430,97;834,67;13,07;48,82;0,5559
20/11/2004;14.00.00;2,0;1361,03;-200,0;3,3;567,1;-200,0;2074,75;-200,0;1595,54;983,14;17,28;48,22;0,6395
20/11/2004;15.00.00;-200,0;1122,62;-200,0;4,5;585,51;117,0;2101,87;64,0;1319,33;724,91;14,13;36,6;0,4377
20/11/2004;16.00.00;1,5;1106,47;-200,0;6,3;686,87;279,0;1884,9;-200,0;1641,25;933,21;16,74;40,68;0,5366
20/11/2004;17.00.00;1,6;1106,89;-200,0;-200,0;1016,18;350,0;1813,48;137,0;1718,34;1150,31;14,45;43,49;0,5943
20/11/2004;18.00.00;2,8;1546,35;-200,0;33,0;1732,77;1031,0;1132,45;236,0;2164,17;1741,71;14,11;50,69;0,6456
20/11/2004;19.00.00;3,5;1744,97;-200,0;15,3;1067,53;654,0;1456,09;-200,0;1774,02;1162,83;13,6;58,04;0,6671
20/11/2004;20.00.00;3,7;1730,18;-200,0;23,3;1353,2;332,0;1754,73;203,0;1897,9;1543,37;10,58;45,91;0,4543
20/11/2004;21.00.00;2,2;1349,46;-200,0;24,1;1374,93;446,0;1617,85;-200,0;1615,3;1196,01;11,23;57,4;0,5172
20/11/2004;22.00.00;-200,0;1059,46;-200,0;11,0;889,6;119,0;2037,84;125,0;1645,91;1066,44;12,57;62,32;0,6503
20/11/2004;23.00.00;0,9;983,69;-200,0;3,9;575,37;80,0;2122,82;65,0;1373,72;706,12;6,75;60,99;0,5425
21/11/2004;00.00.00;-200,0;1032,74;-200,0;5,3;640,89;-200,0;2068,42;37,0;1288,22;561,56;9,45;69,5;0,6331
21/11/2004;01.00.00;0,9;1064,38;-200,0;4,8;650,83;-200,0;1956,08;40,0;1248,96;527,79;9,31;76,93;0,738
21/11/2004;02.00.00;1,4;1176,37;-200,0;3,6;575,55;160,0;1988,98;68,0;1336,76;710,44;4,18;75,19;0,4955
21/11/2004;03.00.00;0,7;914,87;-200,0;6,0;674,68;180,0;2006,18;49,0;1236,71;648,84;2,73;69,48;0,4715
21/11/2004;04.00.00;1,5;-200,0;-200,0;4,7;-200,0;-200,0;-200,0;54,0;-200,0;-200,0;-200,0;-200,0;-200,0
21/11/2004;05.00.00;1,9;1289,03;-200,0;6,6;678,07;227,0;1882,19;54,0;1303,84;698,99;5,22;76,12;0,5153
21/11/2004;06.00.00;-200,0;1381,1;-200,0;4,5;614,34;112,0;2039,86;-200,0;1635,89;752,22;10,84;72,48;0,8004
21/11/2004;07.00.00;-200,0;1291,8;-200,0;5,4;608,89;344,0;1806,29;126,0;1605,64;1002,03;8,21;62,71;0,5732
21/11/2004;08.00.00;4,0;-200,0;-200,0;12,5;-200,0;739,0;-200,0;139,0;-200,0;-200,0;-200,0;-200,0;-200,0
21/11/2004;09.00.00;1,9;1261,42;-200,0;15,8;1065,68;198,0;2005,95;266,0;2239,87;1867,36;8,35;58,38;0,4931
21/11/2004;10.00.00;2,2;1374,06;-200,0;7,0;683,2;278,0;1853,12;143,0;1776,94;1153,18;14,12;45,1;0,5207
21/11/2004;11.00.00;1,7;1216,07;-200,0;9,6;811,35;126,0;2020,63;155,0;1723,94;1362,8;12,0;44,85;0,4264
21/11/2004;12.00.00;2,2;1395,98;-200,0;6,8;653,42;170,0;2001,7;78,0;1378,68;825,75;14,26;50,45;0,5633
21/11/2004;13.00.00;0,7;1015,76;-200,0;7,8;784,85;234,0;1948,57;55,0;1377,96;688,86;16,88;53,33;0,8063
21/11/2004;14.00.00;1,0;1018,75;-200,0;8,1;745,61;234,0;1961,88;47,0;1267,02;653,0;14,5;43,65;0,5684
21/11/2004;15.00.00;2,5;1410,21;-200,0;9,2;790,45;118,0;1906,5;60,0;1345,05;709,12;15,55;46,71;0,6158
21/11/2004;16.00.00;0,6;-200,0;-200,0;7,8;-200,0;197,0;-200,0;90,0;-200,0;-200,0;-200,0;-200,0;-200,0
21/11/2004;17.00.00;2,6;1457,98;-200,0;7,7;746,67;117,0;1971,0;88,0;1468,74;837,42;16,34;43,18;0,6073
21/11/2004;18.00.00;2,0;1289,01;-200,0;13,0;932,83;153,0;1970,64;-200,0;1928,72;1288,38;15,36;51,93;0,7283
21/11/2004;19.00.00;-200,0;1678,23;-200,0;33,2;1762,15;586,0;1585,12;237,0;2150,19;1741,75;12,7;58,51;0,6988
21/11/2004;20.00.00;4,0;1868,05;-200,0;16,9;1110,98;86,0;1973,77;99,0;1510,92;983,05;12,06;61,05;0,5996
21/11/2004;21.00.00;-200,0;1279,92;-200,0;7,9;730,12;144,0;2003,73;61,0;1325,6;708,69;9,9;53,87;0,5164
21/11/2004;22.00.00;-200,0;1256,89;-200,0;4,6;616,56;146,0;1957,33;76,0;1404,03;759,83;6,39;63,52;0,3896
21/11/2004;23.00.00;0,9;987,25;-200,0;3,1;534,86;88,0;2072,42;-200,0;1291,94;754,76;8,66;69,59;0,6066
22/11/2004;00.00.00;1,1;1103,19;-200,0;3,2;573,29;35,0;2183,93;64,0;1424,4;645,25;10,73;70,83;0,7269
22/11/2004;01.00.00;1,8;1303,5;-200,0;11,1;841,52;169,0;1985,43;82,0;1344,8;822,49;4,38;76,93;0,4361
22/11/2004;02.00.00;1,3;1048,34;-200,0;8,0;737,69;112,0;2114,73;46,0;1199,7;654,17;4,1;80,89;0,4972
22/11/2004;03.00.00;2,1;-200,0;-200,0;4,7;-200,0;-200,0;-200,0;98,0;-200,0;-200,0;-200,0;-200,0;-200,0
22/11/2004;04.00.00;2,9;1452,04;-200,0;8,2;772,5;167,0;1857,76;-200,0;1579,63;928,67;7,1;85,22;0,6762
22/11/2004;05.00.00;-200,0;1526,06;-200,0;15,8;1078,38;188,0;1895,68;126,0;1563,89;1059,13;7,05;73,34;0,556
22/11/2004;06.00.00;-200,0;1137,29;-200,0;10,4;861,96;153,0;2038,79;100,0;1392,19;952,08;6,63;65,31;0,4352
22/11/2004;07.00.00;3,2;1638,02;-200,0;13,2;948,2;-200,0;1679,13;-200,0;1983,17;1505,05;6,14;70,19;0,5116
22/11/2004;08.00.00;5,4;2040,0;-200,0;28,2;1543,72;1150,0;837,19;231,0;2068,5;1692,24;9,37;73,48;0,5805
22/11/2004;09.00.00;-200,0;1960,65;-200,0;31,7;1706,54;576,0;1452,04;340,0;2533,8;2250,03;7,35;57,02;0,4403
22/11/2004;10.00.00;3,8;1863,11;-200,0;15,5;1051,57;429,0;1666,43;197,0;1965,93;1486,06;12,06;58,18;0,6
22/11/2004;11.00.00;3,0;1597,65;-200,0;10,2;833,69;255,0;1882,46;-200,0;1637,51;932,84;14,72;53,88;0,6723
22/11/2004;12.00.00;1,9;1229,67;-200,0;12,5;913,85;159,0;1941,62;-200,0;1381,39;872,71;11,51;47,63;0,4642
22/11/2004;13.00.00;1,9;1257,29;-200,0;6,2;666,3;160,0;2029,66;139,0;1625,42;1259,84;11,74;43,85;0,3843
22/11/2004;14.00.00;1,3;1097,32;-200,0;7,1;728,95;241,0;1951,63;132,0;1700,37;1115,63;18,47;37,4;0,5721
22/11/2004;15.00.00;-200,0;1161,11;-200,0;7,9;722,63;-200,0;1546,22;-200,0;1760,72;1311,18;14,26;29,99;0,4139
22/11/2004;16.00.00;1,2;1065,25;-200,0;12,9;964,77;377,0;1875,43;98,0;1457,48;943,24;17,58;36,45;0,609
22/11/2004;17.00.00;3,1;1589,83;-200,0;12,2;918,19;501,0;1575,42;115,0;1560,11;1008,98;14,5;41,86;0,6424
22/11/2004;18.00.00;3,9;1892,2;-200,0;26,0;1494,13;-200,0;755,94;221,0;2168,57;1703,57;13,69;52,16;0,7016
22/11/2004;19.00.00;3,5;1734,53;-200,0;37,5;1924,93;815,0;1325,68;211,0;1960,18;1647,85;13,86;49,89;0,5363
22/11/2004;20.00.00;7,5;2040,0;-200,0;16,6;1098,12;867,0;1063,52;180,0;1859,83;1364,16;10,01;52,15;0,4696
22/11/2004;21.00.00;2,4;1405,54;-200,0;42,7;2123,74;365,0;1825,76;162,0;1716,98;1277,88;10,74;54,95;0,5399
22/11/2004;22.00.00;1,8;1259,56;-200,0;12,2;924,6;212,0;1976,4;114,0;1517,6;1011,7;8,42;67,34;0,5677
22/11/2004;23.00.00;-200,0;-200,0;-200,0;5,7;-200,0;-200,0;-200,0;67,0;-200,0;-200,0;-200,0;-200,0;-200,0
23/11/2004;00.00.00;-200,0;1073,78;-200,0;4,7;596,94;-200,0;2099,1;60,0;1372,14;707,39;7,46;77,65;0,7401
23/11/2004;01.00.00;1,6;1204,51;-200,0;-200,0;636,73;107,0;2012,69;85,0;1459,1;883,29;5,46;78,22;0,494
23/11/2004;02.00.00;1,4;1103,66;-200,0;12,5;901,9;125,0;2009,61;70,0;1312,89;851,02;5,18;69,61;0,4429
23/11/2004;03.00.00;1,7;1270,88;-200,0;8,3;772,79;143,0;1933,65;136,0;1614,07;1095,72;2,9;75,84;0,5303
23/11/2004;04.00.00;2,5;1558,62;-200,0;5,0;627,34;397,0;1738,15;251,0;2200,24;1669,42;8,67;86,72;0,7177
23/11/2004;05.00.00;-200,0;1252,41;-200,0;5,1;649,36;216,0;2021,35;89,0;1579,35;798,13;7,74;80,8;0,6766
23/11/2004;06.00.00;1,6;1211,63;-200,0;12,9;951,33;307,0;1816,7;201,0;1971,13;1446,41;8,71;64,64;0,6111
23/11/2004;07.00.00;2,1;1301,21;-200,0;19,0;1183,84;1280,0;813,92;293,0;2366,43;2051,85;7,21;68,32;0,5609
23/11/2004;08.00.00;8,0;2040,0;-200,0;17,4;1107,07;951,0;1007,04;-200,0;2444,73;2053,42;5,57;66,07;0,4757
23/11/2004;09.00.00;6,8;2040,0;-200,0;13,9;990,65;693,0;1285,81;340,0;2666,58;2255,27;14,23;55,79;0,729
23/11/2004;10.00.00;4,7;2040,0;-200,0;8,7;762,81;788,0;1289,08;227,0;2012,37;1555,76;11,49;43,4;0,4032
23/11/2004;11.00.00;2,3;1368,08;-200,0;9,7;817,11;-200,0;1845,1;176,0;1815,16;1326,1;11,32;51,09;0,4969
23/11/2004;12.00.00;1,4;1160,22;-200,0;9,2;796,68;229,0;1846,66;-200,0;1526,22;1005,19;14,69;42,93;0,5667
23/11/2004;13.00.00;1,9;1235,85;-200,0;12,3;905,16;-200,0;1883,44;110,0;1540,79;894,85;16,98;40,09;0,4759
23/11/2004;14.00.00;1,9;1297,76;-200,0;8,3;741,43;244,0;1806,16;119,0;1590,84;1049,47;15,1;40,44;0,5924
23/11/2004;15.00.00;1,3;1112,83;-200,0;12,5;925,5;256,0;1947,98;107,0;1610,1;914,2;17,88;40,93;0,6391
23/11/2004;16.00.00;1,3;1113,52;-200,0;12,3;920,68;169,0;2014,43;78,0;1497,93;814,62;17,32;42,17;0,6292
23/11/2004;17.00.00;-200,0;1143,16;-200,0;-200,0;1107,49;460,0;1684,47;-200,0;1801,42;1508,84;12,5;39,59;0,3535
23/11/2004;18.00.00;5,3;2040,0;-200,0;30,6;1650,87;-200,0;1226,17;214,0;1966,7;1539,11;12,51;45,77;0,4389
23/11/2004;19.00.00;3,1;1589,81;-200,0;14,3;993,11;552,0;1536,45;-200,0;2013,09;1626,68;14,73;41,81;0,5074
23/11/2004;20.00.00;-200,0;2007,04;-200,0;16,4;1094,38;517,0;1451,68;301,0;2308,91;2003,83;6,19;56,5;0,4555
23/11/2004;21.00.00;2,3;1296,68;-200,0;31,4;1676,54;207,0;1885,84;103,0;1467,82;903,19;10,02;45,32;0,3224
23/11/2004;22.00.00;2,0;1269,63;-200,0;3,5;572,74;-200,0;2130,27;74,0;1341,47;843,48;6,16;62,81;0,5002
23/11/2004;23.00.00;-200,0;1180,22;-200,0;4,6;603,47;-200,0;2081,45;42,0;1242,14;598,72;6,87;73,2;0,5442
24/11/2004;00.00.00;1,2;1055,04;-200,0;6,0;684,78;154,0;2113,72;51,0;1173,68;659,28;6,03;67,23;0,4777
24/11/2004;01.00.00;1,5;1187,64;-200,0;2,8;545,23;170,0;1897,88;141,0;1641,43;1063,12;5,12;78,97;0,5534
24/11/2004;02.00.00;1,5;1183,65;-200,0;5,0;648,11;364,0;1785,2;59,0;1222,61;649,33;4,23;82,96;0,5491
24/11/2004;03.00.00;-200,0;1125,0;-200,0;16,3;1081,65;193,0;1911,49;82,0;1320,57;807,81;2,97;61,26;0,328
24/11/2004;04.00.00;2,7;1534,36;-200,0;9,2;801,74;223,0;1853,51;150,0;1775,16;1191,4;9,92;76,43;0,7454
24/11/2004;05.00.00;1,8;1209,68;-200,0;7,9;728,22;291,0;1848,85;126,0;1544,81;1099,34;9,57;61,01;0,4415
24/11/2004;06.00.00;2,5;1427,55;-200,0;13,4;959,3;209,0;1879,61;-200,0;1594,48;1120,72;4,3;71,93;0,4443
24/11/2004;07.00.00;2,2;1335,21;-200,0;14,6;1012,9;725,0;1372,1;160,0;1767,1;1234,85;10,83;68,76;0,6882
24/11/2004;08.00.00;5,4;2040,0;-200,0;47,5;2214,0;809,0;1191,99;-200,0;2478,25;2255,33;8,07;52,04;0,4149
24/11/2004;09.00.00;4,0;1826,52;-200,0;17,1;1096,05;465,0;1555,88;-200,0;2175,02;1715,92;10,42;69,42;0,5784
24/11/2004;10.00.00;-200,0;1562,02;-200,0;15,2;1066,44;592,0;1524,24;340,0;2612,27;2241,39;11,33;56,57;0,6158
24/11/2004;11.00.00;2,0;1293,49;-200,0;7,3;694,01;474,0;1709,63;131,0;1487,04;1060,11;11,34;46,55;0,4135
24/11/2004;12.00.00;-200,0;1380,7;-200,0;9,4;784,93;-200,0;2016,88;202,0;2049,18;1466,18;15,67;54,4;0,7226
24/11/2004;13.00.00;1,0;1051,25;-200,0;8,9;784,33;-200,0;1804,38;140,0;1589,28;1196,51;14,74;35,23;0,4522
24/11/2004;14.00.00;2,5;1361,51;-200,0;13,7;959,18;183,0;1926,18;-200,0;1582,53;1055,86;14,04;36,26;0,4393
24/11/2004;15.00.00;1,8;1264,53;-200,0;5,7;642,42;58,0;2002,48;89,0;1384,78;806,5;12,55;30,3;0,3925
24/11/2004;16.00.00;1,8;1164,07;-200,0;11,7;878,48;379,0;1763,7;94,0;1541,84;907,74;13,2;51,42;0,5876
24/11/2004;17.00.00;1,7;1205,44;-200,0;-200,0;1028,53;684,0;1491,0;147,0;1679,89;1150,05;11,21;45,87;0,4864
24/11/2004;18.00.00;4,9;2040,0;-200,0;10,3;846,1;364,0;1642,87;324,0;2508,01;2142,66;13,72;50,37;0,5942
24/11/2004;19.00.00;-200,0;1802,74;-200,0;18,4;1177,54;-200,0;1676,11;314,0;2412,18;2051,47;10,27;52,3;0,5304
24/11/2004;20.00.00;-200,0;2040,0;-200,0;15,1;1044,82;972,0;1055,82;122,0;1654,81;1055,98;10,93;58,01;0,6474
24/11/2004;21.00.00;3,2;1632,15;-200,0;23,9;1387,89;259,0;1790,96;93,0;1466,0;893,56;12,9;60,19;0,6851
24/11/2004;22.00.00;2,8;1580,08;-200,0;8,8;764,48;310,0;1831,53;77,0;1436,06;747,48;11,27;65,81;0,7087
24/11/2004;23.00.00;1,4;-200,0;-200,0;5,5;-200,0;56,0;-200,0;-200,0;-200,0;-200,0;-200,0;-200,0;-200,0
25/11/2004;00.00.00;1,8;1268,86;-200,0;-200,0;455,92;206,0;1834,44;54,0;1243,55;630,93;6,3;69,68;0,5835
25/11/2004;01.00.00;1,7;1226,25;-200,0;2,8;529,25;214,0;1967,74;56,0;1388,35;757,4;9,44;75,35;0,6636
25/11/2004;02.00.00;1,3;1139,43;-200,0;8,8;804,45;204,0;1943,75;-200,0;1297,36;646,83;6,22;78,75;0,6316
25/11/2004;03.00.00;-200,0;-200,0;-200,0;10,3;-200,0;82,0;-200,0;115,0;-200,0;-200,0;-200,0;-200,0;-200,0
25/11/2004;04.00.00;1,4;1189,85;-200,0;6,5;675,51;188,0;1936,55;100,0;1414,64;925,97;2,33;69,99;0,4537
25/11/2004;05.00.00;4,4;1972,93;-200,0;-200,0;836,7;388,0;1699,04;187,0;1928,79;1342,17;6,46;68,85;0,5436
25/11/2004;06.00.00;2,5;1467,71;-200,0;12,2;924,94;162,0;1945,5;91,0;1491,09;882,95;8,13;78,13;0,6651
25/11/2004;07.00.00;-200,0;1725,55;-200,0;19,4;1193,45;400,0;1642,68;250,0;2157,84;1775,55;6,24;67,46;0,5192
25/11/2004;08.00.00;5,6;2040,0;-200,0;21,6;1295,13;817,0;1203,91;324,0;2505,81;2232,43;9,3;67,57;0,6197
25/11/2004;09.00.00;3,4;1714,75;-200,0;34,0;1757,23;427,0;1653,14;340,0;2636,45;2273,01;9,28;54,53;0,504
25/11/2004;10.00.00;5,9;2040,0;-200,0;28,3;1530,42;878,0;1073,64;266,0;2153,12;1922,18;10,93;47,97;0,47
25/11/2004;11.00.00;1,9;1188,15;-200,0;9,0;785,08;549,0;1546,71;122,0;1490,59;1086,94;7,53;46,77;0,3625
25/11/2004;12.00.00;1,5;1140,7;-200,0;6,7;714,02;306,0;1860,08;111,0;1632,68;917,43;13,1;46,15;0,6145
25/11/2004;13.00.00;2,0;1292,7;-200,0;7,0;725,05;294,0;1870,01;112,0;1564,15;925,03;16,28;41,08;0,5927
25/11/2004;14.00.00;1,2;1049,43;-200,0;8,9;766,98;176,0;1964,43;-200,0;1382,02;670,75;13,57;49,07;0,5477
25/11/2004;15.00.00;-200,0;1714,69;-200,0;9,6;824,06;271,0;1823,57;130,0;1654,66;1132,35;15,11;42,89;0,5396
25/11/2004;16.00.00;2,0;1314,39;-200,0;13,2;971,37;197,0;1899,11;49,0;1337,24;583,17;13,32;51,85;0,6525
25/11/2004;17.00.00;1,0;1038,93;-200,0;21,0;1274,61;359,0;1903,88;110,0;1592,86;1057,34;15,06;46,42;0,5603
25/11/2004;18.00.00;-200,0;2003,18;-200,0;24,4;1388,42;-200,0;1564,93;136,0;1591,02;1215,59;13,11;35,2;0,3276
25/11/2004;19.00.00;-200,0;2040,0;-200,0;26,6;1478,75;1238,0;708,5;340,0;2468,02;2381,38;10,63;56,27;0,4796
25/11/2004;20.00.00;-200,0;1661,51;-200,0;37,9;1952,41;-200,0;1133,25;238,0;2121,62;1768,22;13,97;47,78;0,4885
25/11/2004;21.00.00;1,7;1228,99;-200,0;12,7;948,86;221,0;1909,93;118,0;1578,18;1063,92;11,86;61,14;0,5809
25/11/2004;22.00.00;-200,0;1232,98;-200,0;9,0;778,35;-200,0;1887,71;-200,0;1387,49;824,85;7,5;60,78;0,4275
25/11/2004;23.00.00;1,1;1055,34;-200,0;5,9;678,6;85,0;2105,03;-200,0;1380,21;641,87;8,5;79,7;0,7497
26/11/2004;00.00.00;0,9;977,95;-200,0;4,7;628,2;250,0;1896,96;39,0;1290,84;515,15;7,39;80,11;0,6344
26/11/2004;01.00.00;1,0;1031,35;-200,0;5,5;643,85;265,0;1838,42;-200,0;1333,86;714,32;6,81;72,06;0,5332
26/11/2004;02.00.00;1,7;1199,33;-200,0;11,1;850,86;409,0;1734,24;118,0;1467,63;1050,25;1,64;76,93;0,3451
26/11/2004;03.00.00;2,4;1452,11;-200,0;7,4;727,83;216,0;1868,2;142,0;1744,33;1123,21;6,87;79,41;0,6028
26/11/2004;04.00.00;2,3;1344,36;-200,0;7,6;737,37;195,0;1914,63;127,0;1543,0;1036,59;3,89;81,89;0,4299
26/11/2004;05.00.00;1,2;1047,26;-200,0;7,4;709,54;224,0;1937,06;119,0;1557,38;1107,34;4,81;75,92;0,491
26/11/2004;06.00.00;3,3;1589,45;-200,0;14,6;1041,71;386,0;1715,31;185,0;2001,21;1360,3;11,59;67,79;0,8073
26/11/2004;07.00.00;4,8;2040,0;-200,0;15,0;1018,7;326,0;1690,06;-200,0;2200,17;1704,31;7,96;65,59;0,5739
26/11/2004;08.00.00;8,0;2040,0;-200,0;28,3;1584,17;252,0;1543,04;190,0;1877,39;1502,72;7,79;64,82;0,518
26/11/2004;09.00.00;3,5;1638,51;-200,0;26,8;1509,02;590,0;1509,52;205,0;1932,8;1579,97;5,44;66,35;0,4992
26/11/2004;10.00.00;3,7;1847,23;-200,0;15,8;1059,95;519,0;1578,94;-200,0;2208,19;1812,12;13,93;57,66;0,6661
26/11/2004;11.00.00;-200,0;1649,68;-200,0;7,7;705,92;-200,0;1624,43;-200,0;1535,85;975,05;9,66;47,32;0,395
26/11/2004;12.00.00;-200,0;1211,26;-200,0;7,2;709,4;327,0;1750,09;85,0;1460,64;803,48;11,38;50,7;0,6048
26/11/2004;13.00.00;2,5;1440,97;-200,0;6,9;692,12;261,0;1874,44;-200,0;1761,61;1323,86;13,52;42,66;0,4423
26/11/2004;14.00.00;1,9;1358,21;-200,0;6,0;668,25;363,0;1765,34;100,0;1587,71;893,38;17,52;47,25;0,6872
26/11/2004;15.00.00;1,4;1201,11;-200,0;10,0;828,62;147,0;1967,25;92,0;1592,03;886,34;16,4;54,82;0,7801
26/11/2004;16.00.00;1,6;1212,32;-200,0;22,1;1306,04;191,0;1957,52;74,0;1321,46;879,67;14,37;41,0;0,4588
26/11/2004;17.00.00;-200,0;2009,35;-200,0;12,0;910,58;950,0;1158,38;139,0;1720,98;1104,81;14,8;48,6;0,648
26/11/2004;18.00.00;-200,0;1537,95;-200,0;18,4;1146,86;-200,0;1910,57;209,0;1869,46;1505,15;12,19;43,73;0,456
26/11/2004;19.00.00;3,2;-200,0;-200,0;19,6;-200,0;1087,0;-200,0;200,0;-200,0;-200,0;-200,0;-200,0;-200,0
26/11/2004;20.00.00;4,6;2025,55;-200,0;28,2;1573,39;-200,0;1327,55;-200,0;1624,3;1254,87;11,29;55,67;0,5968
26/11/2004;21.00.00;2,6;1508,86;-200,0;14,9;1028,56;338,0;1717,33;246,0;2168,63;1675,55;11,79;59,21;0,6105
26/11/2004;22.00.00;1,1;1084,68;-200,0;7,2;742,53;259,0;1908,13;127,0;1798,97;1004,37;10,49;77,16;0,8333
26/11/2004;23.00.00;1,1;1001,52;-200,0;3,3;567,84;-200,0;2077,17;57,0;1325,84;649,09;8,34;67,65;0,5384
27/11/2004;00.00.00;-200,0;979,1;-200,0;3,1;545,68;-200,0;2034,2;34,0;1193,81;576,57;5,44;76,03;0,5995
27/11/2004;01.00.00;1,0;1057,38;-200,0;5,5;653,09;77,0;2075,57;34,0;1260,75;567,18;6,86;66,31;0,5677
27/11/2004;02.00.00;3,4;1713,11;-200,0;6,3;670,41;111,0;1994,24;57,0;1325,92;658,45;4,69;79,92;0,6206
27/11/2004;03.00.00;1,4;1126,56;-200,0;6,5;671,02;65,0;2030,41;36,0;1242,79;587,82;2,54;84,08;0,4936
27/11/2004;04.00.00;-200,0;1031,68;-200,0;9,4;808,17;180,0;1988,04;71,0;1253,17;701,06;4,07;75,12;0,4405
27/11/2004;05.00.00;3,8;1792,69;-200,0;5,2;642,84;272,0;1830,62;48,0;1266,82;629,8;5,54;63,41;0,5505
27/11/2004;06.00.00;3,0;1548,52;-200,0;11,5;897,35;435,0;1596,93;111,0;1521,7;981,94;7,99;72,9;0,5854
27/11/2004;07.00.00;3,9;1799,45;-200,0;16,3;1078,66;413,0;1719,45;174,0;1800,27;1406,96;6,84;69,46;0,4918
27/11/2004;08.00.00;3,0;1512,11;-200,0;13,9;956,18;403,0;1691,66;207,0;1880,52;1537,64;5,99;68,65;0,4885
27/11/2004;09.00.00;6,1;2040,0;-200,0;16,0;1048,38;610,0;1356,28;-200,0;2574,53;2152,0;9,82;70,42;0,6048
27/11/2004;10.00.00;4,1;1958,03;-200,0;19,7;1221,38;395,0;1590,47;-200,0;1796,88;1184,76;11,22;53,81;0,5724
27/11/2004;11.00.00;-200,0;1369,26;-200,0;7,0;714,13;390,0;1703,11;207,0;1975,37;1523,93;12,58;47,09;0,4897
27/11/2004;12.00.00;1,1;1003,35;-200,0;22,6;1319,35;221,0;1868,02;109,0;1546,11;896,22;15,08;41,81;0,5241
27/11/2004;13.00.00;1,8;1244,28;-200,0;9,9;855,78;292,0;1755,57;171,0;1869,09;1308,36;16,07;45,77;0,6745
27/11/2004;14.00.00;3,1;1646,33;-200,0;7,2;707,42;164,0;1927,75;47,0;1239,49;597,8;13,34;45,38;0,5567
27/11/2004;15.00.00;1,8;1239,07;-200,0;6,5;699,84;301,0;1848,32;57,0;1253,12;672,15;13,47;39,64;0,4634
27/11/2004;16.00.00;1,6;1231,04;-200,0;11,1;845,59;223,0;1847,34;84,0;1430,28;801,42;12,45;46,88;0,5222
27/11/2004;17.00.00;2,3;1456,21;-200,0;10,2;826,96;245,0;1882,18;221,0;2095,92;1630,26;15,43;47,11;0,6205
27/11/2004;18.00.00;3,3;1688,27;-200,0;-200,0;1035,0;408,0;1621,42;-200,0;1812,14;1325,25;16,14;47,86;0,6357
27/11/2004;19.00.00;3,0;1568,7;-200,0;34,2;1785,65;734,0;1390,18;174,0;1804,86;1396,7;11,57;46,86;0,4859
27/11/2004;20.00.00;-200,0;1706,1;-200,0;13,8;989,89;262,0;1840,88;220,0;2049,02;1609,8;10,52;53,3;0,5418
27/11/2004;21.00.00;3,8;1818,02;-200,0;11,0;872,34;259,0;1708,8;-200,0;1711,48;1167,86;12,64;48,22;0,5282
27/11/2004;22.00.00;2,4;1438,94;-200,0;4,6;638,1;-200,0;1884,34;55,0;1347,37;674,49;9,42;66,21;0,6204
27/11/2004;23.00.00;0,9;1002,45;-200,0;5,1;623,09;126,0;2071,66;42,0;1187,81;565,25;8,08;69,5;0,5355
28/11/2004;00.00.00;1,6;1208,73;-200,0;4,8;596,7;49,0;2036,07;77,0;1351,16;800,51;3,64;74,23;0,4306
28/11/2004;01.00.00;1,5;1132,04;-200,0;8,0;746,07;103,0;2027,29;73,0;1270,28;712,4;6,58;78,67;0,5564
28/11/2004;02.00.00;-200,0;1117,63;-200,0;3,3;547,91;-200,0;2119,34;88,0;1372,05;822,83;2,87;79,87;0,4426
28/11/2004;03.00.00;1,5;1136,5;-200,0;-200,0;535,49;129,0;2000,22;80,0;1361,08;816,66;2,29;78,0;0,5066
28/11/2004;04.00.00;1,0;1091,01;-200,0;5,2;620,64;-200,0;1978,53;49,0;1316,29;648,36;4,03;78,19;0,5346
28/11/2004;05.00.00;1,3;1037,57;-200,0;5,0;598,9;157,0;2062,3;71,0;1280,29;704,61;4,05;69,12;0,3873
28/11/2004;06.00.00;2,3;1418,07;-200,0;7,7;751,63;119,0;2054,37;61,0;1269,09;717,73;5,58;70,36;0,5186
28/11/2004;07.00.00;1,5;1208,21;-200,0;13,1;923,61;259,0;1869,08;163,0;1767,68;1294,01;4,17;69,81;0,4296
28/11/2004;08.00.00;2,1;1320,95;-200,0;33,7;1773,79;415,0;1675,24;-200,0;1644,48;1073,51;10,18;61,53;0,5505
28/11/2004;09.00.00;-200,0;1654,39;-200,0;12,1;914,57;608,0;1517,31;91,0;1496,25;792,31;11,81;64,86;0,6085
28/11/2004;10.00.00;1,8;1236,44;-200,0;4,7;617,13;451,0;1693,3;126,0;1545,64;1082,38;6,96;52,6;0,455
28/11/2004;11.00.00;2,4;1394,05;-200,0;7,3;720,36;-200,0;1977,65;-200,0;1690,06;1012,72;14,01;52,64;0,5669
28/11/2004;12.00.00;1,2;1032,38;-200,0;7,7;711,96;143,0;2101,89;49,0;1230,11;639,71;11,47;48,41;0,4963
28/11/2004;13.00.00;-200,0;1237,91;-200,0;4,3;589,64;174,0;1962,32;-200,0;1360,67;720,66;15,6;48,7;0,6
28/11/2004;14.00.00;1,6;1227,81;-200,0;6,3;682,58;105,0;2004,87;55,0;1342,45;637,84;14,25;47,67;0,6224
28/11/2004;15.00.00;1,2;1046,1;-200,0;5,9;663,57;161,0;1855,07;87,0;1463,89;919,54;14,61;46,03;0,5595
28/11/2004;16.00.00;1,4;1078,06;-200,0;7,0;681,14;-200,0;2013,3;37,0;1235,98;516,79;14,02;32,64;0,3872
28/11/2004;17.00.00;1,5;1194,91;-200,0;11,9;920,81;250,0;1886,52;-200,0;1796,71;1111,13;16,31;50,94;0,7018
28/11/2004;18.00.00;2,6;1454,6;-200,0;12,0;892,67;-200,0;1658,5;109,0;1550,75;1006,14;10,61;55,46;0,5567
28/11/2004;19.00.00;2,1;1287,47;-200,0;17,2;1142,2;-200,0;1814,96;-200,0;1673,53;1207,08;13,27;49,14;0,5672
28/11/2004;20.00.00;2,3;1344,25;-200,0;6,0;642,52;336,0;1791,62;173,0;1825,6;1318,36;13,05;57,08;0,647
28/11/2004;21.00.00;2,3;1327,01;-200,0;5,4;652,51;279,0;1823,48;141,0;1677,94;1151,16;10,99;56,1;0,535
28/11/2004;22.00.00;0,8;925,54;-200,0;4,4;603,97;93,0;2054,23;58,0;1378,54;647,2;12,91;55,47;0,5467
28/11/2004;23.00.00;0,9;927,13;-200,0;2,7;525,38;-200,0;2080,05;36,0;1206,25;500,02;6,0;65,86;0,422
29/11/2004;00.00.00;1,5;1177,19;-200,0;5,1;643,94;114,0;1995,18;49,0;1316,19;707,65;7,79;70,76;0,613
29/11/2004;01.00.00;0,7;886,55;-200,0;5,1;619,19;94,0;2121,8;-200,0;1394,13;833,94;4,87;74,55;0,487
29/11/2004;02.00.00;-200,0;1551,01;-200,0;5,7;649,53;240,0;1903,23;57,0;1258,58;577,65;7,05;73,33;0,5367
29/11/2004;03.00.00;-200,0;-200,0;-200,0;10,8;-200,0;347,0;-200,0;96,0;-200,0;-200,0;-200,0;-200,0;-200,0
29/11/2004;04.00.00;1,1;984,62;-200,0;9,0;800,5;-200,0;1746,64;98,0;1418,59;945,52;3,81;78,07;0,4041
29/11/2004;05.00.00;1,0;978,68;-200,0;6,6;682,78;375,0;1817,61;141,0;1666,34;1037,67;7,69;72,47;0,5521
29/11/2004;06.00.00;2,7;1478,08;-200,0;10,0;818,11;412,0;1691,91;140,0;1729,75;1099,31;4,89;76,18;0,5584
29/11/2004;07.00.00;2,5;1456,08;-200,0;24,5;1422,75;587,0;1462,08;176,0;1846,45;1413,87;4,09;73,15;0,44
29/11/2004;08.00.00;6,9;2040,0;-200,0;27,2;1491,5;674,0;1279,07;235,0;2119,21;1631,04;7,08;77,3;0,6221
29/11/2004;09.00.00;5,7;2040,0;-200,0;39,8;2049,6;534,0;1446,94;234,0;2114,9;1727,2;10,65;66,37;0,6194
29/11/2004;10.00.00;4,0;1899,69;-200,0;25,9;1470,65;216,0;1815,37;133,0;1698,14;1132,61;13,49;57,29;0,7013
29/11/2004;11.00.00;2,3;1328,91;-200,0;11,3;893,6;181,0;2009,96;171,0;1776,97;1314,65;12,13;48,64;0,5048
29/11/2004;12.00.00;4,0;1889,28;-200,0;18,5;1176,82;-200,0;1702,6;127,0;1656,01;1117,54;15,58;49,48;0,5954
29/11/2004;13.00.00;2,7;1456,3;-200,0;17,2;1079,77;145,0;1949,05;-200,0;1294,99;690,42;11,02;46,78;0,4554
29/11/2004;14.00.00;2,4;1426,68;-200,0;4,5;617,09;267,0;1858,19;86,0;1485,52;879,78;13,35;40,78;0,5642
29/11/2004;15.00.00;2,9;1525,48;-200,0;8,6;759,11;446,0;1541,94;87,0;1471,87;783,85;13,83;46,66;0,6463
29/11/2004;16.00.00;1,5;1116,44;-200,0;8,0;740,92;66,0;2079,35;91,0;1388,47;844,52;14,01;36,36;0,463
29/11/2004;17.00.00;4,8;2040,0;-200,0;13,3;983,56;263,0;1770,03;156,0;1735,86;1216,54;13,91;43,93;0,5198
29/11/2004;18.00.00;3,9;1895,5;-200,0;15,8;1053,99;1479,0;676,31;228,0;2106,09;1655,56;14,33;50,79;0,64
29/11/2004;19.00.00;5,5;2040,0;-200,0;17,2;1132,59;-200,0;930,26;340,0;2565,11;2175,77;11,02;50,3;0,5198
29/11/2004;20.00.00;3,9;1794,71;-200,0;28,9;1569,21;540,0;1529,29;225,0;2049,0;1725,85;10,98;55,04;0,5482
29/11/2004;21.00.00;1,4;1088,08;-200,0;8,2;779,18;273,0;1862,88;171,0;1744,23;1295,37;9,32;60,05;0,5622
29/11/2004;22.00.00;2,3;1345,7;-200,0;7,5;722,34;229,0;1904,74;52,0;1217,53;692,14;6,26;61,22;0,4625
29/11/2004;23.00.00;-200,0;948,63;-200,0;3,1;559,89;181,0;2016,08;42,0;1277,04;528,19;6,68;75,61;0,558
30/11/2004;00.00.00;0,9;975,39;-200,0;8,3;749,81;68,0;2110,63;-200,0;1136,36;545,93;5,44;68,55;0,42
30/11/2004;01.00.00;1,2;1085,87;-200,0;5,9;662,67;259,0;1911,26;59,0;1212,34;571,17;4,61;78,09;0,4941
30/11/2004;02.00.00;-200,0;941,14;-200,0;9,0;767,91;195,0;1979,78;78,0;1409,3;837,17;4,5;80,37;0,5684
30/11/2004;03.00.00;1,2;1069,92;-200,0;8,3;750,28;286,0;1885,56;148,0;1720,04;1130,07;4,42;74,17;0,4835
30/11/2004;04.00.00;2,1;1328,0;-200,0;7,9;731,93;342,0;1707,45;-200,0;1428,38;719,7;3,57;78,67;0,5013
30/11/2004;05.00.00;-200,0;1316,16;-200,0;10,2;817,41;-200,0;1981,56;145,0;1735,54;1197,5;7,48;71,96;0,5611
30/11/2004;06.00.00;2,4;1446,89;-200,0;22,3;1315,02;403,0;1750,43;107,0;1518,78;824,36;3,39;80,6;0,4392
30/11/2004;07.00.00;2,7;1504,78;-200,0;13,1;968,28;629,0;1569,19;205,0;1948,65;1490,68;5,33;64,22;0,434
30/11/2004;08.00.00;5,1;2040,0;-200,0;9,6;803,83;-200,0;1423,08;263,0;2296,1;1906,13;13,53;62,3;0,6788
30/11/2004;09.00.00;4,5;-200,0;-200,0;18,8;-200,0;-200,0;-200,0;-200,0;-200,0;-200,0;-200,0;-200,0;-200,0
30/11/2004;10.00.00;2,1;1294,11;-200,0;11,9;897,48;464,0;1601,62;-200,0;1716,48;1198,51;7,85;49,47;0,4654
30/11/2004;11.00.00;2,6;1468,42;-200,0;-200,0;1187,62;351,0;1838,55;243,0;2220,35;1769,64;13,24;59,87;0,6677
30/11/2004;12.00.00;1,5;1124,5;-200,0;10,0;817,86;541,0;1687,12;101,0;1435,47;863,6;8,65;50,9;0,4016
30/11/2004;13.00.00;2,9;1544,05;-200,0;13,2;993,28;245,0;1808,75;-200,0;1786,16;1262,15;13,13;46,03;0,6068
30/11/2004;14.00.00;1,7;1229,42;-200,0;-200,0;796,92;-200,0;1850,4;123,0;1663,83;1096,43;18,39;40,25;0,6731
30/11/2004;15.00.00;4,6;1997,73;-200,0;8,5;769,39;199,0;1819,02;-200,0;1345,0;822,15;11,18;47,45;0,4616
30/11/2004;16.00.00;3,0;1542,3;-200,0;10,6;851,6;220,0;1887,63;110,0;1491,16;929,75;10,13;39,41;0,3947
30/11/2004;17.00.00;2,9;1529,58;-200,0;25,8;1437,58;-200,0;1226,84;169,0;1740,4;1325,6;10,6;49,3;0,4692
30/11/2004;18.00.00;-200,0;2040,0;-200,0;23,1;1367,81;322,0;1714,83;276,0;2277,17;1902,3;14,6;43,83;0,5135
30/11/2004;19.00.00;2,3;1368,58;-200,0;37,7;1926,4;704,0;1448,44;238,0;2134,98;1738,72;14,02;48,69;0,6114
30/11/2004;20.00.00;5,8;2040,0;-200,0;30,6;1637,29;343,0;1656,35;140,0;1624,98;1194,01;9,54;60,05;0,5315
30/11/2004;21.00.00;2,0;1351,12;-200,0;12,1;908,34;579,0;1570,18;114,0;1629,45;972,56;10,63;65,23;0,6416
30/11/2004;22.00.00;1,7;1246,29;-200,0;7,1;715,79;175,0;2026,9;119,0;1623,68;990,24;10,75;68,56;0,7265
30/11/2004;23.00.00;1,0;949,35;-200,0;4,5;615,02;99,0;2104,09;59,0;1376,58;720,48;10,34;64,67;0,6663
01/12/2004;00.00.00;-200,0;930,94;-200,0;8,3;751,06;54,0;2091,33;51,0;1222,08;762,64;5,1;71,59;0,4622
01/12/2004;01.00.00;1,3;1087,95;-200,0;4,1;576,6;269,0;1932,59;-200,0;1182,04;525,87;0,19;77,46;0,405
01/12/2004;02.00.00;1,6;1186,38;-200,0;5,2;615,29;95,0;2005,97;114,0;1481,67;1022,85;2,66;74,23;0,375
01/12/2004;03.00.00;-200,0;1283,19;-200,0;7,0;707,37;237,0;1880,14;81,0;1387,24;838,44;3,27;85,95;0,5432
01/12/2004;04.00.00;1,9;1244,71;-200,0;5,7;621,4;329,0;1848,75;-200,0;1613,11;1147,25;3,78;66,47;0,424
01/12/2004;05.00.00;-200,0;-200,0;-200,0;8,0;-200,0;644,0;-200,0;138,0;-200,0;-200,0;-200,0;-200,0;-200,0
01/12/2004;06.00.00;6,0;2040,0;-200,0;19,4;1224,09;266,0;1719,23;180,0;1915,74;1351,06;7,83;71,27;0,5678
01/12/2004;07.00.00;-200,0;1896,79;-200,0;23,7;1384,19;-200,0;1722,37;340,0;2674,9;2274,69;9,18;55,87;0,6022
01/12/2004;08.00.00;5,8;2040,0;-200,0;-200,0;1295,52;590,0;1481,3;288,0;2248,5;1963,29;7,49;58,77;0,425
01/12/2004;09.00.00;4,4;1983,68;-200,0;34,5;1836,97;554,0;1493,4;267,0;2291,52;1915,03;11,32;64,22;0,7044
01/12/2004;10.00.00;-200,0;1513,93;-200,0;41,7;2103,62;235,0;1864,58;340,0;2470,9;2326,35;11,14;56,58;0,5195
01/12/2004;11.00.00;-200,0;1560,41;-200,0;14,9;1019,0;700,0;1480,22;191,0;1905,62;1307,73;11,76;59,96;0,6543
01/12/2004;12.00.00;2,6;1510,08;-200,0;18,5;1167,65;-200,0;1826,03;95,0;1518,18;920,92;14,48;56,09;0,7251
01/12/2004;13.00.00;-200,0;1654,62;-200,0;13,4;965,32;233,0;1823,86;151,0;1646,32;1216,6;13,6;47,67;0,5636
01/12/2004;14.00.00;4,1;1889,4;-200,0;7,9;731,88;293,0;1789,21;161,0;1760,95;1301,34;18,07;45,27;0,6733
01/12/2004;15.00.00;3,2;1639,88;-200,0;9,2;827,17;385,0;1678,08;46,0;1195,33;619,38;11,25;43,42;0,4484
01/12/2004;16.00.00;1,2;1021,14;-200,0;-200,0;904,2;158,0;2005,41;74,0;1274,38;762,68;12,93;30,43;0,3567
01/12/2004;17.00.00;-200,0;1430,59;-200,0;11,1;894,21;462,0;1604,07;126,0;1587,17;1110,52;13,2;38,53;0,5318
01/12/2004;18.00.00;-200,0;2040,0;-200,0;8,0;744,85;359,0;1677,41;299,0;2348,25;1972,57;13,54;48,87;0,5292
01/12/2004;19.00.00;4,3;1900,56;-200,0;18,1;1156,18;795,0;1203,45;-200,0;2731,88;2179,86;14,16;55,17;0,6441
01/12/2004;20.00.00;4,1;1851,08;-200,0;9,1;791,58;644,0;1366,62;268,0;2275,93;1871,04;10,37;57,88;0,5709
01/12/2004;21.00.00;-200,0;1101,98;-200,0;9,7;826,95;-200,0;1895,43;189,0;1829,85;1472,52;6,28;56,63;0,4059
01/12/2004;22.00.00;2,3;1367,12;-200,0;3,8;621,63;-200,0;1958,6;57,0;1396,43;655,93;9,52;70,44;0,6367
01/12/2004;23.00.00;0,7;936,93;-200,0;7,3;706,61;134,0;2047,75;41,0;1290,76;550,87;8,14;77,5;0,6998
02/12/2004;00.00.00;0,7;863,14;-200,0;3,3;541,05;112,0;2126,03;87,0;1264,09;895,85;1,57;78,68;0,2839
02/12/2004;01.00.00;1,0;1008,11;-200,0;7,2;722,01;-200,0;2057,24;69,0;1311,47;769,84;4,65;81,8;0,5133
02/12/2004;02.00.00;1,5;1136,06;-200,0;9,1;753,39;93,0;2024,89;113,0;1509,61;975,13;0,98;75,85;0,3063
02/12/2004;03.00.00;1,0;1007,88;-200,0;10,2;818,6;123,0;2103,22;-200,0;1294,54;766,61;2,66;84,64;0,4323
02/12/2004;04.00.00;1,3;1174,53;-200,0;4,3;607,78;173,0;2007,01;-200,0;1302,11;694,09;2,35;79,38;0,5723
02/12/2004;05.00.00;-200,0;1653,42;-200,0;15,3;1036,99;-200,0;1930,44;74,0;1442,06;805,07;6,28;79,41;0,6169
02/12/2004;06.00.00;2,6;1464,16;-200,0;-200,0;1022,94;264,0;1909,94;181,0;1890,61;1274,94;5,69;75,82;0,5867
02/12/2004;07.00.00;4,4;1917,38;-200,0;25,2;1438,42;493,0;1540,38;293,0;2292,86;1971,12;3,92;69,66;0,4366
02/12/2004;08.00.00;3,2;1723,41;-200,0;50,9;2214,0;735,0;1402,44;331,0;2563,93;2262,4;9,46;61,62;0,5971
02/12/2004;09.00.00;-200,0;2040,0;-200,0;34,5;1784,17;901,0;1124,92;-200,0;2090,67;1743,56;6,12;60,85;0,3569
02/12/2004;10.00.00;3,6;1800,12;-200,0;12,1;902,36;556,0;1526,67;255,0;2277,68;1759,24;10,94;61,54;0,6655
02/12/2004;11.00.00;2,1;1338,88;-200,0;17,0;1066,53;371,0;1716,18;178,0;1782,94;1410,93;9,86;50,06;0,4251
02/12/2004;12.00.00;2,3;1394,08;-200,0;6,1;678,48;353,0;1786,04;63,0;1367,99;715,87;11,79;53,0;0,5308
02/12/2004;13.00.00;1,1;-200,0;-200,0;9,5;-200,0;170,0;-200,0;97,0;-200,0;-200,0;-200,0;-200,0;-200,0
02/12/2004;14.00.00;2,3;1369,37;-200,0;7,3;739,11;159,0;1953,32;108,0;1497,79;950,05;14,86;42,38;0,5545
02/12/2004;15.00.00;1,7;1300,53;-200,0;8,6;787,93;185,0;1974,2;136,0;1821,34;1146,54;16,66;50,21;0,7159
02/12/2004;16.00.00;2,0;1215,75;-200,0;5,6;647,49;193,0;1837,7;-200,0;1483,35;974,76;13,65;42,1;0,4288
02/12/2004;17.00.00;-200,0;1890,18;-200,0;8,7;786,3;191,0;1874,07;171,0;1887,77;1294,15;13,93;53,22;0,644
02/12/2004;18.00.00;5,0;-200,0;-200,0;18,3;-200,0;764,0;-200,0;233,0;-200,0;-200,0;-200,0;-200,0;-200,0
02/12/2004;19.00.00;4,4;1951,04;-200,0;22,9;1346,34;456,0;1638,1;-200,0;2394,46;1980,78;11,85;52,18;0,5242
02/12/2004;20.00.00;2,8;1545,97;-200,0;17,6;1131,07;1222,0;968,82;147,0;1748,32;1267,26;11,16;52,17;0,5931
02/12/2004;21.00.00;4,3;1914,81;-200,0;22,4;1310,54;369,0;1637,09;118,0;1527,82;970,71;8,79;60,82;0,4854
02/12/2004;22.00.00;1,1;1022,56;-200,0;8,6;757,89;96,0;2042,42;40,0;1177,52;526,25;4,09;64,9;0,4155
02/12/2004;23.00.00;1,6;1179,88;-200,0;6,1;683,48;-200,0;2045,26;-200,0;1339,01;591,85;7,15;63,97;0,5773
03/12/2004;00.00.00;0,7;970,63;-200,0;4,4;593,55;118,0;2118,83;68,0;1310,99;795,11;6,05;73,07;0,498
03/12/2004;01.00.00;2,0;1283,89;-200,0;3,5;560,17;157,0;1991,85;-200,0;1295,29;613,37;3,16;73,0;0,4917
03/12/2004;02.00.00;2,3;1304,11;-200,0;6,8;707,76;135,0;1958,18;71,0;1302,49;738,51;1,46;81,75;0,5368
03/12/2004;03.00.00;0,9;975,46;-200,0;15,5;1049,5;-200,0;1956,42;99,0;1572,81;856,25;6,81;85,96;0,6662
03/12/2004;04.00.00;2,3;1327,12;-200,0;9,6;809,71;121,0;2026,54;235,0;2179,19;1635,82;5,01;72,68;0,4679
03/12/2004;05.00.00;2,5;1469,88;-200,0;15,3;1036,65;-200,0;1930,15;109,0;1535,66;966,71;4,07;85,58;0,508
03/12/2004;06.00.00;3,4;1636,6;-200,0;20,3;1253,7;190,0;1912,54;177,0;1767,33;1390,81;3,05;73,52;0,5038
03/12/2004;07.00.00;4,3;1911,55;-200,0;23,1;1349,65;439,0;1648,86;193,0;1929,01;1474,61;4,71;65,56;0,5009
03/12/2004;08.00.00;3,6;1836,12;-200,0;27,7;1519,9;695,0;1387,31;312,0;2600,05;2090,71;10,17;69,88;0,7358
03/12/2004;09.00.00;4,7;-200,0;-200,0;17,6;-200,0;-200,0;-200,0;278,0;-200,0;-200,0;-200,0;-200,0;-200,0
03/12/2004;10.00.00;6,9;2040,0;-200,0;17,6;1120,41;762,0;1261,0;183,0;1853,35;1376,26;9,05;56,36;0,5502
03/12/2004;11.00.00;1,9;1228,51;-200,0;11,6;882,62;376,0;1757,32;138,0;1628,36;1219,85;12,37;50,41;0,5472
03/12/2004;12.00.00;-200,0;1404,06;-200,0;12,3;907,22;783,0;1325,92;179,0;1787,22;1374,89;10,76;44,62;0,3957
03/12/2004;13.00.00;3,2;1658,47;-200,0;5,7;697,37;212,0;1890,09;119,0;1689,89;959,5;16,19;49,46;0,7375
03/12/2004;14.00.00;-200,0;1124,52;-200,0;7,3;731,78;579,0;1584,93;68,0;1336,17;659,41;16,39;42,61;0,6759
03/12/2004;15.00.00;-200,0;1037,25;-200,0;10,0;845,36;-200,0;1877,68;83,0;1390,62;778,94;12,92;36,25;0,3579
03/12/2004;16.00.00;1,4;1120,89;-200,0;7,7;730,29;114,0;2082,54;-200,0;1265,4;809,97;12,43;46,8;0,46
03/12/2004;17.00.00;3,5;1686,28;-200,0;10,5;846,95;243,0;1776,7;220,0;1979,91;1643,49;7,95;39,82;0,33
03/12/2004;18.00.00;2,8;1496,42;-200,0;16,1;1092,6;687,0;1462,22;187,0;1869,6;1278,22;9,43;42,94;0,4367
03/12/2004;19.00.00;4,7;2033,27;-200,0;22,5;1334,83;334,0;1667,62;340,0;2574,46;2279,1;8,68;58,39;0,4474
03/12/2004;20.00.00;6,7;2040,0;-200,0;8,4;767,38;393,0;1543,69;311,0;2373,63;2031,33;10,42;50,79;0,5013
03/12/2004;21.00.00;2,7;1404,84;-200,0;9,8;789,19;-200,0;1927,47;150,0;1691,34;1229,54;8,2;49,85;0,3879
03/12/2004;22.00.00;1,3;1086,4;-200,0;10,5;830,73;444,0;1721,67;98,0;1562,21;921,31;4,87;69,2;0,5013
03/12/2004;23.00.00;1,4;1073,32;-200,0;6,0;665,57;192,0;1887,86;51,0;1228,55;749,31;5,79;68,91;0,4535
04/12/2004;00.00.00;1,1;1092,23;-200,0;5,3;657,62;87,0;2133,99;69,0;1378,79;744,15;6,2;73,24;0,5771
04/12/2004;01.00.00;1,5;1107,2;-200,0;2,6;527,2;222,0;1979,55;40,0;1156,23;652,48;5,45;75,61;0,5214
04/12/2004;02.00.00;2,5;1389,69;-200,0;5,0;628,26;-200,0;1870,07;57,0;1182,4;633,31;0,09;80,14;0,3443
04/12/2004;03.00.00;1,8;1227,66;-200,0;6,4;665,17;279,0;1905,23;68,0;1305,09;721,37;3,47;75,83;0,4686
04/12/2004;04.00.00;3,5;1720,13;-200,0;8,9;763,04;145,0;1904,99;114,0;1422,09;898,81;1,13;86,36;0,3556
04/12/2004;05.00.00;2,2;1326,72;-200,0;12,8;943,73;186,0;1890,68;-200,0;1704,62;1274,57;6,2;69,8;0,4852
04/12/2004;06.00.00;1,7;1230,18;-200,0;15,0;1032,33;172,0;1970,21;100,0;1505,65;919,89;6,76;76,55;0,6006
04/12/2004;07.00.00;6,9;2040,0;-200,0;12,1;898,37;389,0;1500,14;162,0;1727,53;1283,99;4,43;73,81;0,3943
04/12/2004;08.00.00;3,9;1822,5;-200,0;-200,0;1069,37;401,0;1689,61;-200,0;1580,57;1221,57;5,9;62,46;0,3217
04/12/2004;09.00.00;2,8;1510,59;-200,0;35,2;1801,97;361,0;1711,5;220,0;1942,13;1700,47;7,8;56,48;0,3439
04/12/2004;10.00.00;7,1;2040,0;-200,0;13,4;962,73;671,0;1205,14;242,0;2050,94;1694,58;5,51;62,02;0,5023
04/12/2004;11.00.00;1,8;1219,32;-200,0;7,2;692,94;379,0;1604,04;-200,0;1330,43;766,94;11,89;47,64;0,5004
04/12/2004;12.00.00;1,5;1204,51;-200,0;8,3;751,16;159,0;1982,67;-200,0;1515,25;1004,23;11,71;45,84;0,453
04/12/2004;13.00.00;1,5;1202,35;-200,0;13,6;977,12;305,0;1864,08;115,0;1639,84;1097,25;14,99;50,45;0,6936
04/12/2004;14.00.00;1,8;1233,1;-200,0;5,3;655,98;212,0;1986,28;86,0;1429,94;852,36;11,36;44,38;0,4339
04/12/2004;15.00.00;2,3;1367,09;-200,0;6,1;649,68;-200,0;1881,39;76,0;1322,3;790,06;12,48;34,61;0,3934
04/12/2004;16.00.00;-200,0;968,07;-200,0;6,0;674,13;412,0;1824,34;124,0;1604,26;1064,19;10,54;52,95;0,5159
04/12/2004;17.00.00;3,6;1682,38;-200,0;17,5;1122,91;-200,0;1688,23;104,0;1419,28;1038,13;11,04;43,36;0,4115
04/12/2004;18.00.00;2,9;1543,98;-200,0;19,6;1190,26;1011,0;1119,51;150,0;1708,57;1221,89;9,89;46,86;0,4519
04/12/2004;19.00.00;3,5;1714,68;-200,0;28,5;1575,27;-200,0;1395,31;122,0;1620,13;1085,9;13,21;53,88;0,6576
04/12/2004;20.00.00;6,2;-200,0;-200,0;30,4;-200,0;601,0;-200,0;205,0;-200,0;-200,0;-200,0;-200,0;-200,0
04/12/2004;21.00.00;-200,0;1411,95;-200,0;6,0;671,71;-200,0;1840,9;127,0;1643,51;1023,5;8,97;71,4;0,6051
04/12/2004;22.00.00;1,7;1271,98;-200,0;4,7;605,98;119,0;2049,52;59,0;1195,37;712,58;6,67;57,96;0,4223
04/12/2004;23.00.00;-200,0;1016,52;-200,0;4,0;589,18;190,0;2009,6;-200,0;1163,88;533,84;3,68;74,73;0,3504
05/12/2004;00.00.00;1,4;1066,43;-200,0;4,0;575,07;130,0;2064,26;44,0;1317,32;617,06;4,72;78,2;0,5359
05/12/2004;01.00.00;2,0;1246,83;-200,0;5,2;598,09;79,0;2067,36;51,0;1231,95;625,82;5,46;76,66;0,4766
05/12/2004;02.00.00;0,5;834,24;-200,0;3,9;572,96;60,0;2113,25;37,0;1170,64;530,32;1,35;83,08;0,4734
05/12/2004;03.00.00;1,9;1330,13;-200,0;4,1;600,35;243,0;1826,85;32,0;1224,83;493,1;5,21;84,43;0,5773
05/12/2004;04.00.00;2,4;1340,32;-200,0;8,3;756,36;213,0;1921,0;-200,0;1178,01;695,4;2,06;72,24;0,4086
05/12/2004;05.00.00;1,8;1253,07;-200,0;7,9;736,44;96,0;2038,08;-200,0;1261,54;644,21;3,3;86,1;0,5574
05/12/2004;06.00.00;1,4;1159,91;-200,0;8,8;793,08;121,0;2029,14;60,0;1202,05;626,85;6,12;66,69;0,4415
05/12/2004;07.00.00;1,6;1254,29;-200,0;4,8;612,17;618,0;1569,72;118,0;1584,62;1134,72;4,77;65,08;0,454
05/12/2004;08.00.00;-200,0;2040,0;-200,0;23,0;1356,83;316,0;1623,63;165,0;1822,36;1308,7;7,37;65,11;0,5302
05/12/2004;09.00.00;2,2;1355,99;-200,0;15,6;1055,0;320,0;1788,61;153,0;1698,15;1184,09;7,96;71,38;0,5794
05/12/2004;10.00.00;4,1;1816,68;-200,0;-200,0;853,13;219,0;1776,24;139,0;1528,09;1123,44;10,15;55,56;0,4803
05/12/2004;11.00.00;2,1;1288,28;-200,0;6,0;670,97;-200,0;1890,15;104,0;1563,85;1011,8;6,33;52,6;0,4199
05/12/2004;12.00.00;3,3;1719,28;-200,0;5,4;661,34;93,0;2047,39;86,0;1388,1;796,9;8,47;56,19;0,5139
05/12/2004;13.00.00;1,3;1137,07;-200,0;4,5;594,93;166,0;1939,09;73,0;1319,51;739,9;14,15;44,67;0,5494
05/12/2004;14.00.00;0,8;986,23;-200,0;2,7;540,78;76,0;2140,52;47,0;1101,13;643,46;15,5;38,48;0,4548
05/12/2004;15.00.00;1,4;1121,11;-200,0;4,2;568,17;-200,0;2107,09;42,0;1153,46;577,43;11,77;41,67;0,4113
05/12/2004;16.00.00;0,9;1026,59;-200,0;3,5;577,14;87,0;2004,12;61,0;1353,59;758,88;12,93;51,23;0,5753
05/12/2004;17.00.00;5,1;2040,0;-200,0;8,8;753,96;131,0;1900,47;-200,0;1784,29;1120,16;13,51;46,52;0,5788
05/12/2004;18.00.00;3,3;1648,67;-200,0;8,1;783,97;452,0;1639,51;-200,0;2383,44;1951,65;13,51;58,68;0,6076
05/12/2004;19.00.00;-200,0;1823,51;-200,0;18,8;1177,76;518,0;1548,54;188,0;1757,89;1403,19;7,04;56,45;0,4102
05/12/2004;20.00.00;3,4;1628,57;-200,0;6,4;681,04;298,0;1872,95;150,0;1683,98;1173,01;8,11;53,88;0,4285
05/12/2004;21.00.00;1,4;1050,71;-200,0;12,6;902,71;153,0;2040,35;126,0;1604,58;1083,27;7,93;62,01;0,5061
05/12/2004;22.00.00;1,2;1067,8;-200,0;6,9;715,03;203,0;1917,1;93,0;1403,54;865,79;8,7;62,15;0,4725
05/12/2004;23.00.00;-200,0;1064,64;-200,0;2,6;557,42;110,0;2079,83;34,0;1240,76;506,47;11,09;67,42;0,6675
06/12/2004;00.00.00;2,5;1443,24;-200,0;5,0;623,62;71,0;1989,37;149,0;1730,52;1202,1;4,47;89,0;0,5686
06/12/2004;01.00.00;1,0;952,73;-200,0;4,3;584,46;163,0;1968,09;-200,0;1509,2;934,09;1,32;82,6;0,3867
06/12/2004;02.00.00;1,2;1083,01;-200,0;8,5;763,27;189,0;1977,63;50,0;1290,38;683,43;4,44;83,61;0,5417
06/12/2004;03.00.00;1,6;1184,07;-200,0;15,6;1074,78;265,0;1938,3;64,0;1338,57;636,42;6,11;76,8;0,5343
06/12/2004;04.00.00;1,6;1239,79;-200,0;13,9;982,7;716,0;1390,76;-200,0;2156,94;1730,74;3,85;87,15;0,5736
06/12/2004;05.00.00;1,3;-200,0;-200,0;7,8;-200,0;186,0;-200,0;157,0;-200,0;-200,0;-200,0;-200,0;-200,0
06/12/2004;06.00.00;1,0;1059,4;-200,0;13,3;980,18;429,0;1804,2;117,0;1638,93;1037,48;6,85;84,05;0,6492
06/12/2004;07.00.00;2,0;1271,81;-200,0;33,5;1732,96;965,0;1160,74;212,0;2063,46;1606,75;7,29;80,08;0,592
06/12/2004;08.00.00;7,4;2040,0;-200,0;31,3;1671,23;1474,0;504,7;340,0;2533,99;2284,39;5,12;59,18;0,3754
06/12/2004;09.00.00;5,1;2040,0;-200,0;37,9;1937,25;777,0;1245,87;340,0;2577,69;2399,93;9,23;56,37;0,519
06/12/2004;10.00.00;5,2;2040,0;-200,0;24,5;1412,17;304,0;1762,25;-200,0;2579,5;2225,58;11,75;52,24;0,5598
06/12/2004;11.00.00;2,3;1370,61;-200,0;13,8;989,68;168,0;1963,53;160,0;1729,97;1347,99;13,33;48,2;0,5368
06/12/2004;12.00.00;2,3;1368,96;-200,0;10,6;865,33;403,0;1713,13;-200,0;1664,05;1113,69;11,87;50,81;0,5234
06/12/2004;13.00.00;-200,0;1733,25;-200,0;6,2;663,52;292,0;1734,52;97,0;1361,08;866,1;12,08;43,49;0,393
06/12/2004;14.00.00;-200,0;1648,84;-200,0;6,7;705,92;241,0;1929,26;74,0;1499,63;668,16;15,75;54,89;0,8065
06/12/2004;15.00.00;2,7;1468,09;-200,0;6,1;673,2;-200,0;1856,62;70,0;1296,19;767,77;11,05;53,44;0,5706
06/12/2004;16.00.00;-200,0;1426,67;-200,0;8,8;792,61;393,0;1722,13;-200,0;1489,75;988,11;14,17;44,5;0,5748
06/12/2004;17.00.00;3,7;-200,0;-200,0;15,5;-200,0;508,0;-200,0;184,0;-200,0;-200,0;-200,0;-200,0;-200,0
06/12/2004;18.00.00;5,0;2040,0;-200,0;21,0;1253,51;713,0;1356,0;151,0;1848,25;1224,14;14,13;56,63;0,6586
06/12/2004;19.00.00;4,7;1973,9;-200,0;27,3;1521,95;546,0;1430,97;340,0;2536,22;2204,54;10,45;50,66;0,4729
06/12/2004;20.00.00;3,6;1732,55;-200,0;26,9;1495,57;894,0;1197,16;184,0;1843,89;1456,68;12,3;47,21;0,4158
06/12/2004;21.00.00;4,1;-200,0;-200,0;11,1;-200,0;-200,0;-200,0;110,0;-200,0;-200,0;-200,0;-200,0;-200,0
06/12/2004;22.00.00;1,1;1005,58;-200,0;9,8;798,5;273,0;1871,88;-200,0;1383,15;728,81;4,73;63,35;0,4955
06/12/2004;23.00.00;2,2;1411,77;-200,0;8,2;745,56;103,0;2071,03;28,0;1324,41;448,27;8,82;71,95;0,7298
07/12/2004;00.00.00;1,2;1104,01;-200,0;6,0;660,8;150,0;2062,29;66,0;1350,0;622,18;7,91;75,25;0,566
07/12/2004;01.00.00;0,9;1061,75;-200,0;4,8;630,52;295,0;1910,26;49,0;1233,3;647,96;5,78;77,98;0,5636
07/12/2004;02.00.00;1,3;1066,36;-200,0;9,8;829,04;221,0;1873,83;42,0;1267,24;618,75;1,99;82,08;0,5222
07/12/2004;03.00.00;1,3;1090,68;-200,0;9,4;790,67;356,0;1817,53;92,0;1429,08;919,81;2,73;74,01;0,4196
07/12/2004;04.00.00;1,6;1131,97;-200,0;11,2;888,99;194,0;1925,81;-200,0;1472,56;888,44;3,8;81,52;0,4833
07/12/2004;05.00.00;1,8;1222,74;-200,0;18,1;1136,65;273,0;1913,57;210,0;1861,01;1518,09;2,6;75,46;0,3438
07/12/2004;06.00.00;2,2;1373,52;-200,0;16,8;1117,65;293,0;1809,91;150,0;1825,98;1169,66;8,19;75,8;0,691
07/12/2004;07.00.00;-200,0;1619,54;-200,0;-200,0;1776,97;257,0;1782,17;219,0;1989,04;1575,12;6,13;75,86;0,5544
07/12/2004;08.00.00;-200,0;2040,0;-200,0;24,3;1373,59;1125,0;949,63;-200,0;2130,09;1922,42;1,64;60,61;0,2924
07/12/2004;09.00.00;6,6;2040,0;-200,0;22,0;1299,9;917,0;1117,92;124,0;1652,48;1012,24;9,02;60,67;0,5496
07/12/2004;10.00.00;3,5;1677,64;-200,0;29,7;1613,77;650,0;1488,47;216,0;2036,76;1618,58;8,94;56,82;0,5065
07/12/2004;11.00.00;3,1;1594,03;-200,0;9,2;781,35;601,0;1562,21;146,0;1710,5;1243,65;10,69;50,5;0,504
07/12/2004;12.00.00;2,4;1460,14;-200,0;22,4;1309,21;177,0;1996,43;116,0;1549,41;1075,51;11,14;53,84;0,5327
07/12/2004;13.00.00;-200,0;1485,86;-200,0;16,1;1081,36;-200,0;2034,78;84,0;1477,35;822,21;14,29;42,88;0,6073
07/12/2004;14.00.00;2,0;1268,17;-200,0;9,3;810,59;385,0;1761,19;120,0;1554,6;1023,0;15,41;41,91;0,5441
07/12/2004;15.00.00;1,5;1152,63;-200,0;13,6;961,07;-200,0;1917,1;70,0;1379,35;784,51;13,91;40,52;0,5668
07/12/2004;16.00.00;1,6;1114,22;-200,0;13,0;928,11;286,0;1827,41;141,0;1764,85;1157,32;12,49;50,15;0,5791
07/12/2004;17.00.00;3,3;1619,56;-200,0;9,2;794,16;218,0;1913,1;187,0;1868,36;1353,34;12,59;44,02;0,5041
07/12/2004;18.00.00;-200,0;2040,0;-200,0;16,1;1078,75;-200,0;847,07;340,0;2592,72;2274,73;11,92;51,64;0,5417
07/12/2004;19.00.00;4,6;2040,0;-200,0;28,1;1539,89;932,0;1090,3;238,0;2093,63;1741,79;9,24;62,95;0,612
07/12/2004;20.00.00;3,3;1669,0;-200,0;22,3;1345,55;-200,0;1660,3;-200,0;2567,07;2217,5;10,79;57,04;0,569
07/12/2004;21.00.00;-200,0;1449,13;-200,0;21,5;1275,22;837,0;1239,15;155,0;1739,69;1250,78;9,26;67,63;0,5596
07/12/2004;22.00.00;-200,0;1189,07;-200,0;8,3;760,49;103,0;1997,9;81,0;1506,71;800,65;10,13;75,09;0,6628
07/12/2004;23.00.00;-200,0;1052,38;-200,0;-200,0;560,55;106,0;2067,41;-200,0;1388,76;633,0;8,35;76,21;0,6655
08/12/2004;00.00.00;0,8;919,09;-200,0;4,2;576,1;178,0;2039,45;67,0;1298,46;692,75;3,31;74,87;0,4094
08/12/2004;01.00.00;1,3;1100,44;-200,0;7,9;771,63;229,0;1915,27;58,0;1246,79;780,82;5,53;81,02;0,5672
08/12/2004;02.00.00;1,7;1195,39;-200,0;3,4;546,04;90,0;2034,69;77,0;1299,09;709,58;1,49;73,17;0,4458
08/12/2004;03.00.00;1,2;1060,99;-200,0;4,6;636,44;175,0;2020,4;113,0;1590,19;1072,6;4,61;76,32;0,5208
08/12/2004;04.00.00;1,5;1175,79;-200,0;7,7;724,57;310,0;1884,62;98,0;1394,86;864,84;2,36;76,59;0,4002
08/12/2004;05.00.00;1,6;1139,57;-200,0;14,4;1000,88;488,0;1579,37;125,0;1645,38;1093,74;1,84;89,0;0,5601
08/12/2004;06.00.00;1,7;1174,05;-200,0;11,8;888,65;611,0;1619,53;230,0;2083,31;1586,0;5,25;70,89;0,517
08/12/2004;07.00.00;2,7;1405,92;-200,0;22,5;1329,17;695,0;1416,36;248,0;2092,59;1723,36;0,37;67,09;0,3847
08/12/2004;08.00.00;-200,0;2040,0;-200,0;25,9;1477,43;748,0;1266,74;227,0;1953,15;1607,36;3,42;61,66;0,264
08/12/2004;09.00.00;3,2;1636,87;-200,0;24,6;1402,75;671,0;1413,68;249,0;2177,0;1745,11;7,87;65,02;0,5494
08/12/2004;10.00.00;3,7;1831,14;-200,0;15,0;1025,41;-200,0;1371,56;221,0;2003,43;1549,84;9,68;58,28;0,5785
08/12/2004;11.00.00;-200,0;1336,98;-200,0;18,5;1193,31;656,0;1603,99;-200,0;2392,1;2105,45;9,98;58,66;0,6354
08/12/2004;12.00.00;-200,0;1154,35;-200,0;-200,0;674,12;262,0;1824,76;79,0;1413,48;851,03;8,6;52,85;0,3808
08/12/2004;13.00.00;2,4;1363,24;-200,0;9,0;771,27;227,0;1819,37;-200,0;1484,87;993,78;10,92;39,73;0,4558
08/12/2004;14.00.00;1,6;1196,74;-200,0;13,9;1005,02;371,0;1772,1;155,0;1709,59;1281,41;13,83;40,8;0,5691
08/12/2004;15.00.00;1,6;1174,51;-200,0;6,5;691,26;-200,0;1747,54;117,0;1548,82;1122,19;14,38;51,05;0,5293
08/12/2004;16.00.00;-200,0;1707,22;-200,0;5,6;637,06;212,0;1865,28;108,0;1595,62;1007,09;13,02;43,82;0,5212
08/12/2004;17.00.00;2,2;1368,7;-200,0;6,7;713,34;233,0;1962,61;96,0;1508,74;965,3;14,86;52,57;0,6992
08/12/2004;18.00.00;7,6;2040,0;-200,0;28,4;1538,28;297,0;1622,2;340,0;2545,05;2339,55;12,55;48,75;0,5211
08/12/2004;19.00.00;4,4;1989,93;-200,0;33,4;1773,87;745,0;1331,62;238,0;2014,21;1798,76;9,23;48,39;0,4082
08/12/2004;20.00.00;-200,0;1521,89;-200,0;18,5;1135,21;365,0;1727,13;170,0;1781,59;1372,22;8,95;56,05;0,526
08/12/2004;21.00.00;2,3;1375,75;-200,0;8,1;726,81;509,0;1578,75;157,0;1662,39;1178,67;5,42;57,38;0,3701
08/12/2004;22.00.00;1,7;1203,84;-200,0;7,0;709,39;89,0;2032,79;131,0;1624,16;1162,09;6,71;64,05;0,4762
08/12/2004;23.00.00;2,0;1315,15;-200,0;8,3;745,31;240,0;1937,54;69,0;1330,6;748,02;7,95;72,23;0,6355
09/12/2004;00.00.00;-200,0;1149,1;-200,0;3,2;560,26;102,0;2095,68;52,0;1337,89;660,77;5,94;77,66;0,6491
09/12/2004;01.00.00;1,5;1162,0;-200,0;8,9;793,05;101,0;2047,29;-200,0;1339,27;666,85;6,58;70,01;0,5546
09/12/2004;02.00.00;2,5;1420,22;-200,0;3,6;557,27;134,0;2012,32;81,0;1392,22;762,23;2,67;79,67;0,4701
09/12/2004;03.00.00;0,9;1019,45;-200,0;5,1;629,65;-200,0;1997,71;76,0;1320,9;841,28;5,8;77,44;0,5287
09/12/2004;04.00.00;2,2;1339,24;-200,0;9,3;804,57;429,0;1678,15;102,0;1427,12;977,83;2,89;76,52;0,4011
09/12/2004;05.00.00;2,5;1410,37;-200,0;14,6;1022,59;350,0;1697,44;87,0;1448,19;897,19;6,72;78,62;0,6535
09/12/2004;06.00.00;3,0;1559,39;-200,0;22,5;1345,79;356,0;1790,64;104,0;1481,31;893,0;4,52;72,35;0,4687
09/12/2004;07.00.00;2,2;1340,36;-200,0;27,6;1524,09;313,0;1789,79;248,0;2278,72;1781,97;7,02;78,28;0,6647
09/12/2004;08.00.00;3,6;1783,01;-200,0;-200,0;2214,0;705,0;1327,58;250,0;2243,69;1814,18;9,76;72,97;0,6586
09/12/2004;09.00.00;4,8;2040,0;-200,0;27,9;1560,79;525,0;1530,91;282,0;2330,41;1995,25;7,72;68,28;0,5217
09/12/2004;10.00.00;5,7;2040,0;-200,0;15,2;1042,3;176,0;1864,23;-200,0;1783,22;1285,03;9,83;55,24;0,5345
09/12/2004;11.00.00;-200,0;2040,0;-200,0;21,1;1268,73;269,0;1707,99;124,0;1599,52;1036,77;13,18;48,56;0,5528
09/12/2004;12.00.00;1,9;1258,28;-200,0;18,4;1150,53;370,0;1694,12;104,0;1467,34;929,27;11,37;50,05;0,4524
09/12/2004;13.00.00;1,4;1074,08;-200,0;14,0;999,94;213,0;1928,74;91,0;1432,1;751,08;9,79;46,03;0,5176
09/12/2004;14.00.00;2,7;1431,59;-200,0;-200,0;878,26;216,0;1899,17;88,0;1434,27;843,84;17,22;41,94;0,5833
09/12/2004;15.00.00;4,8;2035,24;-200,0;14,7;1022,35;-200,0;1711,21;-200,0;1441,44;937,75;12,16;38,49;0,4606
09/12/2004;16.00.00;3,2;1625,25;-200,0;-200,0;908,6;377,0;1746,85;-200,0;1812,26;1270,77;13,25;44,78;0,5576
09/12/2004;17.00.00;2,4;1370,49;-200,0;15,0;1024,79;927,0;1227,6;212,0;1968,36;1520,75;14,74;44,76;0,5019
09/12/2004;18.00.00;11,9;2040,0;-200,0;29,1;1566,78;243,0;1481,21;-200,0;1949,09;1737,4;10,42;53,09;0,462
09/12/2004;19.00.00;-200,0;2040,0;-200,0;30,4;1648,36;496,0;1505,61;227,0;2040,89;1617,06;8,59;56,7;0,4716
09/12/2004;20.00.00;3,2;1628,07;-200,0;29,5;1625,03;853,0;1202,82;131,0;1574,82;1180,04;9,9;63,22;0,547
09/12/2004;21.00.00;5,4;2040,0;-200,0;-200,0;940,83;420,0;1540,74;117,0;1546,31;1021,14;4,52;56,07;0,4554
09/12/2004;22.00.00;1,3;1106,64;-200,0;10,5;846,27;191,0;1935,57;59,0;1286,97;703,76;6,23;69,04;0,4988
09/12/2004;23.00.00;1,1;1037,01;-200,0;7,4;696,0;-200,0;2047,65;62,0;1386,05;748,51;6,09;67,73;0,5391
10/12/2004;00.00.00;1,7;1222,64;-200,0;5,6;640,87;130,0;1947,84;101,0;1513,03;797,28;3,91;69,14;0,4628
10/12/2004;01.00.00;1,4;1080,18;-200,0;4,5;592,12;152,0;2042,55;60,0;1204,27;715,9;0,57;75,96;0,3963
10/12/2004;02.00.00;1,6;-200,0;-200,0;11,1;-200,0;77,0;-200,0;49,0;-200,0;-200,0;-200,0;-200,0;-200,0
10/12/2004;03.00.00;1,8;1270,96;-200,0;-200,0;632,76;-200,0;1800,86;83,0;1428,77;851,76;3,19;78,65;0,5358
10/12/2004;04.00.00;2,9;1558,42;-200,0;6,2;691,75;183,0;1953,26;87,0;1433,87;857,55;6,02;87,73;0,5963
10/12/2004;05.00.00;1,0;1014,37;-200,0;10,9;852,92;376,0;1826,49;170,0;1784,44;1220,47;3,14;80,85;0,5717
10/12/2004;06.00.00;3,0;1500,71;-200,0;5,0;620,04;396,0;1701,33;-200,0;1323,45;865,73;2,69;73,27;0,3625
10/12/2004;07.00.00;3,5;-200,0;-200,0;34,1;-200,0;-200,0;-200,0;152,0;-200,0;-200,0;-200,0;-200,0;-200,0
10/12/2004;08.00.00;-200,0;1798,89;-200,0;-200,0;1459,5;724,0;1360,65;340,0;2530,22;2278,84;6,26;69,4;0,4422
10/12/2004;09.00.00;3,9;1793,35;-200,0;46,8;2214,0;460,0;1658,0;173,0;1747,71;1506,77;5,63;57,85;0,3941
10/12/2004;10.00.00;1,5;1267,34;-200,0;38,4;1999,21;187,0;1926,03;255,0;2270,6;1792,23;12,22;67,15;0,73
10/12/2004;11.00.00;2,1;1390,5;-200,0;12,7;939,4;243,0;1961,78;121,0;1507,04;1027,99;9,24;54,81;0,4663
10/12/2004;12.00.00;3,7;1786,43;-200,0;18,4;1160,43;337,0;1774,29;169,0;1770,09;1371,89;7,84;49,88;0,3991
10/12/2004;13.00.00;-200,0;1531,58;-200,0;6,6;669,64;333,0;1741,09;-200,0;1509,77;1003,47;14,97;42,65;0,4764
10/12/2004;14.00.00;1,9;1225,5;-200,0;10,6;848,22;179,0;1921,08;96,0;1455,17;922,8;11,81;51,03;0,4878
10/12/2004;15.00.00;1,2;1021,78;-200,0;7,2;725,68;184,0;1984,95;117,0;1580,95;966,72;11,77;47,1;0,5196
10/12/2004;16.00.00;2,9;1549,9;-200,0;13,2;938,05;-200,0;1774,29;114,0;1612,35;1019,36;9,29;48,28;0,4348
10/12/2004;17.00.00;4,9;2040,0;-200,0;21,1;1266,21;478,0;1539,68;112,0;1633,2;1156,3;15,8;44,39;0,5627
10/12/2004;18.00.00;-200,0;2040,0;-200,0;20,8;1277,06;941,0;1114,08;206,0;1985,89;1580,77;8,94;53,96;0,5401
10/12/2004;19.00.00;-200,0;1727,32;-200,0;31,3;1659,98;554,0;1539,74;165,0;1746,99;1358,28;10,6;58,07;0,5058
10/12/2004;20.00.00;-200,0;1625,55;-200,0;30,3;1631,0;-200,0;1763,64;-200,0;1865,06;1547,5;11,11;54,51;0,5311
10/12/2004;21.00.00;4,9;2040,0;-200,0;14,1;976,54;-200,0;1187,35;-200,0;1327,74;839,06;8,83;55,43;0,458
10/12/2004;22.00.00;1,1;1036,41;-200,0;19,5;1212,52;388,0;1806,76;176,0;1849,47;1388,61;6,57;70,08;0,5589
10/12/2004;23.00.00;1,6;1104,67;-200,0;5,1;631,82;98,0;2020,55;60,0;1265,74;676,85;2,08;63,65;0,3583
11/12/2004;00.00.00;0,6;882,24;-200,0;8,6;790,75;163,0;2010,15;62,0;1299,22;687,5;2,72;76,14;0,4391
11/12/2004;01.00.00;-200,0;1046,21;-200,0;8,1;747,96;-200,0;1889,66;46,0;1187,37;556,77;3,92;76,01;0,3886
11/12/2004;02.00.00;1,8;1203,31;-200,0;2,9;561,32;-200,0;1864,53;80,0;1409,27;790,59;1,47;86,14;0,5053
11/12/2004;03.00.00;-200,0;1116,46;-200,0;11,9;903,58;119,0;1986,18;97,0;1490,63;879,79;3,28;78,69;0,4661
11/12/2004;04.00.00;-200,0;1318,3;-200,0;11,3;861,01;195,0;1910,76;114,0;1514,87;992,3;4,41;85,58;0,565
11/12/2004;05.00.00;1,2;1081,45;-200,0;8,9;780,96;-200,0;2028,17;-200,0;1460,87;890,12;5,47;75,67;0,493
11/12/2004;06.00.00;-200,0;1177,8;-200,0;12,2;909,51;185,0;1910,47;163,0;1677,97;1244,8;1,89;80,38;0,3982
11/12/2004;07.00.00;3,7;-200,0;-200,0;18,5;-200,0;413,0;-200,0;140,0;-200,0;-200,0;-200,0;-200,0;-200,0
11/12/2004;08.00.00;5,3;2040,0;-200,0;35,1;1825,34;630,0;1375,12;-200,0;2104,79;1828,48;8,12;61,97;0,4275
11/12/2004;09.00.00;4,5;2010,9;-200,0;17,9;1133,88;432,0;1646,54;233,0;2064,01;1645,14;7,87;64,12;0,4729
11/12/2004;10.00.00;4,5;2035,85;-200,0;28,6;1573,61;134,0;1927,95;119,0;1702,42;1097,14;11,35;71,74;0,8078
11/12/2004;11.00.00;1,3;1181,43;-200,0;7,4;726,63;316,0;1893,16;69,0;1432,8;747,25;15,11;53,99;0,7285
11/12/2004;12.00.00;1,7;1184,45;-200,0;4,7;606,66;317,0;1769,87;93,0;1429,5;814,18;8,53;50,24;0,4135
11/12/2004;13.00.00;3,5;1750,07;-200,0;10,4;853,44;-200,0;1770,51;84,0;1435,08;759,28;11,75;51,01;0,5975
11/12/2004;14.00.00;2,7;-200,0;-200,0;12,3;-200,0;173,0;-200,0;-200,0;-200,0;-200,0;-200,0;-200,0;-200,0
11/12/2004;15.00.00;2,1;1303,98;-200,0;6,8;730,26;171,0;1925,89;115,0;1507,35;1077,33;13,26;36,12;0,4277
11/12/2004;16.00.00;1,8;1255,98;-200,0;3,6;560,27;-200,0;1968,89;147,0;1708,58;1193,03;13,44;50,93;0,6044
11/12/2004;17.00.00;3,7;1766,8;-200,0;7,0;682,37;389,0;1625,5;169,0;1731,05;1322,99;12,13;37,05;0,4211
11/12/2004;18.00.00;4,2;1842,31;-200,0;21,1;1274,8;469,0;1623,05;237,0;2110,38;1685,69;10,1;47,84;0,4776
11/12/2004;19.00.00;2,4;1418,93;-200,0;20,3;1222,3;-200,0;1882,25;219,0;2062,12;1610,7;6,28;59,69;0,551
11/12/2004;20.00.00;4,9;2040,0;-200,0;27,8;1539,11;-200,0;1255,72;199,0;1895,5;1540,56;9,92;56,21;0,5155
11/12/2004;21.00.00;1,7;1188,24;-200,0;11,2;864,48;233,0;1921,73;-200,0;1708,07;1123,89;10,79;59,19;0,5761
11/12/2004;22.00.00;2,0;1284,32;-200,0;4,8;623,47;-200,0;1996,79;75,0;1276,26;702,59;5,4;71,71;0,4385
11/12/2004;23.00.00;0,7;961,2;-200,0;5,3;639,01;89,0;2125,33;65,0;1303,37;679,32;6,26;67,4;0,4949
12/12/2004;00.00.00;1,8;1263,43;-200,0;5,7;669,35;-200,0;1967,82;46,0;1166,02;573,54;1,09;69,41;0,456
12/12/2004;01.00.00;1,0;1043,81;-200,0;7,2;723,35;72,0;2074,77;42,0;1249,67;722,93;4,35;79,75;0,5684
12/12/2004;02.00.00;0,8;956,66;-200,0;4,6;605,84;85,0;2065,15;60,0;1257,3;703,56;2,15;79,26;0,418
12/12/2004;03.00.00;-200,0;1029,79;-200,0;5,5;641,46;107,0;2076,49;56,0;1286,91;657,97;1,24;74,57;0,3953
12/12/2004;04.00.00;-200,0;1118,65;-200,0;7,9;719,95;161,0;1875,91;106,0;1499,91;880,04;1,42;83,36;0,3806
12/12/2004;05.00.00;1,5;-200,0;-200,0;4,9;-200,0;112,0;-200,0;64,0;-200,0;-200,0;-200,0;-200,0;-200,0
12/12/2004;06.00.00;2,8;1504,49;-200,0;10,5;848,28;229,0;1885,79;222,0;2028,49;1613,86;5,0;73,72;0,5083
12/12/2004;07.00.00;2,4;1415,58;-200,0;10,2;834,93;163,0;1911,9;208,0;1874,7;1522,84;2,64;70,34;0,3837
12/12/2004;08.00.00;1,4;1055,9;-200,0;14,3;990,75;923,0;1252,67;113,0;1483,24;1024,56;5,68;69,8;0,4438
12/12/2004;09.00.00;2,0;1290,69;-200,0;14,8;1019,37;627,0;1526,72;-200,0;2098,14;1664,85;7,68;68,74;0,5812
12/12/2004;10.00.00;6,3;2040,0;-200,0;11,9;890,89;265,0;1737,6;121,0;1558,98;1036,45;6,86;56,72;0,4314
12/12/2004;11.00.00;1,9;1265,86;-200,0;17,1;1118,62;239,0;1797,75;111,0;1540,0;997,84;13,86;57,07;0,6037
12/12/2004;12.00.00;2,3;1270,24;-200,0;5,8;651,33;104,0;2008,81;129,0;1523,32;1111,53;9,59;52,89;0,3804
12/12/2004;13.00.00;-200,0;1149,37;-200,0;5,4;650,3;193,0;1983,99;56,0;1249,21;718,4;10,76;51,6;0,48
12/12/2004;14.00.00;1,0;964,84;-200,0;10,2;818,87;-200,0;1998,98;58,0;1205,36;551,3;10,64;45,6;0,3666
12/12/2004;15.00.00;1,2;1029,79;-200,0;6,8;693,75;150,0;2000,65;-200,0;1346,17;806,87;16,36;40,23;0,4666
12/12/2004;16.00.00;-200,0;1230,66;-200,0;8,7;799,17;229,0;1944,15;65,0;1380,49;771,02;13,7;43,09;0,5666
12/12/2004;17.00.00;1,7;1094,37;-200,0;6,1;699,37;231,0;1908,42;50,0;1233,14;720,31;10,22;48,92;0,4612
12/12/2004;18.00.00;5,2;2040,0;-200,0;14,0;991,22;325,0;1731,69;192,0;1943,4;1383,17;13,51;59,16;0,679
12/12/2004;19.00.00;2,4;1478,26;-200,0;19,7;1232,57;295,0;1785,39;180,0;1828,8;1375,68;10,67;51,37;0,494
12/12/2004;20.00.00;1,8;1196,22;-200,0;9,5;823,64;409,0;1709,65;-200,0;1627,99;1142,17;9,57;62,16;0,5114
12/12/2004;21.00.00;2,4;1384,77;-200,0;10,3;847,46;-200,0;1988,48;94,0;1439,93;918,88;7,08;61,15;0,4967
12/12/2004;22.00.00;1,8;1228,84;-200,0;4,7;583,91;137,0;2028,46;118,0;1561,26;949,38;4,97;68,0;0,4548
12/12/2004;23.00.00;-200,0;1042,2;-200,0;3,1;530,01;94,0;2089,64;64,0;1342,46;650,93;5,94;79,37;0,536
13/12/2004;00.00.00;-200,0;1044,55;-200,0;7,6;720,09;209,0;1940,66;45,0;1278,57;506,02;3,03;79,47;0,4434
13/12/2004;01.00.00;0,7;949,68;-200,0;-200,0;787,42;182,0;1979,31;-200,0;1302,93;734,55;6,96;72,31;0,4975
13/12/2004;02.00.00;2,5;1426,48;-200,0;7,3;696,05;-200,0;2023,44;114,0;1544,54;950,83;0,29;77,45;0,3629
13/12/2004;03.00.00;2,4;1544,65;-200,0;9,4;816,29;151,0;1909,82;129,0;1669,95;972,79;5,73;87,21;0,6099
13/12/2004;04.00.00;1,7;1138,88;-200,0;14,9;1026,23;172,0;1932,04;-200,0;1276,95;742,61;2,61;81,02;0,4477
13/12/2004;05.00.00;2,3;1401,46;-200,0;8,8;802,86;196,0;1989,18;97,0;1409,01;888,09;3,93;72,77;0,4633
13/12/2004;06.00.00;2,5;1481,14;-200,0;14,8;1008,33;518,0;1599,9;100,0;1454,17;957,21;5,79;71,56;0,5084
13/12/2004;07.00.00;6,8;2040,0;-200,0;16,5;1074,17;208,0;1707,29;257,0;2183,24;1817,32;3,9;75,44;0,4881
13/12/2004;08.00.00;-200,0;1718,68;-200,0;-200,0;1144,92;1326,0;771,46;214,0;2012,18;1602,84;8,09;72,56;0,6505
13/12/2004;09.00.00;-200,0;1887,32;-200,0;-200,0;1303,95;1115,0;988,11;340,0;2499,86;2249,28;2,24;63,01;0,3859
13/12/2004;10.00.00;3,0;1551,03;-200,0;12,7;967,0;579,0;1623,16;324,0;2608,72;2156,43;7,51;70,64;0,6136
13/12/2004;11.00.00;3,2;1579,4;-200,0;16,0;1055,67;421,0;1725,9;-200,0;1635,89;1135,54;8,31;58,05;0,4471
13/12/2004;12.00.00;2,4;-200,0;-200,0;8,2;-200,0;299,0;-200,0;82,0;-200,0;-200,0;-200,0;-200,0;-200,0
13/12/2004;13.00.00;-200,0;1347,99;-200,0;5,8;659,87;-200,0;1904,01;86,0;1361,94;870,01;11,56;43,26;0,481
13/12/2004;14.00.00;1,5;1130,05;-200,0;12,0;904,43;372,0;1749,99;117,0;1571,83;1041,94;13,26;40,66;0,502
13/12/2004;15.00.00;3,3;1612,79;-200,0;11,3;873,64;202,0;1848,84;128,0;1551,84;1008,66;14,07;46,6;0,5302
13/12/2004;16.00.00;1,9;1223,72;-200,0;9,0;821,68;-200,0;1779,44;112,0;1446,69;1084,96;12,97;43,09;0,5182
13/12/2004;17.00.00;4,7;2040,0;-200,0;19,9;1220,54;-200,0;1687,07;74,0;1374,07;771,38;10,66;55,71;0,4983
13/12/2004;18.00.00;11,9;-200,0;-200,0;16,4;-200,0;-200,0;-200,0;304,0;-200,0;-200,0;-200,0;-200,0;-200,0
13/12/2004;19.00.00;3,7;1775,1;-200,0;22,2;1308,88;636,0;1420,93;147,0;1762,96;1285,49;10,41;57,09;0,549
13/12/2004;20.00.00;4,8;-200,0;-200,0;24,8;-200,0;704,0;-200,0;119,0;-200,0;-200,0;-200,0;-200,0;-200,0
13/12/2004;21.00.00;2,6;1474,17;-200,0;19,6;1211,33;246,0;1822,3;202,0;1970,03;1479,73;9,21;59,56;0,5105
13/12/2004;22.00.00;3,5;1711,97;-200,0;6,5;694,92;223,0;1857,68;57,0;1346,01;714,45;6,43;73,86;0,6604
13/12/2004;23.00.00;1,2;-200,0;-200,0;4,3;-200,0;-200,0;-200,0;66,0;-200,0;-200,0;-200,0;-200,0;-200,0
14/12/2004;00.00.00;1,4;1149,99;-200,0;7,6;745,09;229,0;1937,74;61,0;1283,45;616,24;2,72;81,39;0,59
14/12/2004;01.00.00;-200,0;1214,8;-200,0;7,6;733,11;-200,0;1946,65;53,0;1227,33;617,8;2,13;81,02;0,3821
14/12/2004;02.00.00;1,6;1191,14;-200,0;7,4;718,39;209,0;1989,28;84,0;1333,91;912,35;2,1;80,7;0,4892
14/12/2004;03.00.00;2,3;1305,11;-200,0;12,5;915,97;166,0;1969,26;75,0;1343,5;742,52;3,09;77,54;0,3374
14/12/2004;04.00.00;2,1;1232,57;-200,0;18,9;1163,67;-200,0;1872,54;102,0;1467,13;930,84;4,16;79,97;0,5139
14/12/2004;05.00.00;-200,0;1437,86;-200,0;11,8;894,88;325,0;1715,9;-200,0;1474,73;937,13;3,12;79,59;0,5089
14/12/2004;06.00.00;2,9;1501,61;-200,0;10,4;844,79;298,0;1741,38;122,0;1616,15;1072,17;4,05;80,95;0,5585
14/12/2004;07.00.00;3,1;-200,0;-200,0;23,1;-200,0;438,0;-200,0;170,0;-200,0;-200,0;-200,0;-200,0;-200,0
14/12/2004;08.00.00;4,7;1953,62;-200,0;19,2;1156,85;521,0;1507,86;215,0;2026,27;1525,07;5,23;66,4;0,5101
14/12/2004;09.00.00;6,3;2040,0;-200,0;42,2;2113,27;711,0;1341,94;340,0;2566,99;2382,4;5,71;63,28;0,4238
14/12/2004;10.00.00;-200,0;2004,23;-200,0;15,0;1007,66;408,0;1635,65;186,0;1761,16;1394,54;5,34;61,71;0,4207
14/12/2004;11.00.00;4,4;1898,01;-200,0;12,6;937,78;412,0;1616,33;105,0;1435,03;1009,91;8,67;49,51;0,4055
14/12/2004;12.00.00;4,5;1961,87;-200,0;8,1;762,78;208,0;1886,63;108,0;1446,36;901,64;12,04;43,74;0,4103
14/12/2004;13.00.00;1,8;1218,72;-200,0;10,7;854,61;245,0;1891,38;94,0;1436,42;908,71;10,48;50,84;0,5708
14/12/2004;14.00.00;2,1;1291,38;-200,0;9,9;836,92;156,0;1986,95;89,0;1382,65;891,41;11,91;38,08;0,4058
14/12/2004;15.00.00;1,8;1207,83;-200,0;11,6;909,15;359,0;1856,44;123,0;1662,34;1008,3;13,49;51,48;0,6559
14/12/2004;16.00.00;1,5;1192,19;-200,0;10,7;859,24;268,0;1917,07;93,0;1443,73;919,6;13,43;44,89;0,5747
14/12/2004;17.00.00;-200,0;1776,83;-200,0;15,5;1011,96;414,0;1673,74;149,0;1677,28;1128,38;9,73;39,73;0,3184
14/12/2004;18.00.00;5,8;2040,0;-200,0;18,0;1154,66;794,0;1238,35;301,0;2426,87;1989,73;13,09;47,92;0,607
14/12/2004;19.00.00;-200,0;1698,48;-200,0;23,0;1339,57;1479,0;653,59;-200,0;2546,97;2211,59;12,31;55,95;0,6329
14/12/2004;20.00.00;3,7;1787,25;-200,0;12,6;878,1;610,0;1473,51;188,0;1818,75;1334,39;6,59;55,73;0,3684
14/12/2004;21.00.00;2,4;1397,84;-200,0;22,6;1309,6;190,0;1854,52;200,0;1858,5;1530,66;5,91;63,15;0,4781
14/12/2004;22.00.00;1,0;1024,04;-200,0;7,2;736,92;304,0;1838,8;112,0;1495,84;927,94;8,64;71,41;0,5641
14/12/2004;23.00.00;1,3;1134,21;-200,0;10,0;829,37;70,0;2079,3;80,0;1457,02;846,35;4,76;71,04;0,5556
15/12/2004;00.00.00;0,9;890,82;-200,0;5,0;636,14;97,0;2094,31;65,0;1314,86;631,28;-0,52;71,22;0,3739
15/12/2004;01.00.00;-200,0;1141,6;-200,0;2,9;559,49;-200,0;1895,7;-200,0;1299,39;694,98;0,33;77,27;0,3797
15/12/2004;02.00.00;-200,0;1207,65;-200,0;5,9;666,61;148,0;2095,96;56,0;1281,55;693,64;2,13;87,64;0,5548
15/12/2004;03.00.00;2,1;1257,67;-200,0;8,0;727,92;157,0;2003,36;57,0;1188,38;775,5;0,13;89,0;0,3564
15/12/2004;04.00.00;-200,0;1382,21;-200,0;9,2;771,41;259,0;1871,98;98,0;1375,51;867,74;1,8;70,47;0,349
15/12/2004;05.00.00;3,8;1838,17;-200,0;13,3;955,99;268,0;1727,88;115,0;1456,48;917,61;3,19;84,22;0,4948
15/12/2004;06.00.00;-200,0;1375,53;-200,0;13,9;977,91;259,0;1869,09;132,0;1700,09;1048,3;6,85;77,16;0,7036
15/12/2004;07.00.00;3,0;1545,48;-200,0;16,9;1080,15;761,0;1381,81;203,0;1911,93;1532,65;4,38;76,8;0,4472
15/12/2004;08.00.00;6,5;2040,0;-200,0;18,5;1154,7;1227,0;771,45;340,0;2532,25;2354,51;8,31;65,09;0,4634
15/12/2004;09.00.00;4,9;-200,0;-200,0;22,6;-200,0;-200,0;-200,0;-200,0;-200,0;-200,0;-200,0;-200,0;-200,0
15/12/2004;10.00.00;-200,0;2040,0;-200,0;24,6;1415,32;678,0;1315,85;151,0;1795,4;1276,63;11,62;61,44;0,6845
15/12/2004;11.00.00;3,5;1745,47;-200,0;18,9;1176,98;272,0;1771,86;165,0;1787,17;1300,81;10,53;49,47;0,4508
15/12/2004;12.00.00;4,7;1988,15;-200,0;8,6;766,56;172,0;1794,67;125,0;1471,79;1078,31;7,07;43,51;0,3306
15/12/2004;13.00.00;2,1;1310,97;-200,0;14,6;1006,93;-200,0;2121,6;-200,0;1620,92;1125,15;12,71;41,0;0,4946
15/12/2004;14.00.00;1,2;1055,82;-200,0;11,3;893,38;-200,0;1765,69;177,0;1712,42;1291,9;14,38;48,8;0,5944
15/12/2004;15.00.00;2,2;1341,24;-200,0;6,2;685,95;-200,0;1862,12;-200,0;1964,08;1509,38;12,29;45,88;0,508
15/12/2004;16.00.00;-200,0;1328,86;-200,0;11,3;900,13;-200,0;1912,74;-200,0;1736,03;1139,24;15,78;49,71;0,6946
15/12/2004;17.00.00;3,8;1783,05;-200,0;17,6;1129,52;183,0;1782,2;170,0;1829,28;1283,6;13,51;50,94;0,5742
15/12/2004;18.00.00;5,6;2040,0;-200,0;14,9;1004,52;377,0;1687,27;219,0;1992,54;1591,65;12,13;48,35;0,5109
15/12/2004;19.00.00;4,2;-200,0;-200,0;15,3;-200,0;342,0;-200,0;340,0;-200,0;-200,0;-200,0;-200,0;-200,0
15/12/2004;20.00.00;3,0;1483,36;-200,0;25,6;1436,64;1082,0;984,7;-200,0;1894,34;1512,55;9,42;55,96;0,55
15/12/2004;21.00.00;2,6;1524,08;-200,0;11,2;875,67;-200,0;1639,06;191,0;1777,01;1429,93;2,47;62,13;0,317
15/12/2004;22.00.00;0,7;956,22;-200,0;13,3;923,93;107,0;2111,43;77,0;1292,37;801,63;5,16;63,0;0,2818
15/12/2004;23.00.00;1,4;1084,04;-200,0;10,3;848,75;245,0;1911,32;40,0;1187,56;640,26;7,35;74,13;0,6216
16/12/2004;00.00.00;1,1;1019,18;-200,0;6,2;677,92;88,0;2116,34;103,0;1519,16;930,35;2,21;81,4;0,5054
16/12/2004;01.00.00;2,0;1258,08;-200,0;8,7;779,3;165,0;2033,29;-200,0;1140,12;614,73;2,58;74,81;0,4426
16/12/2004;02.00.00;0,8;966,97;-200,0;4,7;615,56;198,0;1942,62;39,0;1202,14;594,09;0,44;87,09;0,4488
16/12/2004;03.00.00;1,8;1257,91;-200,0;-200,0;620,1;-200,0;1965,87;112,0;1576,39;1024,58;5,93;81,87;0,5632
16/12/2004;04.00.00;-200,0;1674,93;-200,0;8,6;756,77;203,0;1814,27;91,0;1595,68;923,3;5,89;81,89;0,6152
16/12/2004;05.00.00;2,8;1585,47;-200,0;6,3;699,15;272,0;1808,13;132,0;1614,13;1042,5;1,26;70,39;0,4149
16/12/2004;06.00.00;-200,0;1779,13;-200,0;14,7;1007,02;309,0;1755,71;144,0;1690,17;1115,84;4,12;66,99;0,4322
16/12/2004;07.00.00;4,4;2017,71;-200,0;14,3;993,97;586,0;1476,19;256,0;2220,18;1727,4;3,5;73,02;0,5737
16/12/2004;08.00.00;2,9;1510,23;-200,0;28,3;1556,71;828,0;1259,3;262,0;2204,53;1865,39;7,3;71,91;0,4897
16/12/2004;09.00.00;5,5;2040,0;-200,0;24,7;1432,35;-200,0;1444,59;340,0;2485,87;2342,64;8,38;59,94;0,5159
16/12/2004;10.00.00;4,5;2021,77;-200,0;25,0;1424,35;-200,0;1139,35;290,0;2422,34;1906,75;10,28;66,99;0,5817
16/12/2004;11.00.00;2,0;-200,0;-200,0;15,5;-200,0;257,0;-200,0;248,0;-200,0;-200,0;-200,0;-200,0;-200,0
16/12/2004;12.00.00;2,3;1394,7;-200,0;9,5;813,39;343,0;1831,1;185,0;1891,25;1430,46;16,77;46,03;0,5774
16/12/2004;13.00.00;0,8;932,75;-200,0;5,9;667,23;-200,0;1919,64;-200,0;1423,06;893,16;9,63;47,87;0,3726
16/12/2004;14.00.00;-200,0;1255,28;-200,0;9,7;815,82;162,0;1986,73;127,0;1561,98;1050,74;8,77;58,3;0,4746
16/12/2004;15.00.00;1,7;-200,0;-200,0;4,5;-200,0;198,0;-200,0;-200,0;-200,0;-200,0;-200,0;-200,0;-200,0
16/12/2004;16.00.00;3,6;1724,52;-200,0;16,5;1092,74;202,0;1861,92;131,0;1535,89;1163,2;9,05;48,56;0,3996
16/12/2004;17.00.00;2,5;1446,71;-200,0;18,7;1172,75;545,0;1641,14;110,0;1472,87;1031,6;8,7;46,1;0,3694
16/12/2004;18.00.00;4,1;1791,88;-200,0;30,9;1683,15;597,0;1409,44;-200,0;2455,33;2116,34;8,89;54,11;0,4646
16/12/2004;19.00.00;4,9;2040,0;-200,0;17,8;1135,62;1277,0;763,43;340,0;2544,89;2254,68;8,01;60,64;0,4896
16/12/2004;20.00.00;3,5;1699,4;-200,0;24,5;1423,92;-200,0;1694,1;340,0;2576,37;2308,84;6,74;56,71;0,5065
16/12/2004;21.00.00;3,6;1752,52;-200,0;10,3;835,51;141,0;1875,86;214,0;2079,75;1534,3;8,4;68,9;0,6185
16/12/2004;22.00.00;-200,0;964,39;-200,0;7,9;749,65;219,0;1936,66;88,0;1417,51;810,4;5,05;79,07;0,523
16/12/2004;23.00.00;2,0;1317,99;-200,0;-200,0;563,66;255,0;1885,29;59,0;1393,22;676,86;4,5;72,63;0,5824
17/12/2004;00.00.00;1,3;1096,86;-200,0;5,1;619,55;147,0;2016,53;43,0;1335,84;612,73;5,52;80,07;0,5877
17/12/2004;01.00.00;2,3;1378,93;-200,0;3,6;580,58;-200,0;2003,02;122,0;1563,84;976,95;1,4;76,05;0,3576
17/12/2004;02.00.00;0,6;903,91;-200,0;6,6;717,16;111,0;1987,2;56,0;1268,4;655,26;1,91;80,9;0,4598
17/12/2004;03.00.00;0,8;902,59;-200,0;4,3;594,2;469,0;1694,15;49,0;1208,63;626,84;3,0;80,53;0,5057
17/12/2004;04.00.00;1,8;1211,96;-200,0;17,6;1104,68;197,0;1877,59;135,0;1580,37;1126,41;-1,45;84,79;0,3376
17/12/2004;05.00.00;2,7;-200,0;-200,0;-200,0;-200,0;175,0;-200,0;118,0;-200,0;-200,0;-200,0;-200,0;-200,0
17/12/2004;06.00.00;2,3;1332,21;-200,0;13,1;936,93;574,0;1562,96;157,0;1805,06;1268,68;4,42;75,6;0,4988
17/12/2004;07.00.00;4,7;2009,44;-200,0;24,9;1442,63;497,0;1532,4;-200,0;2045,14;1658,6;5,75;80,09;0,5538
17/12/2004;08.00.00;7,3;2040,0;-200,0;16,1;1091,62;314,0;1567,8;205,0;2050,6;1456,83;10,1;75,73;0,7898
17/12/2004;09.00.00;6,6;2040,0;-200,0;19,7;1224,94;1479,0;457,28;326,0;2601,58;2157,92;7,58;67,65;0,5814
17/12/2004;10.00.00;4,1;1906,95;-200,0;24,0;1384,72;690,0;1445,14;195,0;1892,24;1481,5;10,2;56,18;0,5024
17/12/2004;11.00.00;2,9;1536,69;-200,0;14,6;995,51;-200,0;1898,58;130,0;1605,69;1092,61;9,37;51,36;0,4849
17/12/2004;12.00.00;-200,0;1312,18;-200,0;8,5;781,81;525,0;1610,65;195,0;1894,89;1481,47;11,4;46,63;0,5417
17/12/2004;13.00.00;-200,0;1302,08;-200,0;12,8;940,46;167,0;1953,17;143,0;1723,64;1197,15;14,93;52,58;0,6013
17/12/2004;14.00.00;1,4;1061,35;-200,0;10,3;808,39;147,0;1943,9;49,0;1143,93;535,97;7,85;39,97;0,276
17/12/2004;15.00.00;1,5;1128,76;-200,0;10,6;876,55;153,0;2052,94;105,0;1522,48;961,1;13,09;48,8;0,5559
17/12/2004;16.00.00;2,7;1471,69;-200,0;11,9;942,6;603,0;1488,08;161,0;1784,99;1282,66;16,37;40,63;0,5674
17/12/2004;17.00.00;2,7;1491,96;-200,0;11,8;903,14;977,0;1159,46;-200,0;1561,78;893,7;12,16;51,95;0,5563
17/12/2004;18.00.00;3,4;1727,17;-200,0;21,8;1308,86;-200,0;1614,09;187,0;1861,41;1439,06;14,1;50,78;0,6005
17/12/2004;19.00.00;5,9;2040,0;-200,0;12,7;962,25;1474,0;594,82;340,0;2603,46;2383,24;8,51;61,09;0,5054
17/12/2004;20.00.00;4,9;2025,91;-200,0;17,7;1130,92;227,0;1788,01;204,0;2006,47;1479,43;8,5;64,47;0,5693
17/12/2004;21.00.00;-200,0;1537,67;-200,0;12,2;934,28;-200,0;1552,81;78,0;1452,57;781,67;7,33;70,59;0,6156
17/12/2004;22.00.00;1,6;1126,88;-200,0;9,5;791,67;330,0;1848,14;124,0;1499,99;1060,67;1,54;75,38;0,3821
17/12/2004;23.00.00;1,5;1164,44;-200,0;6,5;695,46;233,0;1955,29;58,0;1348,24;732,96;2,43;73,14;0,5405
18/12/2004;00.00.00;1,7;1222,68;-200,0;3,5;548,38;105,0;2085,82;60,0;1280,18;731,63;1,45;70,47;0,4753
18/12/2004;01.00.00;-200,0;1147,77;-200,0;3,9;580,63;153,0;2023,02;59,0;1297,58;641,87;4,49;73,86;0,5517
18/12/2004;02.00.00;1,0;1027,64;-200,0;9,9;793,88;105,0;2156,31;97,0;1447,42;921,21;4,09;70,48;0,4821
18/12/2004;03.00.00;1,5;1179,36;-200,0;6,1;678,02;167,0;1989,09;54,0;1283,14;639,93;2,82;76,11;0,5478
18/12/2004;04.00.00;1,5;1161,96;-200,0;8,0;749,31;177,0;1980,88;106,0;1454,61;918,0;3,99;81,26;0,5021
18/12/2004;05.00.00;-200,0;1107,99;-200,0;11,6;868,96;199,0;2013,2;147,0;1670,42;1223,44;2,52;76,32;0,3978
18/12/2004;06.00.00;2,8;1456,07;-200,0;10,4;876,43;452,0;1732,78;78,0;1390,47;918,51;6,04;75,36;0,5222
18/12/2004;07.00.00;3,9;1788,26;-200,0;14,7;1012,34;462,0;1667,35;136,0;1647,31;1114,61;4,69;75,0;0,4492
18/12/2004;08.00.00;5,4;2040,0;-200,0;18,7;1172,34;1188,0;850,08;340,0;2527,6;2227,53;6,0;66,67;0,4899
18/12/2004;09.00.00;-200,0;1473,47;-200,0;17,5;1108,18;651,0;1496,15;329,0;2502,31;2141,7;6,64;57,92;0,4535
18/12/2004;10.00.00;3,4;1663,81;-200,0;16,8;1110,88;1081,0;1082,92;135,0;1652,49;1181,18;9,84;58,61;0,5549
18/12/2004;11.00.00;2,4;1350,46;-200,0;5,6;633,32;494,0;1637,63;85,0;1359,67;935,03;8,83;50,04;0,4357
18/12/2004;12.00.00;-200,0;1336,11;-200,0;8,1;761,84;228,0;1854,06;113,0;1572,11;912,07;12,66;49,45;0,5556
18/12/2004;13.00.00;2,0;1309,38;-200,0;10,3;826,65;227,0;1860,5;104,0;1554,52;925,74;9,24;54,66;0,576
18/12/2004;14.00.00;1,7;1178,41;-200,0;9,0;790,16;-200,0;2019,46;85,0;1357,51;723,33;9,81;44,79;0,4466
18/12/2004;15.00.00;1,6;1236,45;-200,0;12,7;937,78;196,0;1988,47;175,0;1960,48;1372,13;13,55;54,39;0,6839
18/12/2004;16.00.00;2,8;1471,1;-200,0;11,8;912,49;144,0;1929,71;118,0;1578,16;989,63;11,83;53,3;0,5713
18/12/2004;17.00.00;2,0;-200,0;-200,0;14,6;-200,0;581,0;-200,0;106,0;-200,0;-200,0;-200,0;-200,0;-200,0
18/12/2004;18.00.00;3,4;1662,48;-200,0;-200,0;1159,66;429,0;1631,52;279,0;2210,08;1892,13;12,49;45,25;0,4063
18/12/2004;19.00.00;6,0;2040,0;-200,0;17,4;1110,44;-200,0;1334,59;232,0;2083,72;1591,81;8,46;54,27;0,5662
18/12/2004;20.00.00;2,6;1470,02;-200,0;21,0;1254,57;181,0;1957,07;153,0;1636,67;1296,53;8,07;64,64;0,5101
18/12/2004;21.00.00;-200,0;1246,97;-200,0;12,4;932,64;257,0;1900,46;163,0;1775,68;1309,25;9,97;61,08;0,5419
18/12/2004;22.00.00;2,0;1258,81;-200,0;5,6;655,88;132,0;1996,48;116,0;1664,07;1067,52;8,96;72,73;0,6516
18/12/2004;23.00.00;0,7;986,41;-200,0;3,4;575,67;155,0;2085,45;58,0;1322,96;650,8;7,82;78,57;0,6695
19/12/2004;00.00.00;1,3;1091,86;-200,0;3,8;588,23;-200,0;2172,71;-200,0;1184,34;559,34;2,99;72,5;0,4647
19/12/2004;01.00.00;-200,0;948,95;-200,0;6,7;702,81;144,0;2025,43;-200,0;1282,32;670,8;5,22;75,85;0,6117
19/12/2004;02.00.00;-200,0;1146,13;-200,0;5,0;624,63;130,0;2091,7;41,0;1218,94;609,43;0,36;84,59;0,4956
19/12/2004;03.00.00;-200,0;957,51;-200,0;5,4;620,55;208,0;1937,29;66,0;1295,48;698,38;0,27;82,4;0,3667
19/12/2004;04.00.00;2,2;1299,18;-200,0;7,0;729,78;167,0;2006,77;-200,0;1442,39;862,89;-2,0;77,6;0,3759
19/12/2004;05.00.00;1,0;1003,19;-200,0;7,9;751,8;89,0;2037,71;39,0;1272,41;626,22;6,1;77,47;0,5469
19/12/2004;06.00.00;2,3;1327,68;-200,0;8,8;772,92;193,0;1907,01;113,0;1480,52;1000,25;1,82;76,02;0,4108
19/12/2004;07.00.00;1,6;1191,53;-200,0;11,1;856,22;290,0;1858,68;111,0;1401,45;993,05;4,33;64,82;0,3668
19/12/2004;08.00.00;5,8;2040,0;-200,0;12,3;914,72;102,0;1784,14;138,0;1607,74;1221,95;3,97;72,13;0,3732
19/12/2004;09.00.00;3,0;1536,28;-200,0;22,0;1306,04;264,0;1746,1;108,0;1579,18;1028,75;8,48;61,25;0,5205
19/12/2004;10.00.00;4,8;2040,0;-200,0;9,7;813,14;710,0;1294,26;90,0;1349,49;824,59;7,63;45,06;0,3159
19/12/2004;11.00.00;1,4;1088,68;-200,0;15,2;1021,16;187,0;2025,33;164,0;1731,85;1266,66;6,98;54,52;0,4682
19/12/2004;12.00.00;1,4;1066,52;-200,0;7,4;746,2;164,0;1977,59;103,0;1510,97;1016,62;11,51;47,21;0,4735
19/12/2004;13.00.00;2,3;1428,92;-200,0;6,5;697,29;-200,0;2089,66;110,0;1511,71;1099,46;8,55;56,5;0,4992
19/12/2004;14.00.00;-200,0;953,87;-200,0;8,0;715,55;80,0;2014,99;51,0;1236,82;619,78;10,24;43,33;0,4817
19/12/2004;15.00.00;-200,0;965,91;-200,0;4,5;597,38;166,0;2014,43;-200,0;1451,57;1027,06;7,87;40,15;0,2549
19/12/2004;16.00.00;1,8;1182,3;-200,0;8,2;758,51;130,0;2022,34;72,0;1334,4;784,74;9,07;48,79;0,3957
19/12/2004;17.00.00;-200,0;-200,0;-200,0;9,6;-200,0;148,0;-200,0;-200,0;-200,0;-200,0;-200,0;-200,0;-200,0
19/12/2004;18.00.00;3,3;1543,31;-200,0;15,1;1039,78;594,0;1589,64;101,0;1353,58;896,88;6,69;47,02;0,3727
19/12/2004;19.00.00;3,2;1618,81;-200,0;11,3;886,46;294,0;1735,19;116,0;1492,66;1038,22;6,63;57,19;0,4876
19/12/2004;20.00.00;1,5;1198,26;-200,0;9,5;786,47;190,0;1946,66;108,0;1478,38;923,57;8,38;53,78;0,4988
19/12/2004;21.00.00;-200,0;1467,08;-200,0;4,1;580,93;209,0;2008,88;69,0;1373,34;647,92;6,0;56,35;0,4139
19/12/2004;22.00.00;0,8;1006,33;-200,0;4,3;591,23;83,0;2045,83;78,0;1459,6;829,19;9,78;76,93;0,7277
19/12/2004;23.00.00;1,4;1226,25;-200,0;3,3;576,99;59,0;2059,2;106,0;1592,47;1033,39;8,26;75,54;0,6513
20/12/2004;00.00.00;1,4;1090,84;-200,0;4,1;564,18;117,0;2041,52;55,0;1176,93;641,36;1,73;75,15;0,3368
20/12/2004;01.00.00;1,2;1038,27;-200,0;5,8;642,35;110,0;1986,5;64,0;1279,84;712,79;3,79;79,32;0,4895
20/12/2004;02.00.00;1,1;1068,55;-200,0;7,2;715,24;-200,0;2098,13;44,0;1279,17;558,28;3,67;83,66;0,533
20/12/2004;03.00.00;-200,0;-200,0;-200,0;9,7;-200,0;255,0;-200,0;67,0;-200,0;-200,0;-200,0;-200,0;-200,0
20/12/2004;04.00.00;1,5;1111,85;-200,0;11,3;884,4;334,0;1823,63;60,0;1262,66;698,17;-0,82;77,35;0,3083
20/12/2004;05.00.00;3,4;1680,02;-200,0;13,3;936,69;243,0;1897,68;150,0;1656,31;1156,33;2,65;81,17;0,408
20/12/2004;06.00.00;-200,0;1890,3;-200,0;17,1;1086,22;454,0;1627,59;269,0;2210,89;1836,12;3,12;73,94;0,4317
20/12/2004;07.00.00;6,9;2040,0;-200,0;21,5;1277,74;455,0;1489,31;150,0;1764,84;1120,57;3,63;71,8;0,5439
20/12/2004;08.00.00;5,7;2040,0;-200,0;27,0;1484,99;332,0;1641,11;272,0;2295,62;1812,58;6,59;69,21;0,4812
20/12/2004;09.00.00;4,5;2023,81;-200,0;37,9;1952,88;1083,0;985,54;269,0;2203,04;1806,77;5,5;63,71;0,5062
20/12/2004;10.00.00;3,6;1734,66;-200,0;25,7;1464,52;-200,0;1549,43;270,0;2193,83;1850,71;5,99;62,77;0,5346
20/12/2004;11.00.00;2,5;1449,72;-200,0;7,8;753,46;392,0;1744,57;157,0;1679,3;1214,32;9,72;57,18;0,53
20/12/2004;12.00.00;2,6;1428,97;-200,0;10,5;840,36;-200,0;1858,01;244,0;2084,05;1731,46;11,31;43,48;0,4096
20/12/2004;13.00.00;2,5;1474,17;-200,0;5,1;623,93;241,0;1875,52;88,0;1334,34;892,94;8,98;41,37;0,3898
20/12/2004;14.00.00;3,1;1633,77;-200,0;4,6;594,5;249,0;1870,12;137,0;1604,25;1037,51;13,69;44,51;0,5363
20/12/2004;15.00.00;2,0;-200,0;-200,0;7,3;-200,0;240,0;-200,0;81,0;-200,0;-200,0;-200,0;-200,0;-200,0
20/12/2004;16.00.00;1,4;1129,34;-200,0;9,8;831,72;-200,0;1655,51;69,0;1304,07;731,98;10,68;42,1;0,3798
20/12/2004;17.00.00;2,7;1502,12;-200,0;13,1;942,18;500,0;1509,91;-200,0;2215,15;1882,24;10,82;47,12;0,4887
20/12/2004;18.00.00;-200,0;2040,0;-200,0;11,5;890,38;1026,0;923,45;340,0;2535,44;2275,31;9,27;48,34;0,48
20/12/2004;19.00.00;3,0;1482,51;-200,0;34,8;1815,95;1364,0;766,05;324,0;2458,37;2212,8;8,37;51,98;0,4239
20/12/2004;20.00.00;5,6;2040,0;-200,0;16,5;1083,55;303,0;1698,55;193,0;1908,02;1466,99;12,04;59,98;0,6371
20/12/2004;21.00.00;2,4;1387,6;-200,0;16,2;1080,47;613,0;1595,21;103,0;1521,73;983,8;5,3;70,75;0,5239
20/12/2004;22.00.00;-200,0;1124,86;-200,0;5,8;694,26;246,0;1903,6;101,0;1592,32;1044,5;10,59;70,68;0,6807
20/12/2004;23.00.00;1,5;1198,59;-200,0;4,5;622,38;153,0;2007,79;-200,0;1201,38;670,63;5,38;68,73;0,4639
21/12/2004;00.00.00;2,3;1328,51;-200,0;6,2;660,32;-200,0;1899,16;79,0;1312,71;779,83;3,57;89,0;0,5122
21/12/2004;01.00.00;1,6;1223,59;-200,0;5,3;636,89;129,0;2034,28;-200,0;1294,8;761,92;3,54;79,83;0,4538
21/12/2004;02.00.00;1,5;1137,71;-200,0;7,5;747,85;221,0;1895,2;69,0;1467,93;745,23;7,15;78,35;0,7465
21/12/2004;03.00.00;1,2;1087,99;-200,0;8,9;779,8;129,0;2075,97;-200,0;1340,37;750,65;-0,07;88,91;0,4194
21/12/2004;04.00.00;-200,0;-200,0;-200,0;5,3;-200,0;-200,0;-200,0;64,0;-200,0;-200,0;-200,0;-200,0;-200,0
21/12/2004;05.00.00;1,4;1157,33;-200,0;12,5;913,88;338,0;1816,43;113,0;1546,3;1057,29;1,08;87,75;0,5426
21/12/2004;06.00.00;2,5;1421,65;-200,0;9,2;799,3;340,0;1704,16;-200,0;1682,18;1249,18;3,45;72,22;0,4336
21/12/2004;07.00.00;3,8;1812,99;-200,0;12,7;958,88;532,0;1480,63;207,0;1909,25;1574,02;0,97;80,0;0,4331
21/12/2004;08.00.00;2,3;1351,1;-200,0;20,1;1220,48;530,0;1631,43;340,0;2518,61;2226,79;5,67;69,51;0,4989
21/12/2004;09.00.00;8,5;2040,0;-200,0;36,3;1869,0;-200,0;1078,21;297,0;2364,51;1923,32;10,31;70,3;0,5928
21/12/2004;10.00.00;2,6;1420,72;-200,0;10,8;873,07;455,0;1675,94;273,0;2230,6;1974,67;8,52;68,7;0,5095
21/12/2004;11.00.00;2,7;1547,0;-200,0;17,6;1130,72;362,0;1738,67;95,0;1440,15;874,91;8,84;49,18;0,4314
21/12/2004;12.00.00;2,9;1491,9;-200,0;12,7;928,78;240,0;1859,03;108,0;1471,5;964,12;9,22;57,5;0,4928
21/12/2004;13.00.00;3,5;1736,26;-200,0;10,4;839,48;186,0;1878,4;180,0;1888,73;1455,36;13,05;41,21;0,5632
21/12/2004;14.00.00;1,5;1132,92;-200,0;10,1;820,6;216,0;1902,08;140,0;1598,19;1088,95;10,1;41,22;0,3779
21/12/2004;15.00.00;0,8;963,68;-200,0;7,9;760,24;369,0;1755,6;110,0;1609,61;997,84;15,61;41,83;0,6541
21/12/2004;16.00.00;3,3;1717,83;-200,0;13,4;971,33;220,0;1799,52;102,0;1569,24;1041,92;15,62;48,98;0,628
21/12/2004;17.00.00;2,0;1316,83;-200,0;13,1;931,8;395,0;1711,7;126,0;1627,63;1084,87;11,77;48,42;0,604
21/12/2004;18.00.00;5,1;2040,0;-200,0;12,2;911,96;561,0;1467,27;-200,0;2019,42;1632,47;10,43;50,28;0,5108
21/12/2004;19.00.00;-200,0;2040,0;-200,0;25,2;1467,47;-200,0;1376,09;340,0;2646,69;2275,2;11,48;55,58;0,6014
21/12/2004;20.00.00;1,4;1114,77;-200,0;-200,0;1617,47;1001,0;1190,48;126,0;1576,48;1152,93;10,41;62,15;0,5734
21/12/2004;21.00.00;1,6;1187,26;-200,0;16,2;1091,76;203,0;1909,85;264,0;2181,96;1827,4;5,31;67,19;0,4949
21/12/2004;22.00.00;1,5;1171,9;-200,0;15,0;1017,88;181,0;1894,4;126,0;1611,46;1034,49;4,57;73,98;0,5734
21/12/2004;23.00.00;0,5;855,85;-200,0;4,9;623,64;-200,0;2066,52;91,0;1447,41;869,06;1,78;81,95;0,4416
22/12/2004;00.00.00;0,8;966,91;-200,0;4,9;635,46;-200,0;2033,12;73,0;1392,76;647,4;4,13;76,57;0,4741
22/12/2004;01.00.00;1,5;1185,45;-200,0;5,6;646,93;152,0;1966,02;71,0;1344,27;704,33;3,85;76,93;0,4719
22/12/2004;02.00.00;1,6;1190,58;-200,0;5,2;650,6;283,0;1934,73;89,0;1470,46;842,24;-0,69;84,4;0,4714
22/12/2004;03.00.00;2,0;1285,7;-200,0;6,7;678,19;275,0;1885,9;80,0;1343,67;823,55;0,93;76,22;0,4369
22/12/2004;04.00.00;-200,0;-200,0;-200,0;6,1;-200,0;-200,0;-200,0;200,0;-200,0;-200,0;-200,0;-200,0;-200,0
22/12/2004;05.00.00;1,2;1015,76;-200,0;-200,0;587,4;370,0;1938,72;111,0;1536,34;953,3;0,72;84,53;0,4463
22/12/2004;06.00.00;1,8;1281,12;-200,0;10,6;869,5;499,0;1630,22;-200,0;1594,02;1021,97;4,41;76,05;0,499
22/12/2004;07.00.00;5,1;2040,0;-200,0;19,6;1203,47;364,0;1586,47;196,0;1894,72;1480,71;2,88;66,9;0,4159
22/12/2004;08.00.00;8,9;2040,0;-200,0;33,8;1771,18;1027,0;833,49;-200,0;2096,62;1654,23;4,95;61,15;0,4677
22/12/2004;09.00.00;-200,0;1710,34;-200,0;21,5;1260,72;845,0;1250,51;340,0;2485,51;2180,81;3,59;64,19;0,3848
22/12/2004;10.00.00;-200,0;1927,94;-200,0;16,0;1083,13;-200,0;1407,87;184,0;1884,56;1361,27;8,51;65,0;0,6237
22/12/2004;11.00.00;3,8;1824,17;-200,0;20,4;1251,03;311,0;1760,27;-200,0;1733,01;1140,57;9,26;60,59;0,5611
22/12/2004;12.00.00;2,6;1484,42;-200,0;6,8;687,08;206,0;1880,24;191,0;1801,62;1451,74;8,92;51,77;0,3337
22/12/2004;13.00.00;2,0;1327,96;-200,0;9,5;819,08;169,0;1977,65;158,0;1790,39;1201,72;10,8;58,4;0,6211
22/12/2004;14.00.00;1,6;1180,7;-200,0;13,2;967,17;56,0;2133,05;74,0;1387,36;821,16;12,03;46,03;0,4278
22/12/2004;15.00.00;3,9;1774,19;-200,0;6,8;696,86;167,0;1850,27;144,0;1629,05;1121,36;10,21;45,25;0,4739
22/12/2004;16.00.00;2,3;1275,25;-200,0;5,8;654,99;750,0;1352,58;73,0;1316,22;780,64;8,72;33,72;0,337
22/12/2004;17.00.00;3,6;1742,94;-200,0;29,5;1619,89;590,0;1582,61;105,0;1554,84;1016,7;14,79;46,12;0,6
22/12/2004;18.00.00;-200,0;2040,0;-200,0;30,7;1628,33;718,0;1265,41;224,0;1996,94;1608,71;9,11;55,48;0,5197
22/12/2004;19.00.00;3,8;1818,13;-200,0;35,7;1865,83;1088,0;1050,6;313,0;2433,7;2093,19;9,15;62,76;0,6135
22/12/2004;20.00.00;4,4;2030,61;-200,0;20,9;1237,3;537,0;1505,97;221,0;1925,33;1645,12;10,16;55,13;0,4984
22/12/2004;21.00.00;2,5;1423,87;-200,0;17,2;1128,67;305,0;1876,61;171,0;1927,8;1282,74;13,9;66,26;0,8337
22/12/2004;22.00.00;1,5;1143,6;-200,0;2,9;550,76;166,0;1967,91;75,0;1319,95;697,29;3,06;73,84;0,4992
22/12/2004;23.00.00;1,5;1214,13;-200,0;4,6;585,27;92,0;2071,38;32,0;1211,18;491,41;5,24;73,0;0,5922
23/12/2004;00.00.00;-200,0;983,49;-200,0;-200,0;717,18;91,0;2016,16;56,0;1197,24;640,97;1,82;65,35;0,3036
23/12/2004;01.00.00;-200,0;946,71;-200,0;3,6;560,25;143,0;1995,09;42,0;1124,7;643,11;1,36;80,86;0,451
23/12/2004;02.00.00;1,9;1174,12;-200,0;6,2;663,17;177,0;1965,12;79,0;1243,91;701,64;0,5;85,23;0,3797
23/12/2004;03.00.00;1,5;1106,26;-200,0;9,1;791,54;-200,0;1774,1;-200,0;1234,77;774,08;-0,48;77,3;0,3124
23/12/2004;04.00.00;1,8;1183,31;-200,0;6,8;722,34;359,0;1730,09;120,0;1530,68;984,01;1,86;80,15;0,4593
23/12/2004;05.00.00;1,1;1007,72;-200,0;10,4;846,2;145,0;2111,91;-200,0;1726,41;1365,46;-0,51;73,85;0,3496
23/12/2004;06.00.00;3,9;1886,38;-200,0;15,3;1035,71;311,0;1749,36;84,0;1389,03;882,07;5,13;63,91;0,4953
23/12/2004;07.00.00;4,7;2002,36;-200,0;21,8;1276,72;336,0;1744,91;111,0;1539,29;993,07;4,38;78,17;0,4926
23/12/2004;08.00.00;6,7;2040,0;-200,0;22,9;1359,95;249,0;1782,04;265,0;2255,38;1801,99;6,32;68,68;0,5023
23/12/2004;09.00.00;-200,0;2040,0;-200,0;19,5;1204,88;775,0;1199,63;340,0;2566,87;2347,03;5,84;72,03;0,5278
23/12/2004;10.00.00;2,3;1384,82;-200,0;23,1;1320,27;695,0;1441,83;229,0;2047,63;1641,62;7,33;63,67;0,4608
23/12/2004;11.00.00;3,1;1643,34;-200,0;15,7;1034,23;381,0;1716,69;133,0;1642,5;1093,21;9,85;53,27;0,4593
23/12/2004;12.00.00;1,9;1293,41;-200,0;12,5;906,61;354,0;1807,08;88,0;1447,68;961,54;7,98;50,89;0,4759
23/12/2004;13.00.00;1,6;1133,97;-200,0;10,5;828,31;227,0;1971,83;142,0;1691,96;1126,64;10,38;51,28;0,4661
23/12/2004;14.00.00;2,4;1426,43;-200,0;10,5;861,68;153,0;2001,6;168,0;1747,29;1190,6;9,88;51,49;0,5391
23/12/2004;15.00.00;3,5;1708,51;-200,0;12,4;920,89;193,0;1908,58;54,0;1147,26;753,44;9,99;47,65;0,4777
23/12/2004;16.00.00;3,8;1698,71;-200,0;11,7;891,95;-200,0;1578,77;-200,0;1490,25;1015,77;7,38;52,18;0,337
23/12/2004;17.00.00;4,0;1919,54;-200,0;16,1;1029,35;489,0;1576,62;340,0;2630,74;2350,05;13,78;46,97;0,5851
23/12/2004;18.00.00;4,5;1925,84;-200,0;18,6;1176,65;332,0;1649,63;205,0;1915,13;1524,76;8,93;46,32;0,4327
23/12/2004;19.00.00;4,8;2040,0;-200,0;44,2;2205,41;769,0;1311,79;269,0;2324,25;1912,61;11,6;54,71;0,5895
23/12/2004;20.00.00;3,1;1599,2;-200,0;14,1;967,44;-200,0;1205,97;235,0;2063,5;1605,87;10,2;60,4;0,5676
23/12/2004;21.00.00;2,6;1419,83;-200,0;12,5;896,9;496,0;1638,21;131,0;1504,35;1121,95;4,2;58,03;0,3269
23/12/2004;22.00.00;2,4;1388,66;-200,0;6,2;688,71;322,0;1861,52;-200,0;1559,28;974,77;3,3;62,01;0,4436
23/12/2004;23.00.00;2,5;1478,19;-200,0;2,7;532,87;67,0;2073,29;109,0;1604,61;985,27;9,39;75,27;0,6752
24/12/2004;00.00.00;1,0;-200,0;-200,0;6,0;-200,0;-200,0;-200,0;-200,0;-200,0;-200,0;-200,0;-200,0;-200,0
24/12/2004;01.00.00;0,7;961,39;-200,0;5,6;648,9;125,0;2012,6;-200,0;1234,97;708,19;2,31;78,89;0,4706
24/12/2004;02.00.00;1,4;1068,56;-200,0;7,1;698,33;-200,0;1884,16;118,0;1514,44;970,16;2,38;79,71;0,4177
24/12/2004;03.00.00;2,5;1390,99;-200,0;7,5;719,52;142,0;1970,71;-200,0;1538,31;903,26;0,44;89,0;0,3974
24/12/2004;04.00.00;4,2;1829,91;-200,0;12,2;881,29;162,0;1904,33;117,0;1545,29;987,86;2,73;87,82;0,4943
24/12/2004;05.00.00;3,6;1707,97;-200,0;14,6;1006,05;271,0;1827,55;145,0;1651,1;1192,89;0,93;73,53;0,3469
24/12/2004;06.00.00;4,3;1959,69;-200,0;8,7;744,11;239,0;1748,51;150,0;1607,28;1267,78;-0,9;74,19;0,2924
24/12/2004;07.00.00;2,9;1523,47;-200,0;38,1;1918,75;597,0;1572,53;-200,0;2172,41;1774,24;1,56;77,38;0,4577
24/12/2004;08.00.00;-200,0;1884,59;-200,0;24,3;1375,93;316,0;1717,76;263,0;2202,33;1833,95;5,45;71,79;0,4968
24/12/2004;09.00.00;3,3;1609,58;-200,0;33,5;1750,29;-200,0;908,09;273,0;2234,64;1923,36;4,44;63,92;0,4811
24/12/2004;10.00.00;-200,0;1545,94;-200,0;21,3;1279,78;170,0;1883,63;-200,0;1926,87;1512,66;7,86;53,78;0,3978
24/12/2004;11.00.00;-200,0;1855,54;-200,0;14,4;979,82;542,0;1473,48;134,0;1578,14;1050,97;7,05;51,71;0,3156
24/12/2004;12.00.00;4,2;1897,16;-200,0;13,9;988,84;231,0;1753,69;-200,0;1585,85;1171,45;8,67;48,81;0,4287
24/12/2004;13.00.00;-200,0;1406,79;-200,0;16,7;1112,91;142,0;1997,6;124,0;1631,97;1105,71;12,74;49,92;0,6495
24/12/2004;14.00.00;1,9;1272,31;-200,0;12,4;941,15;254,0;1884,13;57,0;1358,53;670,81;12,02;55,26;0,6161
24/12/2004;15.00.00;1,4;1131,63;-200,0;8,1;781,03;327,0;1785,56;93,0;1485,02;919,71;11,68;42,69;0,6065
24/12/2004;16.00.00;-200,0;1362,35;-200,0;10,1;834,43;439,0;1668,2;116,0;1515,28;929,96;13,29;41,61;0,4967
24/12/2004;17.00.00;3,4;1673,23;-200,0;12,5;935,0;672,0;1488,97;279,0;2284,28;1902,41;11,99;47,99;0,5228
24/12/2004;18.00.00;2,7;1440,18;-200,0;29,8;1610,99;440,0;1713,98;227,0;2095,1;1551,56;13,13;56,56;0,5384
24/12/2004;19.00.00;7,1;2040,0;-200,0;32,7;1693,91;794,0;1189,58;295,0;2364,86;2053,77;8,28;47,89;0,4244
24/12/2004;20.00.00;3,7;1772,1;-200,0;19,1;1193,91;284,0;1875,66;232,0;2040,5;1618,49;7,13;66,74;0,53
24/12/2004;21.00.00;3,8;1813,2;-200,0;22,3;1292,56;373,0;1760,97;228,0;2065,47;1686,58;4,1;63,27;0,3846
24/12/2004;22.00.00;1,7;1143,3;-200,0;11,4;855,88;217,0;1926,77;58,0;1222,88;535,59;4,55;65,11;0,4226
24/12/2004;23.00.00;1,5;1122,34;-200,0;10,8;839,21;107,0;2014,93;48,0;1223,89;687,51;6,13;65,13;0,4733
25/12/2004;00.00.00;-200,0;1006,52;-200,0;3,4;575,82;48,0;2233,75;41,0;1195,17;506,54;5,7;80,47;0,5635
25/12/2004;01.00.00;-200,0;1122,09;-200,0;5,1;649,23;95,0;2117,66;61,0;1358,38;664,9;4,22;78,94;0,614
25/12/2004;02.00.00;1,8;1185,31;-200,0;5,6;643,69;-200,0;1799,09;42,0;1121,58;547,29;-1,79;82,45;0,3347
25/12/2004;03.00.00;1,5;1123,35;-200,0;-200,0;1145,66;197,0;1892,05;123,0;1555,64;1101,44;3,8;77,71;0,496
25/12/2004;04.00.00;-200,0;1054,21;-200,0;7,7;720,23;156,0;1903,2;98,0;1403,35;917,82;-1,88;80,0;0,3204
25/12/2004;05.00.00;2,0;1213,91;-200,0;14,1;1010,21;-200,0;1865,9;117,0;1561,79;1063,59;4,1;77,37;0,5344
25/12/2004;06.00.00;2,7;1444,35;-200,0;16,1;1061,9;334,0;1754,64;-200,0;2036,65;1701,13;2,36;76,44;0,4443
25/12/2004;07.00.00;5,2;2040,0;-200,0;15,3;1026,91;223,0;1839,83;156,0;1695,44;1211,5;5,54;69,86;0,4779
25/12/2004;08.00.00;6,4;2040,0;-200,0;21,8;1306,42;315,0;1690,36;308,0;2328,41;2040,43;2,67;61,2;0,2598
25/12/2004;09.00.00;4,2;1933,11;-200,0;26,2;1517,05;-200,0;1630,82;284,0;2339,65;1992,39;8,97;77,85;0,6972
25/12/2004;10.00.00;2,7;1404,08;-200,0;25,9;1448,88;352,0;1785,14;290,0;2270,23;2021,32;5,0;52,74;0,3428
25/12/2004;11.00.00;2,2;1299,98;-200,0;10,6;823,73;634,0;1473,45;157,0;1667,56;1200,24;7,79;56,12;0,4547
25/12/2004;12.00.00;1,7;1220,22;-200,0;7,7;723,86;247,0;1838,48;88,0;1353,52;803,23;8,17;42,62;0,2971
25/12/2004;13.00.00;2,3;1335,28;-200,0;12,0;895,21;-200,0;1936,26;108,0;1511,81;984,18;7,45;38,64;0,3799
25/12/2004;14.00.00;2,5;1433,76;-200,0;5,0;649,63;198,0;1954,83;71,0;1325,45;814,05;11,65;47,31;0,536
25/12/2004;15.00.00;2,6;1464,38;-200,0;8,2;743,88;79,0;2021,35;72,0;1397,74;764,03;15,24;47,08;0,684
25/12/2004;16.00.00;1,7;1240,95;-200,0;13,0;945,57;150,0;2022,25;96,0;1679,48;894,16;16,79;53,13;0,8164
25/12/2004;17.00.00;2,2;1336,76;-200,0;14,9;1017,26;-200,0;1879,62;132,0;1668,54;1091,29;11,16;50,62;0,5411
25/12/2004;18.00.00;3,2;1648,56;-200,0;14,8;1025,8;326,0;1703,7;-200,0;1692,18;1138,92;12,4;50,73;0,497
25/12/2004;19.00.00;2,1;1291,88;-200,0;14,3;984,74;-200,0;1205,3;-200,0;1546,68;1049,14;9,6;50,46;0,5542
25/12/2004;20.00.00;2,3;1413,21;-200,0;27,5;1542,7;630,0;1490,62;212,0;1949,6;1558,23;8,92;67,05;0,5417
25/12/2004;21.00.00;-200,0;1437,33;-200,0;10,4;831,91;-200,0;1988,88;-200,0;1557,23;1088,77;5,95;68,86;0,4846
25/12/2004;22.00.00;1,7;1232,16;-200,0;4,6;585,0;91,0;1972,26;82,0;1384,13;725,7;5,73;62,64;0,4819
25/12/2004;23.00.00;-200,0;1093,12;-200,0;7,4;708,99;63,0;2151,57;101,0;1477,88;955,78;5,21;73,4;0,5435
26/12/2004;00.00.00;0,8;973,97;-200,0;5,3;615,95;76,0;2040,17;28,0;1157,07;554,99;1,87;77,74;0,4572
26/12/2004;01.00.00;1,0;964,8;-200,0;2,9;518,65;103,0;2051,12;-200,0;1359,78;818,37;2,08;78,15;0,4169
26/12/2004;02.00.00;-200,0;1011,18;-200,0;12,7;956,95;130,0;1964,82;-200,0;1537,14;1085,9;1,62;85,54;0,4331
26/12/2004;03.00.00;1,2;1078,66;-200,0;4,4;610,64;82,0;2121,55;108,0;1562,82;946,72;3,22;86,45;0,6486
26/12/2004;04.00.00;-200,0;1209,18;-200,0;8,0;756,04;131,0;1952,63;60,0;1174,79;637,87;-0,39;80,73;0,379
26/12/2004;05.00.00;1,0;974,56;-200,0;14,1;980,0;157,0;1987,08;86,0;1338,24;917,28;2,13;78,48;0,4322
26/12/2004;06.00.00;1,2;1107,4;-200,0;11,3;892,84;335,0;1879,47;71,0;1350,15;804,34;6,86;84,51;0,613
26/12/2004;07.00.00;2,2;1354,1;-200,0;12,5;918,65;413,0;1697,66;101,0;1552,96;888,38;6,39;77,96;0,5929
26/12/2004;08.00.00;1,9;1210,32;-200,0;8,8;805,28;223,0;1907,49;289,0;2385,85;2003,04;7,97;69,31;0,5818
26/12/2004;09.00.00;1,6;1198,97;-200,0;33,0;1735,43;186,0;1985,66;-200,0;1940,98;1622,56;6,62;56,15;0,4234
26/12/2004;10.00.00;1,5;-200,0;-200,0;16,1;-200,0;-200,0;-200,0;163,0;-200,0;-200,0;-200,0;-200,0;-200,0
26/12/2004;11.00.00;1,7;1257,41;-200,0;4,9;611,35;163,0;1985,99;66,0;1410,92;696,92;11,07;58,78;0,679
26/12/2004;12.00.00;2,0;1305,31;-200,0;12,7;911,29;-200,0;1982,2;50,0;1207,88;669,63;13,22;37,79;0,4046
26/12/2004;13.00.00;-200,0;1237,76;-200,0;6,6;665,14;-200,0;1997,89;102,0;1415,01;930,19;6,99;49,96;0,3891
26/12/2004;14.00.00;2,5;1366,16;-200,0;5,4;660,03;182,0;1946,45;78,0;1300,31;758,43;8,77;44,82;0,3568
26/12/2004;15.00.00;1,5;1149,7;-200,0;4,7;612,28;73,0;2059,65;60,0;1289,83;750,4;14,19;45,19;0,5658
26/12/2004;16.00.00;1,7;1235,68;-200,0;7,1;697,61;348,0;1813,48;130,0;1609,01;1120,31;10,84;42,37;0,3913
26/12/2004;17.00.00;1,9;1245,11;-200,0;12,6;974,31;176,0;1871,76;125,0;1566,99;1077,27;9,55;47,96;0,4117
26/12/2004;18.00.00;2,5;1481,63;-200,0;10,8;875,6;454,0;1665,68;110,0;1467,36;962,93;7,59;58,52;0,3983
26/12/2004;19.00.00;6,3;2040,0;-200,0;15,6;1025,6;302,0;1684,11;-200,0;1386,36;929,9;7,96;53,06;0,4422
26/12/2004;20.00.00;2,9;1527,04;-200,0;45,2;2214,0;176,0;1947,41;168,0;1813,47;1331,46;5,06;64,46;0,4612
26/12/2004;21.00.00;2,1;1322,46;-200,0;9,9;823,74;195,0;1921,63;79,0;1493,76;832,3;10,75;60,26;0,6865
26/12/2004;22.00.00;0,9;954,85;-200,0;7,4;721,53;69,0;2114,16;56,0;1257,87;644,45;5,23;72,74;0,5253
26/12/2004;23.00.00;-200,0;1060,57;-200,0;2,8;524,94;90,0;2037,8;43,0;1135,64;667,59;3,95;73,3;0,4422
27/12/2004;00.00.00;1,6;1142,8;-200,0;3,1;545,53;-200,0;2084,19;95,0;1415,13;854,71;4,15;78,86;0,4384
27/12/2004;01.00.00;2,2;1340,01;-200,0;10,6;839,1;-200,0;1995,67;90,0;1420,11;852,66;4,1;79,99;0,4511
27/12/2004;02.00.00;-200,0;1323,83;-200,0;11,1;860,15;184,0;2000,53;-200,0;1285,13;785,22;3,57;84,96;0,4602
27/12/2004;03.00.00;1,7;1153,38;-200,0;15,5;1041,4;315,0;1826,35;87,0;1359,03;817,04;3,65;69,53;0,526
27/12/2004;04.00.00;1,9;1303,98;-200,0;8,9;782,02;224,0;1858,85;-200,0;1462,29;1077,53;0,41;74,66;0,3869
27/12/2004;05.00.00;2,2;1310,61;-200,0;16,9;1102,29;-200,0;1910,91;-200,0;1814,33;1391,12;1,58;82,04;0,4142
27/12/2004;06.00.00;2,9;1503,92;-200,0;5,0;622,42;418,0;1642,76;-200,0;1661,78;1192,96;4,51;66,88;0,3919
27/12/2004;07.00.00;6,1;2040,0;-200,0;24,0;1401,51;647,0;1328,62;179,0;1777,19;1353,87;2,95;70,71;0,3764
27/12/2004;08.00.00;-200,0;2040,0;-200,0;39,6;2023,61;663,0;1217,8;199,0;1882,36;1552,77;5,2;68,75;0,443
27/12/2004;09.00.00;6,9;-200,0;-200,0;20,7;-200,0;1338,0;-200,0;286,0;-200,0;-200,0;-200,0;-200,0;-200,0
27/12/2004;10.00.00;8,1;2040,0;-200,0;29,8;1605,93;484,0;1459,06;149,0;1727,63;1165,21;9,37;56,25;0,5062
27/12/2004;11.00.00;1,1;1017,73;-200,0;13,0;917,61;695,0;1558,53;-200,0;1790,17;1277,66;5,45;56,73;0,3248
27/12/2004;12.00.00;2,1;1309,46;-200,0;11,0;877,35;225,0;1876,35;145,0;1760,81;1207,92;11,47;56,69;0,6997
27/12/2004;13.00.00;2,2;1331,9;-200,0;9,2;792,21;376,0;1787,99;165,0;1755,04;1319,27;10,37;43,99;0,3659
27/12/2004;14.00.00;1,6;1124,57;-200,0;16,9;1083,53;216,0;1998,53;-200,0;1427,41;919,9;12,75;44,11;0,4628
27/12/2004;15.00.00;-200,0;1146,96;-200,0;-200,0;731,76;253,0;1849,95;138,0;1655,91;1113,99;13,06;42,71;0,5515
27/12/2004;16.00.00;1,2;1024,79;-200,0;8,4;731,96;-200,0;1963,51;-200,0;1891,43;1432,08;14,55;34,87;0,4557
27/12/2004;17.00.00;2,9;1570,4;-200,0;11,2;871,72;-200,0;1029,87;175,0;1831,79;1370,9;13,54;49,49;0,5566
27/12/2004;18.00.00;6,2;2040,0;-200,0;19,8;1202,75;723,0;1263,19;340,0;2566,28;2156,35;12,73;56,31;0,5664
27/12/2004;19.00.00;-200,0;2040,0;-200,0;28,2;1565,62;1122,0;766,07;340,0;2618,1;2297,05;11,89;60,45;0,5914
27/12/2004;20.00.00;3,3;1676,54;-200,0;27,8;1544,43;338,0;1797,19;-200,0;1891,08;1571,61;8,38;55,36;0,4236
27/12/2004;21.00.00;-200,0;1478,92;-200,0;10,2;797,68;389,0;1607,55;340,0;2610,09;2278,45;6,57;58,11;0,4381
27/12/2004;22.00.00;2,8;1471,74;-200,0;8,8;730,9;175,0;1921,7;83,0;1437,06;842,2;6,96;69,13;0,5437
27/12/2004;23.00.00;0,8;986,39;-200,0;6,8;724,47;80,0;2106,63;97,0;1497,58;922,79;5,47;77,51;0,5359
28/12/2004;00.00.00;1,2;1043,68;-200,0;3,7;552,43;207,0;1984,53;-200,0;1343,92;840,54;2,29;77,94;0,4401
28/12/2004;01.00.00;1,6;1221,21;-200,0;6,3;663,32;154,0;2039,64;76,0;1410,88;748,19;2,93;81,47;0,4297
28/12/2004;02.00.00;1,6;1207,95;-200,0;6,8;682,36;169,0;2047,19;121,0;1620,14;1026,14;1,55;87,54;0,4867
28/12/2004;03.00.00;2,5;1390,18;-200,0;8,3;772,92;-200,0;1867,81;95,0;1468,79;880,88;-0,26;78,74;0,4391
28/12/2004;04.00.00;1,2;1042,15;-200,0;-200,0;739,72;164,0;1969,69;100,0;1539,43;973,05;4,2;80,73;0,5121
28/12/2004;05.00.00;1,6;1221,31;-200,0;9,9;817,19;292,0;1867,8;115,0;1535,32;984,23;2,23;88,2;0,4889
28/12/2004;06.00.00;3,5;1708,39;-200,0;13,4;976,81;368,0;1727,77;102,0;1569,21;892,16;7,01;76,18;0,5948
28/12/2004;07.00.00;-200,0;1250,92;-200,0;39,7;2013,74;569,0;1583,56;302,0;2352,07;2057,7;0,7;67,1;0,3973
28/12/2004;08.00.00;7,0;-200,0;-200,0;27,3;-200,0;1153,0;-200,0;237,0;-200,0;-200,0;-200,0;-200,0;-200,0
28/12/2004;09.00.00;6,2;2040,0;-200,0;44,8;2214,0;-200,0;1408,81;-200,0;2458,08;2162,84;6,51;59,75;0,521
28/12/2004;10.00.00;-200,0;2040,0;-200,0;34,2;1797,09;440,0;1557,01;221,0;2071,7;1626,94;10,02;61,57;0,6
28/12/2004;11.00.00;-200,0;1491,19;-200,0;8,4;752,7;288,0;1823,15;186,0;1810,52;1326,97;9,75;50,96;0,4725
28/12/2004;12.00.00;2,9;1522,08;-200,0;10,1;847,06;225,0;1832,7;-200,0;1567,04;1026,63;10,6;53,07;0,5786
28/12/2004;13.00.00;1,5;1086,42;-200,0;17,4;1114,26;418,0;1786,06;-200,0;1453,65;936,39;8,52;45,17;0,3271
28/12/2004;14.00.00;-200,0;1161,71;-200,0;9,9;814,23;-200,0;2009,25;118,0;1495,06;1061,5;8,96;36,44;0,3465
28/12/2004;15.00.00;2,0;1320,72;-200,0;8,5;768,99;348,0;1843,26;110,0;1555,19;931,59;12,09;47,97;0,5355
28/12/2004;16.00.00;1,6;1155,63;-200,0;13,9;963,96;304,0;1796,81;-200,0;1346,83;774,22;8,55;47,8;0,3625
28/12/2004;17.00.00;3,4;1718,8;-200,0;23,4;1339,21;292,0;1748,58;-200,0;1738,03;1291,96;9,71;51,44;0,4976
28/12/2004;18.00.00;3,0;1615,39;-200,0;22,6;1319,65;337,0;1688,52;340,0;2508,11;2302,41;10,99;48,35;0,4975
28/12/2004;19.00.00;5,7;2040,0;-200,0;23,6;1367,84;398,0;1608,74;340,0;2548,87;2257,18;6,98;51,54;0,39
28/12/2004;20.00.00;8,0;2040,0;-200,0;8,9;787,25;-200,0;1507,62;139,0;1740,12;1152,82;10,95;61,79;0,6596
28/12/2004;21.00.00;1,8;1208,41;-200,0;13,8;966,05;557,0;1567,99;195,0;2001,24;1414,92;8,9;72,03;0,6021
28/12/2004;22.00.00;1,7;1139,01;-200,0;6,6;661,97;-200,0;1796,29;88,0;1333,98;865,53;2,01;69,15;0,3983
28/12/2004;23.00.00;0,8;872,57;-200,0;3,7;550,73;130,0;1960,06;51,0;1220,11;665,31;2,08;75,56;0,4159
29/12/2004;00.00.00;-200,0;970,67;-200,0;4,9;607,4;179,0;1986,12;-200,0;1200,28;602,4;-1,71;75,63;0,2949
29/12/2004;01.00.00;1,9;1312,11;-200,0;5,2;651,88;115,0;1984,62;51,0;1276,9;603,75;0,5;72,38;0,3884
29/12/2004;02.00.00;-200,0;1101,16;-200,0;7,5;709,15;-200,0;1986,1;51,0;1278,85;546,8;3,1;86,73;0,5089
29/12/2004;03.00.00;2,4;1404,85;-200,0;7,3;720,88;282,0;1940,55;103,0;1442,33;954,49;0,57;87,05;0,3653
29/12/2004;04.00.00;2,3;1370,72;-200,0;10,9;834,35;252,0;1899,03;181,0;1768,3;1329,37;2,49;85,45;0,4009
29/12/2004;05.00.00;2,2;1330,58;-200,0;11,2;879,41;371,0;1757,48;130,0;1558,94;1076,93;-0,98;79,19;0,3983
29/12/2004;06.00.00;-200,0;1253,33;-200,0;21,5;1274,7;362,0;1788,67;155,0;1654,36;1236,78;4,45;80,22;0,4648
29/12/2004;07.00.00;5,0;2040,0;-200,0;16,0;1061,93;460,0;1540,32;176,0;1779,61;1375,5;2,78;77,98;0,4711
29/12/2004;08.00.00;5,9;2040,0;-200,0;52,8;2214,0;685,0;1359,04;218,0;2061,68;1625,83;5,12;77,27;0,5322
29/12/2004;09.00.00;3,1;1612,05;-200,0;40,5;2044,15;857,0;1249,29;297,0;2328,33;2056,83;6,21;69,45;0,4926
29/12/2004;10.00.00;2,9;1557,26;-200,0;35,2;1836,23;-200,0;1458,65;-200,0;1742,07;1349,77;5,14;60,17;0,5107
29/12/2004;11.00.00;-200,0;999,21;-200,0;15,3;1033,12;252,0;1989,94;220,0;1940,93;1670,29;6,59;48,97;0,3783
29/12/2004;12.00.00;1,5;1143,07;-200,0;10,2;864,1;282,0;1836,49;104,0;1548,12;971,83;11,87;52,56;0,593
29/12/2004;13.00.00;2,0;1262,77;-200,0;8,3;738,81;139,0;2081,15;86,0;1404,14;902,73;11,52;50,2;0,5333
29/12/2004;14.00.00;-200,0;1166,32;-200,0;18,1;1148,71;205,0;1989,43;212,0;2029,15;1571,79;13,32;50,67;0,5744
29/12/2004;15.00.00;1,5;1179,25;-200,0;13,5;969,02;154,0;2025,15;151,0;1749,51;1195,38;12,04;53,28;0,5681
29/12/2004;16.00.00;3,7;1813,06;-200,0;7,1;699,3;76,0;1938,05;79,0;1380,15;834,91;11,51;46,65;0,5548
29/12/2004;17.00.00;4,6;1983,78;-200,0;22,6;1341,84;1067,0;1069,56;129,0;1570,12;1079,65;7,27;59,42;0,523
29/12/2004;18.00.00;3,6;-200,0;-200,0;16,7;-200,0;459,0;-200,0;-200,0;-200,0;-200,0;-200,0;-200,0;-200,0
29/12/2004;19.00.00;6,8;2040,0;-200,0;29,7;1627,43;-200,0;1412,27;273,0;2288,55;1869,54;8,84;57,6;0,5136
29/12/2004;20.00.00;6,7;2040,0;-200,0;29,9;1624,26;1195,0;795,18;-200,0;1906,69;1495,06;11,59;55,86;0,5363
29/12/2004;21.00.00;3,5;1663,41;-200,0;23,6;1360,95;222,0;1808,19;230,0;1993,78;1674,33;7,77;54,97;0,4256
29/12/2004;22.00.00;1,9;1235,3;-200,0;8,3;784,61;103,0;2009,68;-200,0;1441,12;873,19;8,17;68,16;0,5103
29/12/2004;23.00.00;2,0;1282,79;-200,0;5,2;603,67;115,0;2004,25;61,0;1345,71;578,68;5,09;66,22;0,491
30/12/2004;00.00.00;1,7;1230,39;-200,0;5,4;643,05;-200,0;2096,22;49,0;1222,57;620,12;1,39;76,49;0,3786
30/12/2004;01.00.00;1,0;931,36;-200,0;9,2;802,8;-200,0;1992,08;49,0;1139,49;683,02;2,25;80,33;0,3014
30/12/2004;02.00.00;1,5;1174,24;-200,0;9,6;790,28;118,0;2058,8;65,0;1344,41;805,02;1,99;87,55;0,6095
30/12/2004;03.00.00;1,5;1158,94;-200,0;8,1;738,52;188,0;1994,81;69,0;1248,51;793,73;-0,54;75,03;0,3222
30/12/2004;04.00.00;3,0;1554,12;-200,0;4,5;608,81;467,0;1593,3;68,0;1351,56;665,62;0,74;86,5;0,4127
30/12/2004;05.00.00;1,8;1243,02;-200,0;4,2;579,43;139,0;1995,2;165,0;1726,98;1274,93;1,6;80,65;0,52
30/12/2004;06.00.00;2,1;1378,43;-200,0;14,5;1014,56;505,0;1609,09;198,0;1885,19;1459,61;6,02;82,44;0,5387
30/12/2004;07.00.00;5,6;2040,0;-200,0;12,5;941,97;1027,0;1004,5;191,0;1834,61;1492,34;-0,32;71,41;0,3956
30/12/2004;08.00.00;5,8;2040,0;-200,0;22,0;1313,34;-200,0;1504,44;340,0;2558,72;2198,6;7,46;62,57;0,4701
30/12/2004;09.00.00;11,1;2040,0;-200,0;24,8;1434,75;884,0;877,98;340,0;2436,07;2288,95;4,47;58,48;0,3175
30/12/2004;10.00.00;3,0;1509,43;-200,0;44,1;2168,82;523,0;1597,55;156,0;1732,22;1357,58;4,89;53,45;0,446
30/12/2004;11.00.00;2,4;1440,58;-200,0;14,6;1011,95;181,0;1889,71;96,0;1551,24;814,84;11,2;57,96;0,6336
30/12/2004;12.00.00;-200,0;1728,79;-200,0;14,9;1005,25;496,0;1618,01;139,0;1714,59;1123,84;11,34;59,23;0,6515
30/12/2004;13.00.00;1,4;1085,96;-200,0;12,3;913,1;268,0;1903,8;-200,0;1621,22;1043,87;13,18;46,16;0,5476
30/12/2004;14.00.00;3,2;1715,84;-200,0;3,7;585,25;191,0;1915,48;68,0;1381,32;766,63;12,77;50,33;0,5926
30/12/2004;15.00.00;1,3;1095,05;-200,0;7,7;732,91;120,0;2010,59;84,0;1296,7;842,12;15,46;38,95;0,4519
30/12/2004;16.00.00;2,8;1500,95;-200,0;6,6;681,19;339,0;1715,11;-200,0;1648,99;1245,52;12,29;48,09;0,5272
30/12/2004;17.00.00;-200,0;1178,2;-200,0;30,1;1623,68;450,0;1633,92;284,0;2300,56;1933,07;10,36;52,33;0,4564
30/12/2004;18.00.00;-200,0;2040,0;-200,0;11,5;847,59;819,0;1237,42;-200,0;2065,66;1780,89;10,56;44,6;0,3648
30/12/2004;19.00.00;-200,0;1688,66;-200,0;22,4;1326,66;928,0;1214,87;293,0;2349,74;1994,71;11,33;54,55;0,5778
30/12/2004;20.00.00;8,5;2040,0;-200,0;19,8;1241,74;430,0;1467,71;208,0;1977,19;1547,89;6,08;63,49;0,5211
30/12/2004;21.00.00;-200,0;1252,6;-200,0;9,3;766,66;86,0;2073,12;242,0;2067,34;1711,89;5,04;49,9;0,3208
30/12/2004;22.00.00;1,3;1074,25;-200,0;7,9;740,64;181,0;1952,01;102,0;1493,56;864,79;4,43;75,91;0,4862
30/12/2004;23.00.00;1,6;1173,87;-200,0;5,4;649,53;117,0;2020,27;47,0;1143,73;628,44;-0,37;75,34;0,2994
31/12/2004;00.00.00;1,1;1007,4;-200,0;5,6;633,7;-200,0;1928,61;77,0;1364,34;693,36;3,04;80,94;0,483
31/12/2004;01.00.00;-200,0;1161,61;-200,0;7,4;711,79;275,0;1857,62;-200,0;1199,73;696,25;-1,81;78,15;0,3724
31/12/2004;02.00.00;1,3;1037,52;-200,0;7,8;749,41;170,0;2065,43;59,0;1260,98;609,11;1,57;73,4;0,436
31/12/2004;03.00.00;-200,0;1156,06;-200,0;9,4;841,42;273,0;1893,35;79,0;1391,06;833,96;3,03;85,3;0,5355
31/12/2004;04.00.00;2,0;1244,0;-200,0;14,0;984,28;276,0;1947,81;78,0;1356,03;769,56;0,51;81,6;0,379
31/12/2004;05.00.00;-200,0;1170,9;-200,0;5,6;655,89;-200,0;2015,16;87,0;1428,78;868,65;5,32;80,38;0,5254
31/12/2004;06.00.00;3,2;1622,95;-200,0;17,4;1098,54;207,0;1920,93;-200,0;1404,29;948,49;-0,16;82,8;0,4369
31/12/2004;07.00.00;5,4;2040,0;-200,0;13,2;963,73;-200,0;1185,41;-200,0;1884,24;1275,78;6,18;77,44;0,6093
31/12/2004;08.00.00;6,4;2040,0;-200,0;21,1;1266,71;519,0;1488,31;-200,0;2182,58;1818,6;6,35;78,89;0,5774
31/12/2004;09.00.00;6,6;2040,0;-200,0;28,3;1555,19;882,0;1111,5;192,0;1842,72;1409,55;2,86;65,4;0,3641
31/12/2004;10.00.00;2,0;1314,7;-200,0;23,4;1379,17;359,0;1815,76;-200,0;2233,21;1841,4;13,01;56,52;0,6995
31/12/2004;11.00.00;-200,0;-200,0;-200,0;17,0;-200,0;511,0;-200,0;87,0;-200,0;-200,0;-200,0;-200,0;-200,0
31/12/2004;12.00.00;2,2;1344,6;-200,0;-200,0;760,34;330,0;1857,19;111,0;1522,64;892,9;8,08;53,98;0,4857
31/12/2004;13.00.00;3,7;1723,52;-200,0;18,9;1186,75;233,0;1901,92;140,0;1660,84;1169,93;7,81;54,12;0,4351
31/12/2004;14.00.00;1,7;1170,76;-200,0;7,9;723,21;315,0;1851,77;-200,0;1650,21;1232,12;10,69;39,91;0,3391
31/12/2004;15.00.00;0,9;998,15;-200,0;6,8;680,48;-200,0;1907,64;83,0;1391,19;798,32;11,04;46,67;0,5488
31/12/2004;16.00.00;-200,0;1202,74;-200,0;6,5;708,47;201,0;1891,07;-200,0;1794,88;1285,26;11,33;55,29;0,5709
31/12/2004;17.00.00;2,5;1404,14;-200,0;9,3;808,43;-200,0;1712,24;153,0;1719,67;1156,82;10,03;47,84;0,4147
31/12/2004;18.00.00;2,1;1300,87;-200,0;13,5;968,12;-200,0;1313,39;340,0;2538,37;2275,54;11,1;56,56;0,4999
31/12/2004;19.00.00;7,3;2040,0;-200,0;29,7;1588,91;1171,0;767,9;181,0;1778,7;1255,09;8,02;58,1;0,4164
31/12/2004;20.00.00;2,5;1450,2;-200,0;-200,0;1516,57;574,0;1510,04;174,0;1784,0;1423,8;3,72;64,75;0,3855
31/12/2004;21.00.00;3,3;1640,52;-200,0;9,8;826,45;771,0;1288,08;-200,0;1805,78;1211,4;6,0;60,58;0,5359
31/12/2004;22.00.00;-200,0;1002,32;-200,0;4,9;598,37;139,0;2023,66;-200,0;1195,19;614,9;0,27;65,26;0,2931
31/12/2004;23.00.00;2,3;1330,54;-200,0;5,0;656,96;65,0;2068,82;49,0;1220,91;602,68;4,5;73,73;0,5572
01/01/2005;00.00.00;1,1;1024,94;-200,0;4,8;593,38;57,0;2125,74;62,0;1256,55;794,23;0,79;69,71;0,3504
01/01/2005;01.00.00;1,1;1009,91;-200,0;5,9;636,97;122,0;2184,13;64,0;1284,37;738,67;2,28;78,88;0,388
01/01/2005;02.00.00;1,8;1181,62;-200,0;4,2;597,33;145,0;2024,87;68,0;1353,09;721,95;4,08;83,3;0,509
01/01/2005;03.00.00;1,1;990,43;-200,0;6,5;695,05;177,0;2036,64;77,0;1280,83;917,25;-0,61;89,0;0,3497
01/01/2005;04.00.00;-200,0;1347,02;-200,0;14,0;946,4;-200,0;1976,18;-200,0;1279,64;628,79;3,58;84,04;0,4768
01/01/2005;05.00.00;1,6;1173,75;-200,0;5,6;628,99;566,0;1534,38;102,0;1501,5;941,04;1,09;83,36;0,3913
01/01/2005;06.00.00;1,9;1237,7;-200,0;10,8;817,26;539,0;1592,63;99,0;1473,57;971,28;6,26;83,19;0,5188
01/01/2005;07.00.00;3,2;1625,8;-200,0;19,2;1211,47;266,0;1901,9;155,0;1675,26;1304,25;3,05;68,82;0,4865
01/01/2005;08.00.00;2,9;1570,22;-200,0;14,9;1004,82;570,0;1504,13;142,0;1607,96;1129,19;3,31;68,48;0,4264
01/01/2005;09.00.00;4,0;1889,24;-200,0;27,3;1545,99;611,0;1462,46;294,0;2415,66;1969,77;7,66;76,77;0,5865
01/01/2005;10.00.00;3,7;1769,98;-200,0;9,7;786,61;-200,0;1496,93;213,0;1984,87;1489,63;6,71;59,59;0,4641
01/01/2005;11.00.00;1,1;1078,16;-200,0;-200,0;987,48;158,0;2075,63;87,0;1413,05;862,32;7,1;61,23;0,4357
01/01/2005;12.00.00;3,0;1597,32;-200,0;9,5;794,54;117,0;1992,13;111,0;1475,95;974,95;8,86;56,73;0,3622
01/01/2005;13.00.00;2,5;1442,32;-200,0;5,0;632,5;129,0;2004,16;-200,0;1807,33;1212,92;10,53;41,67;0,5525
01/01/2005;14.00.00;0,9;1033,11;-200,0;10,1;835,41;366,0;1808,8;91,0;1449,22;826,37;13,8;48,81;0,5907
01/01/2005;15.00.00;0,9;963,03;-200,0;5,3;621,33;-200,0;1931,06;44,0;1123,72;665,97;7,42;47,38;0,3477
01/01/2005;16.00.00;2,6;1420,09;-200,0;8,2;712,04;311,0;1783,01;-200,0;1352,78;782,94;11,16;48,91;0,3976
01/01/2005;17.00.00;3,5;1745,6;-200,0;16,2;1062,99;433,0;1647,52;147,0;1599,34;1132,58;11,86;45,29;0,4037
01/01/2005;18.00.00;4,6;2040,0;-200,0;12,8;934,54;-200,0;1577,69;340,0;2503,85;2228,05;10,21;46,33;0,5237
01/01/2005;19.00.00;2,6;1500,74;-200,0;17,3;1114,38;825,0;1283,61;-200,0;1794,92;1204,74;11,4;53,26;0,6218
01/01/2005;20.00.00;-200,0;2040,0;-200,0;27,0;1527,56;-200,0;1592,47;185,0;1836,33;1381,64;7,43;59,5;0,5117
01/01/2005;21.00.00;-200,0;1264,56;-200,0;5,1;622,08;-200,0;1933,09;88,0;1404,65;843,62;5,92;70,57;0,4536
01/01/2005;22.00.00;1,7;1202,69;-200,0;11,1;899,86;62,0;2060,3;97,0;1539,88;934,76;6,18;78,39;0,651
01/01/2005;23.00.00;1,3;1141,85;-200,0;2,7;544,24;111,0;2040,45;49,0;1229,16;773,32;3,98;80,63;0,5347
02/01/2005;00.00.00;1,9;1198,73;-200,0;3,0;553,64;59,0;1991,51;19,0;1105,18;549,3;1,93;81,73;0,4848
02/01/2005;01.00.00;1,2;1043,86;-200,0;4,9;631,42;238,0;1915,13;44,0;1188,26;539,61;2,94;75,26;0,4683
02/01/2005;02.00.00;1,4;1010,45;-200,0;6,1;667,12;112,0;2068,21;54,0;1124,65;649,09;0,11;80,04;0,3157
02/01/2005;03.00.00;1,3;1080,47;-200,0;6,1;654,68;-200,0;1994,0;70,0;1289,41;770,65;0,02;83,75;0,3468
02/01/2005;04.00.00;0,9;1006,16;-200,0;6,1;669,39;186,0;1966,56;72,0;1337,27;777,11;0,36;78,92;0,3667
02/01/2005;05.00.00;0,7;989,71;-200,0;5,6;668,12;156,0;1999,49;93,0;1489,37;840,88;4,62;83,17;0,5833
02/01/2005;06.00.00;1,9;1202,04;-200,0;-200,0;1009,53;310,0;1823,49;87,0;1371,86;902,34;-2,0;81,03;0,273
02/01/2005;07.00.00;1,5;1148,25;-200,0;15,3;1015,3;304,0;1867,68;130,0;1632,84;1049,39;4,53;76,38;0,4945
02/01/2005;08.00.00;3,5;1714,24;-200,0;23,8;1387,37;501,0;1598,36;168,0;1755,01;1293,19;5,02;74,48;0,4979
02/01/2005;09.00.00;3,3;1699,02;-200,0;13,0;951,29;1110,0;1037,88;147,0;1642,88;1169,61;2,88;60,17;0,3947
02/01/2005;10.00.00;2,6;1471,2;-200,0;4,8;633,42;332,0;1818,16;155,0;1829,51;1177,76;8,16;64,7;0,5739
02/01/2005;11.00.00;1,3;1145,99;-200,0;12,5;915,27;171,0;1990,06;-200,0;1525,16;1129,2;9,69;52,22;0,4305
02/01/2005;12.00.00;-200,0;1436,55;-200,0;8,1;741,27;129,0;2060,28;79,0;1402,44;822,2;10,96;47,27;0,544
02/01/2005;13.00.00;1,8;1228,19;-200,0;7,0;693,05;151,0;2013,68;63,0;1256,92;733,86;5,27;51,77;0,2999
02/01/2005;14.00.00;1,0;1002,27;-200,0;4,9;643,24;150,0;1985,39;-200,0;1362,4;596,93;13,8;53,39;0,6906
02/01/2005;15.00.00;2,9;1492,24;-200,0;5,1;604,45;141,0;1964,55;74,0;1301,13;898,5;9,77;49,14;0,4273
02/01/2005;16.00.00;1,4;1138,08;-200,0;5,3;638,65;83,0;2087,42;54,0;1360,06;594,85;12,44;47,42;0,5275
02/01/2005;17.00.00;1,3;1096,46;-200,0;9,5;777,33;92,0;2094,95;109,0;1542,75;1014,39;12,05;50,66;0,5528
02/01/2005;18.00.00;2,1;1266,76;-200,0;8,5;742,44;233,0;1874,84;151,0;1676,98;1298,06;8,02;52,65;0,4458
02/01/2005;19.00.00;-200,0;1271,74;-200,0;19,9;1238,81;412,0;1647,99;-200,0;2042,92;1684,0;10,06;50,07;0,5059
02/01/2005;20.00.00;-200,0;1915,67;-200,0;27,3;1518,12;344,0;1768,21;-200,0;2025,05;1609,89;6,76;53,83;0,4303
02/01/2005;21.00.00;2,7;1490,55;-200,0;6,6;667,08;-200,0;1847,08;-200,0;1089,68;539,68;2,1;64,3;0,3991
02/01/2005;22.00.00;-200,0;1263,1;-200,0;2,8;551,15;137,0;1908,45;55,0;1293,61;691,34;7,28;69,76;0,5737
02/01/2005;23.00.00;1,3;1042,67;-200,0;3,9;563,52;69,0;2069,94;-200,0;1114,26;486,69;2,19;73,75;0,3522
03/01/2005;00.00.00;2,0;1210,43;-200,0;6,0;666,45;79,0;2077,05;87,0;1413,09;925,05;0,96;80,86;0,4323
03/01/2005;01.00.00;1,3;1064,07;-200,0;7,3;716,89;181,0;1925,71;69,0;1350,31;714,35;1,07;79,26;0,3854
03/01/2005;02.00.00;1,9;1305,96;-200,0;13,0;952,64;191,0;1893,23;-200,0;1552,14;974,21;1,92;84,95;0,4142
03/01/2005;03.00.00;1,4;1098,92;-200,0;-200,0;878,2;129,0;2010,8;99,0;1394,01;868,66;1,09;82,02;0,4141
03/01/2005;04.00.00;1,9;1260,19;-200,0;4,6;608,13;307,0;1836,6;67,0;1354,21;804,96;2,47;89,0;0,5199
03/01/2005;05.00.00;2,7;1433,49;-200,0;6,6;678,8;409,0;1678,58;86,0;1311,04;860,38;-0,81;80,74;0,3828
03/01/2005;06.00.00;0,9;993,15;-200,0;15,5;1068,15;496,0;1674,65;141,0;1694,61;1227,98;1,18;89,0;0,5209
03/01/2005;07.00.00;3,2;1599,29;-200,0;16,6;1075,43;811,0;1338,98;259,0;2162,65;1793,23;3,47;75,51;0,5289
03/01/2005;08.00.00;5,6;2040,0;-200,0;47,9;2214,0;549,0;1454,96;300,0;2425,14;2026,16;8,7;68,34;0,6078
03/01/2005;09.00.00;5,2;2040,0;-200,0;19,0;1171,87;1083,0;898,31;314,0;2369,65;2165,65;5,97;60,25;0,4624
03/01/2005;10.00.00;3,4;1775,57;-200,0;28,9;1582,09;-200,0;1624,82;197,0;1886,48;1534,01;9,67;52,87;0,491
03/01/2005;11.00.00;-200,0;1691,25;-200,0;10,9;887,1;884,0;1209,29;221,0;1993,44;1555,36;8,78;50,79;0,4797
03/01/2005;12.00.00;1,9;1226,61;-200,0;12,5;905,2;434,0;1670,94;132,0;1585,86;1051,85;8,77;47,62;0,438
03/01/2005;13.00.00;1,4;1105,96;-200,0;7,4;700,19;317,0;1832,96;-200,0;1569,2;964,04;10,04;51,13;0,4788
03/01/2005;14.00.00;3,1;1655,46;-200,0;11,5;908,85;490,0;1550,49;-200,0;1530,8;988,92;10,7;44,73;0,5466
03/01/2005;15.00.00;2,9;1549,17;-200,0;13,4;965,65;184,0;1911,45;87,0;1370,29;863,08;12,41;47,68;0,4938
03/01/2005;16.00.00;-200,0;1261,79;-200,0;11,5;886,72;344,0;1824,59;-200,0;1594,83;970,27;13,78;53,77;0,7124
03/01/2005;17.00.00;3,1;1573,85;-200,0;32,3;1711,98;1083,0;1020,44;-200,0;1928,12;1500,39;11,25;48,72;0,4275
03/01/2005;18.00.00;6,1;2040,0;-200,0;17,5;1131,59;897,0;1089,22;323,0;2564,45;2264,14;12,11;62,42;0,7102
03/01/2005;19.00.00;5,3;2040,0;-200,0;27,4;1514,45;785,0;1216,65;-200,0;2557,78;2376,84;6,77;49,87;0,4525
03/01/2005;20.00.00;5,3;2040,0;-200,0;30,3;1648,22;542,0;1507,7;226,0;1972,3;1668,39;6,67;59,34;0,3545
03/01/2005;21.00.00;3,4;1576,96;-200,0;9,5;787,43;243,0;1824,2;157,0;1687,3;1247,41;4,75;62,05;0,4218
03/01/2005;22.00.00;1,6;1197,56;-200,0;7,8;737,3;-200,0;1951,8;71,0;1398,02;723,41;5,54;74,09;0,5574
03/01/2005;23.00.00;1,6;1157,01;-200,0;7,0;683,55;89,0;2057,42;80,0;1378,27;861,75;2,98;62,55;0,3842
04/01/2005;00.00.00;-200,0;986,13;-200,0;7,5;721,68;110,0;2045,27;45,0;1235,53;620,62;4,09;70,3;0,4687
04/01/2005;01.00.00;-200,0;1183,56;-200,0;9,5;788,15;-200,0;1994,17;-200,0;1316,86;708,75;-0,03;79,84;0,3933
04/01/2005;02.00.00;1,6;1194,44;-200,0;5,1;629,91;264,0;1849,08;106,0;1412,49;912,17;1,42;89,0;0,4211
04/01/2005;03.00.00;1,6;1115,06;-200,0;9,1;791,46;172,0;1999,49;-200,0;1498,42;893,72;2,54;83,92;0,6023
04/01/2005;04.00.00;-200,0;1019,81;-200,0;5,6;647,13;184,0;1954,81;113,0;1402,58;1039,1;-2,0;75,42;0,2931
04/01/2005;05.00.00;2,4;1469,29;-200,0;8,0;768,12;398,0;1713,55;107,0;1549,68;836,15;6,08;74,39;0,5645
04/01/2005;06.00.00;-200,0;1465,06;-200,0;12,5;904,08;477,0;1642,17;81,0;1349,72;841,54;2,06;85,89;0,4473
04/01/2005;07.00.00;2,9;-200,0;-200,0;30,4;-200,0;489,0;-200,0;174,0;-200,0;-200,0;-200,0;-200,0;-200,0
04/01/2005;08.00.00;3,0;1599,92;-200,0;33,0;1714,41;970,0;1195,25;299,0;2375,25;2036,36;5,19;64,74;0,3992
04/01/2005;09.00.00;3,0;1556,92;-200,0;27,5;1524,53;679,0;1405,65;238,0;2101,33;1691,8;6,23;72,18;0,4596
04/01/2005;10.00.00;3,7;1768,55;-200,0;23,8;1389,7;506,0;1515,9;-200,0;2158,84;1865,22;7,3;65,19;0,5695
04/01/2005;11.00.00;3,2;1697,65;-200,0;17,0;1105,56;720,0;1401,44;-200,0;1461,68;915,21;10,65;62,16;0,578
04/01/2005;12.00.00;-200,0;1995,24;-200,0;13,1;951,5;-200,0;1720,67;68,0;1352,75;626,73;11,2;47,31;0,4536
04/01/2005;13.00.00;2,2;1295,73;-200,0;8,2;751,05;-200,0;1890,5;142,0;1596,21;1142,77;11,09;41,58;0,3652
04/01/2005;14.00.00;-200,0;1078,46;-200,0;6,5;693,39;241,0;1916,87;94,0;1475,01;907,23;11,9;48,07;0,5135
04/01/2005;15.00.00;-200,0;1238,71;-200,0;8,2;732,94;100,0;2026,46;111,0;1452,44;946,17;10,96;48,47;0,4479
04/01/2005;16.00.00;3,5;1768,23;-200,0;7,8;759,82;254,0;1808,16;99,0;1480,14;820,73;14,55;49,23;0,6634
04/01/2005;17.00.00;2,5;1405,91;-200,0;19,8;1211,56;472,0;1629,39;207,0;1929,57;1585,77;7,54;56,59;0,4692
04/01/2005;18.00.00;6,7;2040,0;-200,0;41,1;2038,83;1466,0;441,11;340,0;2524,54;2278,96;9,98;43,4;0,3786
04/01/2005;19.00.00;5,5;2040,0;-200,0;32,7;1723,77;767,0;1259,23;-200,0;2526,43;2296,57;8,8;60,09;0,5653
04/01/2005;20.00.00;5,5;2040,0;-200,0;11,0;846,79;730,0;1315,21;196,0;1926,59;1351,27;9,09;54,65;0,4848
04/01/2005;21.00.00;5,4;2040,0;-200,0;10,7;843,55;422,0;1538,77;132,0;1617,83;1154,79;4,48;69,07;0,4545
04/01/2005;22.00.00;0,9;934,43;-200,0;7,7;709,06;492,0;1727,92;90,0;1379,33;800,18;1,38;67,08;0,2845
04/01/2005;23.00.00;1,8;1210,9;-200,0;3,2;525,4;192,0;1957,94;113,0;1479,79;1043,24;3,98;69,72;0,4393
05/01/2005;00.00.00;1,3;1118,99;-200,0;5,4;612,47;-200,0;2091,89;42,0;1251,34;557,86;3,16;74,51;0,4641
05/01/2005;01.00.00;1,1;1047,79;-200,0;7,3;720,62;244,0;1933,94;-200,0;1233,48;648,82;4,78;73,19;0,557
05/01/2005;02.00.00;1,6;-200,0;-200,0;12,1;-200,0;117,0;-200,0;105,0;-200,0;-200,0;-200,0;-200,0;-200,0
05/01/2005;03.00.00;3,3;1662,29;-200,0;-200,0;1082,56;-200,0;1943,91;-200,0;1403,69;725,15;3,44;78,97;0,5978
05/01/2005;04.00.00;-200,0;1625,11;-200,0;5,9;658,41;137,0;1869,27;-200,0;1699,17;1089,13;6,04;86,15;0,6547
05/01/2005;05.00.00;1,1;1027,71;-200,0;10,1;805,18;590,0;1652,92;97,0;1372,33;937,81;1,05;83,62;0,3598
05/01/2005;06.00.00;2,1;1352,27;-200,0;12,8;912,74;586,0;1582,61;165,0;1721,99;1192,07;0,02;86,0;0,3753
05/01/2005;07.00.00;5,5;2040,0;-200,0;-200,0;1022,84;908,0;1072,46;184,0;1901,1;1367,22;2,82;75,66;0,5157
05/01/2005;08.00.00;5,2;2040,0;-200,0;28,0;1545,04;1165,0;802,63;214,0;2066,6;1511,97;4,87;72,09;0,5478
05/01/2005;09.00.00;5,3;2040,0;-200,0;26,3;1489,01;1013,0;971,66;311,0;2486,18;2007,14;7,26;71,83;0,567
05/01/2005;10.00.00;-200,0;1365,35;-200,0;-200,0;1431,45;484,0;1703,4;150,0;1657,41;1212,73;6,25;57,04;0,4282
05/01/2005;11.00.00;-200,0;1338,72;-200,0;23,4;1380,14;409,0;1716,94;179,0;1798,43;1364,53;11,74;48,39;0,4491
05/01/2005;12.00.00;1,5;1161,46;-200,0;12,0;883,32;240,0;1946,64;117,0;1531,93;982,18;7,44;53,11;0,4894
05/01/2005;13.00.00;1,2;1033,51;-200,0;8,5;735,96;-200,0;2065,68;73,0;1257,2;727,16;6,99;42,13;0,2767
05/01/2005;14.00.00;1,3;1110,99;-200,0;6,3;694,93;183,0;1921,85;-200,0;1672,06;909,57;13,18;59,72;0,7266
05/01/2005;15.00.00;1,4;1067,2;-200,0;19,4;1194,16;613,0;1506,67;109,0;1468,06;989,33;6,58;54,11;0,4756
05/01/2005;16.00.00;1,7;1229,24;-200,0;14,8;1012,73;233,0;1908,69;55,0;1280,13;712,09;10,56;58,27;0,5693
05/01/2005;17.00.00;2,4;1454,32;-200,0;-200,0;1155,25;645,0;1504,48;170,0;1931,46;1338,38;16,7;49,56;0,7524
05/01/2005;18.00.00;6,5;-200,0;-200,0;21,6;-200,0;1479,0;-200,0;253,0;-200,0;-200,0;-200,0;-200,0;-200,0
05/01/2005;19.00.00;3,8;1766,96;-200,0;48,8;2214,0;1025,0;1033,6;298,0;2333,79;2124,42;6,39;53,54;0,4121
05/01/2005;20.00.00;7,2;2040,0;-200,0;-200,0;1242,14;-200,0;1467,43;-200,0;1657,31;1183,59;7,31;64,59;0,5019
05/01/2005;21.00.00;-200,0;1442,5;-200,0;7,1;688,97;268,0;1911,55;169,0;1744,71;1411,5;6,03;58,76;0,424
05/01/2005;22.00.00;2,0;1309,61;-200,0;8,5;760,26;-200,0;1947,13;101,0;1379,84;885,96;5,16;56,78;0,3528
05/01/2005;23.00.00;1,6;1169,95;-200,0;3,4;557,73;325,0;1841,69;46,0;1267,72;640,96;4,96;69,88;0,4353
06/01/2005;00.00.00;-200,0;978,1;-200,0;5,9;643,71;221,0;1931,59;39,0;1157,9;653,57;0,49;70,32;0,3749
06/01/2005;01.00.00;1,3;1068,33;-200,0;10,2;830,95;183,0;2033,2;51,0;1333,83;679,35;5,15;87,85;0,5947
06/01/2005;02.00.00;1,4;1044,99;-200,0;3,8;592,13;-200,0;2040,54;-200,0;1392,49;967,87;1,77;89,0;0,5034
06/01/2005;03.00.00;2,1;1338,33;-200,0;5,8;637,6;240,0;1886,67;61,0;1252,25;686,28;2,56;75,85;0,3635
06/01/2005;04.00.00;1,9;1262,21;-200,0;12,8;948,13;256,0;1804,33;67,0;1340,56;719,72;0,02;88,71;0,4262
06/01/2005;05.00.00;1,7;1349,6;-200,0;8,7;799,3;296,0;1890,72;229,0;2117,52;1536,77;4,35;85,21;0,6061
06/01/2005;06.00.00;2,9;1493,96;-200,0;15,6;1046,47;247,0;1873,18;147,0;1614,85;1189,05;2,06;69,75;0,3333
06/01/2005;07.00.00;4,5;1981,83;-200,0;23,1;1341,47;-200,0;1672,17;196,0;1849,21;1476,2;4,16;71,92;0,4631
06/01/2005;08.00.00;-200,0;2040,0;-200,0;37,9;1926,66;-200,0;1025,09;238,0;1928,09;1751,8;2,94;66,63;0,3021
06/01/2005;09.00.00;5,4;2040,0;-200,0;21,2;1279,38;-200,0;1559,81;259,0;2208,59;1845,72;4,11;68,61;0,3743
06/01/2005;10.00.00;4,0;-200,0;-200,0;7,6;-200,0;426,0;-200,0;340,0;-200,0;-200,0;-200,0;-200,0;-200,0
06/01/2005;11.00.00;3,4;1654,08;-200,0;16,3;1108,51;380,0;1748,95;201,0;1996,03;1501,82;7,72;55,37;0,434
06/01/2005;12.00.00;1,7;1197,06;-200,0;6,3;663,44;343,0;1813,99;-200,0;2263,36;1838,53;7,93;48,71;0,492
06/01/2005;13.00.00;1,2;1075,09;-200,0;14,6;1017,5;423,0;1790,77;129,0;1571,52;1116,42;9,15;51,65;0,4812
06/01/2005;14.00.00;-200,0;1246,43;-200,0;9,2;807,67;141,0;1998,65;77,0;1376,83;721,81;12,33;46,4;0,5312
06/01/2005;15.00.00;2,9;1440,31;-200,0;8,0;713,22;135,0;1981,57;-200,0;1514,22;930,54;9,85;44,19;0,3573
06/01/2005;16.00.00;3,5;1696,92;-200,0;13,7;971,15;473,0;1677,26;-200,0;1679,31;1158,72;10,7;46,42;0,4365
06/01/2005;17.00.00;1,7;1210,22;-200,0;8,1;745,78;858,0;1381,27;210,0;2025,82;1558,9;10,46;59,46;0,5386
06/01/2005;18.00.00;5,8;2040,0;-200,0;21,3;1264,18;412,0;1554,06;-200,0;1862,84;1590,68;5,81;50,06;0,3054
06/01/2005;19.00.00;2,4;1443,31;-200,0;31,4;1689,31;518,0;1652,99;-200,0;2445,47;2265,38;5,66;50,66;0,3929
06/01/2005;20.00.00;5,1;2040,0;-200,0;24,2;1393,19;-200,0;1240,49;161,0;1829,77;1270,51;8,07;63,13;0,5674
06/01/2005;21.00.00;3,3;1633,8;-200,0;11,3;897,46;373,0;1750,61;168,0;1781,43;1254,04;4,63;64,15;0,4454
06/01/2005;22.00.00;1,0;1014,91;-200,0;6,4;658,17;-200,0;1970,89;-200,0;1412,15;780,79;6,92;62,45;0,4401
06/01/2005;23.00.00;-200,0;1354,78;-200,0;9,8;805,5;91,0;1969,58;48,0;1291,64;688,4;5,54;85,03;0,6153
07/01/2005;00.00.00;2,4;1379,88;-200,0;7,5;714,52;165,0;1959,97;65,0;1229,83;718,74;3,98;75,87;0,3863
07/01/2005;01.00.00;1,4;1180,78;-200,0;4,8;612,05;132,0;2064,29;-200,0;1556,15;916,14;5,39;78,6;0,6142
07/01/2005;02.00.00;1,7;1253,71;-200,0;11,9;880,85;156,0;2010,02;91,0;1394,0;864,95;1,08;83,09;0,3691
07/01/2005;03.00.00;-200,0;-200,0;-200,0;10,9;-200,0;-200,0;-200,0;100,0;-200,0;-200,0;-200,0;-200,0;-200,0
07/01/2005;04.00.00;1,4;1047,92;-200,0;11,1;878,54;330,0;1844,16;54,0;1157,59;712,33;0,08;73,89;0,3661
07/01/2005;05.00.00;1,5;1193,15;-200,0;12,9;952,21;236,0;1907,96;157,0;1818,2;1283,97;6,65;81,87;0,6304
07/01/2005;06.00.00;-200,0;1378,32;-200,0;8,6;786,31;-200,0;1820,74;-200,0;1645,08;1107,43;6,51;88,07;0,6573
07/01/2005;07.00.00;4,0;1823,61;-200,0;34,9;1806,63;894,0;1236,87;257,0;2219,68;1861,19;3,6;74,54;0,4062
07/01/2005;08.00.00;5,4;2040,0;-200,0;38,8;1984,93;486,0;1465,19;340,0;2622,24;2340,95;5,56;63,38;0,5036
07/01/2005;09.00.00;4,4;-200,0;-200,0;29,8;-200,0;732,0;-200,0;-200,0;-200,0;-200,0;-200,0;-200,0;-200,0
07/01/2005;10.00.00;3,6;1718,03;-200,0;22,1;1312,06;288,0;1740,62;116,0;1572,84;1044,79;7,08;61,28;0,403
07/01/2005;11.00.00;2,4;1394,25;-200,0;13,5;965,44;301,0;1826,31;243,0;2137,59;1725,8;7,27;62,55;0,4878
07/01/2005;12.00.00;2,0;1285,59;-200,0;9,2;791,01;-200,0;1567,77;225,0;2007,44;1674,74;11,36;50,48;0,4535
07/01/2005;13.00.00;1,7;1181,15;-200,0;12,5;948,45;139,0;1997,68;147,0;1789,57;1193,45;10,57;53,45;0,5815
07/01/2005;14.00.00;1,6;1131,27;-200,0;6,9;676,13;264,0;1899,03;82,0;1350,77;868,72;11,27;40,34;0,3517
07/01/2005;15.00.00;1,0;922,4;-200,0;9,5;799,55;448,0;1632,32;148,0;1647,11;1166,23;9,41;39,68;0,4369
07/01/2005;16.00.00;2,1;1323,34;-200,0;10,9;857,28;344,0;1776,78;107,0;1425,22;889,8;7,47;45,1;0,4121
07/01/2005;17.00.00;-200,0;1199,0;-200,0;18,2;1162,94;332,0;1752,15;-200,0;1814,31;1252,03;10,88;56,5;0,6229
07/01/2005;18.00.00;5,9;2040,0;-200,0;33,0;1738,83;401,0;1619,14;340,0;2661,33;2372,05;11,42;52,52;0,634
07/01/2005;19.00.00;4,3;1914,94;-200,0;30,9;1628,59;329,0;1629,49;340,0;2544,15;2423,66;8,13;57,35;0,482
07/01/2005;20.00.00;4,2;1842,41;-200,0;28,6;1573,0;-200,0;901,75;114,0;1624,32;1034,7;10,25;61,63;0,5374
07/01/2005;21.00.00;2,5;1430,09;-200,0;6,5;720,15;306,0;1868,18;161,0;1760,34;1223,51;4,67;70,45;0,4633
07/01/2005;22.00.00;1,6;1129,08;-200,0;9,1;788,93;89,0;2004,04;125,0;1557,85;1075,65;2,68;66,51;0,3587
07/01/2005;23.00.00;2,1;1337,99;-200,0;5,6;629,04;82,0;2005,32;40,0;1152,12;548,65;3,44;77,34;0,4385
08/01/2005;00.00.00;0,7;915,98;-200,0;5,4;629,71;66,0;2104,04;-200,0;1303,86;864,5;2,36;73,5;0,4262
08/01/2005;01.00.00;0,7;1008,48;-200,0;4,4;596,77;100,0;2077,74;36,0;1140,96;516,27;3,27;89,0;0,5234
08/01/2005;02.00.00;1,5;1094,93;-200,0;9,4;818,14;395,0;1659,09;-200,0;1209,7;657,72;-0,32;78,31;0,3338
08/01/2005;03.00.00;1,4;1109,51;-200,0;7,6;726,27;249,0;1897,83;93,0;1409,75;881,15;3,79;78,52;0,4802
08/01/2005;04.00.00;2,0;1322,68;-200,0;5,8;680,77;237,0;1926,2;80,0;1428,28;837,11;5,16;85,06;0,6117
08/01/2005;05.00.00;2,5;1413,52;-200,0;7,1;710,27;369,0;1846,02;-200,0;1741,44;1147,94;1,65;80,92;0,4871
08/01/2005;06.00.00;1,6;1119,77;-200,0;15,5;1042,93;-200,0;1512,33;77,0;1333,55;877,6;5,02;79,29;0,4595
08/01/2005;07.00.00;4,0;1830,01;-200,0;15,4;1021,67;-200,0;1512,96;228,0;2052,96;1638,97;1,44;75,06;0,3867
08/01/2005;08.00.00;-200,0;1502,95;-200,0;21,6;1300,17;1096,0;1056,91;-200,0;2061,37;1702,02;6,91;64,14;0,4871
08/01/2005;09.00.00;4,4;1951,94;-200,0;-200,0;1226,13;459,0;1549,2;182,0;1842,62;1521,77;8,15;73,0;0,5502
08/01/2005;10.00.00;2,2;1332,25;-200,0;23,9;1400,24;-200,0;1888,7;206,0;1991,13;1551,33;9,08;64,74;0,5675
08/01/2005;11.00.00;2,6;1483,85;-200,0;13,8;979,05;196,0;1910,0;124,0;1644,43;1029,08;8,53;62,72;0,5437
08/01/2005;12.00.00;2,1;1285,6;-200,0;6,0;655,62;274,0;1867,37;169,0;1710,55;1237,42;3,68;49,56;0,3345
08/01/2005;13.00.00;1,3;1067,38;-200,0;5,9;647,26;-200,0;2104,44;-200,0;1516,38;936,74;9,1;51,42;0,4601
08/01/2005;14.00.00;-200,0;1003,18;-200,0;7,8;726,73;341,0;1754,98;100,0;1461,74;768,43;9,64;48,53;0,4014
08/01/2005;15.00.00;2,2;1343,43;-200,0;5,9;657,63;152,0;1978,35;-200,0;1369,83;799,8;9,1;52,57;0,5669
08/01/2005;16.00.00;1,7;1234,09;-200,0;3,8;583,66;315,0;1806,4;102,0;1463,64;914,45;11,13;53,34;0,5796
08/01/2005;17.00.00;3,8;1742,92;-200,0;9,6;833,55;190,0;1827,62;-200,0;1611,19;1054,07;9,55;50,31;0,4868
08/01/2005;18.00.00;3,1;1548,7;-200,0;-200,0;1066,11;810,0;1327,92;200,0;1900,7;1492,12;7,94;44,61;0,4176
08/01/2005;19.00.00;6,7;2040,0;-200,0;18,2;1155,57;1047,0;989,31;340,0;2561,58;2136,17;6,44;64,83;0,4965
08/01/2005;20.00.00;2,6;1469,65;-200,0;23,3;1384,57;505,0;1616,99;178,0;1842,22;1362,79;5,92;63,05;0,5196
08/01/2005;21.00.00;4,0;1905,55;-200,0;4,8;600,4;367,0;1759,85;-200,0;1331,99;782,47;8,3;61,89;0,5244
08/01/2005;22.00.00;1,6;-200,0;-200,0;4,9;-200,0;102,0;-200,0;-200,0;-200,0;-200,0;-200,0;-200,0;-200,0
08/01/2005;23.00.00;1,4;1128,66;-200,0;6,5;693,82;-200,0;1962,31;71,0;1377,75;799,72;2,53;66,37;0,4142
09/01/2005;00.00.00;0,8;920,99;-200,0;3,1;531,08;124,0;1999,62;76,0;1367,03;766,39;1,59;82,96;0,5274
09/01/2005;01.00.00;1,5;1155,61;-200,0;2,8;558,29;84,0;2129,79;67,0;1319,08;720,05;2,39;73,18;0,4933
09/01/2005;02.00.00;-200,0;1150,1;-200,0;3,8;594,45;209,0;2017,0;-200,0;1237,1;602,2;2,12;81,23;0,485
09/01/2005;03.00.00;1,2;1021,94;-200,0;6,5;681,14;60,0;2111,93;67,0;1283,75;687,72;-2,0;84,17;0,3811
09/01/2005;04.00.00;0,7;924,72;-200,0;5,5;602,01;124,0;2027,21;77,0;1374,88;746,75;3,25;87,53;0,5643
09/01/2005;05.00.00;1,1;1036,56;-200,0;5,1;625,12;72,0;2075,0;-200,0;1437,5;826,23;4,58;81,07;0,5852
09/01/2005;06.00.00;1,2;1131,2;-200,0;9,8;829,95;-200,0;1926,01;41,0;1189,67;602,55;0,4;80,85;0,4681
09/01/2005;07.00.00;2,9;1539,26;-200,0;13,2;942,74;276,0;1824,31;106,0;1468,51;944,48;1,59;73,81;0,3874
09/01/2005;08.00.00;2,7;1476,64;-200,0;9,4;803,03;383,0;1754,61;196,0;1933,45;1464,09;3,84;69,45;0,503
09/01/2005;09.00.00;2,7;1532,37;-200,0;-200,0;1088,7;565,0;1570,4;240,0;2082,22;1681,65;4,53;65,38;0,4478
09/01/2005;10.00.00;2,0;1381,64;-200,0;7,1;715,66;273,0;1805,49;106,0;1435,41;979,92;7,78;59,35;0,5162
09/01/2005;11.00.00;3,2;1597,05;-200,0;13,2;952,35;-200,0;1359,46;83,0;1385,83;931,77;4,65;47,52;0,3846
09/01/2005;12.00.00;1,7;1195,22;-200,0;11,4;870,31;246,0;1924,22;74,0;1349,17;843,44;7,34;48,38;0,4205
09/01/2005;13.00.00;1,6;1163,08;-200,0;5,8;689,12;159,0;1964,88;70,0;1347,95;697,55;13,45;50,59;0,6353
09/01/2005;14.00.00;1,2;1041,38;-200,0;9,1;797,86;108,0;2046,82;90,0;1376,83;834,62;9,01;46,32;0,3891
09/01/2005;15.00.00;1,4;1111,04;-200,0;4,4;599,51;94,0;2055,25;52,0;1300,91;710,12;13,53;46,17;0,6156
09/01/2005;16.00.00;1,1;972,01;-200,0;6,3;667,68;194,0;1946,71;99,0;1521,61;826,13;11,58;45,95;0,5116
09/01/2005;17.00.00;2,3;1387,03;-200,0;7,5;705,12;193,0;1930,21;164,0;1722,79;1253,9;6,75;45,04;0,3497
09/01/2005;18.00.00;-200,0;-200,0;-200,0;13,1;-200,0;534,0;-200,0;-200,0;-200,0;-200,0;-200,0;-200,0;-200,0
09/01/2005;19.00.00;4,0;1829,69;-200,0;15,4;1032,22;390,0;1663,15;144,0;1794,37;1158,81;8,3;54,42;0,5881
09/01/2005;20.00.00;2,1;1220,82;-200,0;12,6;926,87;325,0;1870,61;-200,0;1638,45;1173,7;6,42;60,32;0,3916
09/01/2005;21.00.00;2,6;1425,99;-200,0;8,0;757,11;220,0;1957,51;77,0;1384,22;806,0;6,53;66,92;0,4626
09/01/2005;22.00.00;2,5;1424,91;-200,0;5,4;636,82;111,0;1955,88;57,0;1332,7;679,51;5,69;68,71;0,623
09/01/2005;23.00.00;1,1;1022,4;-200,0;6,5;674,17;95,0;2084,47;29,0;1116,87;482,77;4,95;68,8;0,4875
10/01/2005;00.00.00;-200,0;1244,02;-200,0;2,5;513,97;290,0;1830,15;79,0;1355,53;878,94;4,85;70,71;0,4852
10/01/2005;01.00.00;1,9;1275,55;-200,0;12,7;940,01;-200,0;1914,99;118,0;1486,83;1025,28;2,51;89,0;0,5064
10/01/2005;02.00.00;-200,0;1010,82;-200,0;6,2;653,74;209,0;1960,21;65,0;1190,28;735,66;-1,56;76,71;0,3944
10/01/2005;03.00.00;1,9;1218,03;-200,0;7,9;720,96;-200,0;1756,06;54,0;1267,42;647,25;0,08;80,38;0,5224
10/01/2005;04.00.00;2,4;1364,39;-200,0;15,3;1040,46;226,0;1923,11;138,0;1678,81;1143,51;7,08;84,94;0,6283
10/01/2005;05.00.00;-200,0;1544,91;-200,0;13,3;957,37;-200,0;1952,48;103,0;1470,48;902,95;3,14;82,36;0,4898
10/01/2005;06.00.00;3,0;1569,57;-200,0;16,4;1084,4;101,0;1995,87;119,0;1576,74;976,96;7,23;80,3;0,6139
10/01/2005;07.00.00;4,2;1933,24;-200,0;31,7;1695,01;230,0;1857,49;209,0;2085,7;1594,56;6,32;71,76;0,5683
10/01/2005;08.00.00;5,3;2040,0;-200,0;25,4;1456,54;1035,0;972,58;-200,0;1962,22;1456,78;5,21;70,82;0,5493
10/01/2005;09.00.00;5,6;2040,0;-200,0;38,6;1988,75;888,0;1008,25;340,0;2590,61;2282,57;6,63;65,28;0,5747
10/01/2005;10.00.00;2,6;1497,85;-200,0;12,5;923,48;521,0;1577,71;-200,0;1742,9;1276,02;7,25;58,75;0,5008
10/01/2005;11.00.00;-200,0;1507,47;-200,0;16,4;1084,86;1014,0;1074,59;106,0;1596,17;1029,99;5,05;57,2;0,5159
10/01/2005;12.00.00;1,5;1147,46;-200,0;14,1;1016,75;295,0;1861,59;86,0;1360,16;813,48;9,6;57,52;0,4979
10/01/2005;13.00.00;1,9;1263,88;-200,0;15,8;1054,29;-200,0;2096,75;120,0;1583,01;1062,49;12,78;49,27;0,5091
10/01/2005;14.00.00;1,7;1178,91;-200,0;12,2;908,01;328,0;1834,74;58,0;1275,68;623,47;9,65;47,51;0,51
10/01/2005;15.00.00;1,6;1195,2;-200,0;9,7;795,29;372,0;1771,62;195,0;1952,73;1507,07;11,85;52,31;0,5581
10/01/2005;16.00.00;1,6;1220,62;-200,0;9,3;808,64;371,0;1835,02;-200,0;1502,77;943,15;12,56;52,39;0,509
10/01/2005;17.00.00;3,5;1747,86;-200,0;13,9;956,46;697,0;1472,91;88,0;1375,32;919,62;8,53;57,3;0,4744
10/01/2005;18.00.00;4,1;1787,88;-200,0;20,4;1227,07;-200,0;1766,12;180,0;1824,82;1395,4;8,66;43,46;0,3875
10/01/2005;19.00.00;4,5;1986,16;-200,0;16,2;1053,39;770,0;1259,47;340,0;2516,85;2231,55;6,49;60,5;0,421
10/01/2005;20.00.00;2,7;1477,88;-200,0;42,7;2109,68;430,0;1689,87;340,0;2523,84;2291,62;5,67;63,32;0,3991
10/01/2005;21.00.00;2,6;1462,65;-200,0;20,0;1240,46;456,0;1671,12;159,0;1712,91;1246,3;3,45;60,54;0,3607
10/01/2005;22.00.00;-200,0;1478,25;-200,0;-200,0;757,85;361,0;1744,55;88,0;1395,92;874,65;2,93;70,89;0,3664
10/01/2005;23.00.00;2,0;1324,95;-200,0;7,4;704,94;108,0;2074,5;38,0;1229,23;535,84;6,36;79,23;0,6206
11/01/2005;00.00.00;1,5;1067,37;-200,0;-200,0;701,01;-200,0;2025,99;97,0;1349,94;899,44;0,65;73,57;0,2758
11/01/2005;01.00.00;-200,0;1086,13;-200,0;-200,0;606,73;101,0;1998,99;-200,0;1368,67;820,77;1,94;82,79;0,4628
11/01/2005;02.00.00;2,0;1250,73;-200,0;9,1;792,38;-200,0;1898,27;89,0;1357,52;776,72;0,18;86,73;0,4518
11/01/2005;03.00.00;1,5;-200,0;-200,0;13,2;-200,0;165,0;-200,0;92,0;-200,0;-200,0;-200,0;-200,0;-200,0
11/01/2005;04.00.00;1,8;1297,54;-200,0;7,1;722,64;504,0;1602,72;122,0;1623,7;952,34;3,81;81,66;0,5673
11/01/2005;05.00.00;1,8;1190,53;-200,0;5,9;669,29;-200,0;1942,67;-200,0;1364,13;846,63;3,41;82,08;0,4333
11/01/2005;06.00.00;3,8;1855,99;-200,0;8,6;763,06;371,0;1694,0;200,0;1885,36;1461,19;3,09;73,73;0,4061
11/01/2005;07.00.00;5,2;2040,0;-200,0;19,0;1204,39;966,0;1066,3;-200,0;2280,1;1967,61;3,05;69,59;0,3988
11/01/2005;08.00.00;-200,0;2040,0;-200,0;17,0;1114,61;334,0;1680,64;287,0;2327,67;1918,61;2,33;68,97;0,4279
11/01/2005;09.00.00;-200,0;2040,0;-200,0;25,5;1456,18;911,0;928,39;273,0;2253,2;1834,6;9,9;68,99;0,6549
11/01/2005;10.00.00;-200,0;2037,74;-200,0;15,7;1044,23;582,0;1398,04;111,0;1448,42;964,73;5,79;63,54;0,562
11/01/2005;11.00.00;3,3;1649,62;-200,0;14,0;998,63;283,0;1756,12;89,0;1393,28;886,54;9,84;51,68;0,4402
11/01/2005;12.00.00;2,7;1450,37;-200,0;9,4;819,02;499,0;1572,18;151,0;1689,7;1282,27;11,67;55,52;0,5095
11/01/2005;13.00.00;1,4;1104,46;-200,0;10,1;860,72;-200,0;1588,51;152,0;1656,35;1211,23;9,23;45,22;0,4939
11/01/2005;14.00.00;1,5;1109,62;-200,0;11,7;887,7;316,0;1858,22;-200,0;1617,37;1128,1;12,92;39,55;0,3745
11/01/2005;15.00.00;1,9;1238,76;-200,0;-200,0;681,91;202,0;1912,41;65,0;1305,85;740,33;12,54;45,15;0,5316
11/01/2005;16.00.00;2,2;1400,11;-200,0;11,7;904,45;149,0;1927,03;244,0;2134,53;1718,22;14,3;53,21;0,6045
11/01/2005;17.00.00;4,0;1821,91;-200,0;11,4;843,91;459,0;1601,89;238,0;2008,56;1685,45;9,4;52,68;0,3729
11/01/2005;18.00.00;3,6;1726,78;-200,0;23,0;1353,45;600,0;1498,03;211,0;1921,63;1487,17;6,98;52,25;0,3855
11/01/2005;19.00.00;-200,0;2040,0;-200,0;25,7;1459,26;712,0;1321,66;-200,0;2300,66;2102,93;7,5;53,9;0,4764
11/01/2005;20.00.00;4,5;1989,78;-200,0;25,2;1422,94;-200,0;1657,37;-200,0;1610,84;1148,96;7,72;58,38;0,4129
11/01/2005;21.00.00;-200,0;1640,22;-200,0;14,7;1000,33;286,0;1781,9;124,0;1701,58;1037,88;6,13;65,53;0,5085
11/01/2005;22.00.00;1,8;1223,46;-200,0;12,3;895,87;193,0;1963,37;102,0;1492,52;980,88;3,93;64,3;0,4452
11/01/2005;23.00.00;0,8;850,21;-200,0;5,4;639,88;75,0;2143,56;-200,0;1193,65;738,32;-0,31;72,24;0,2795
12/01/2005;00.00.00;-200,0;868,07;-200,0;4,2;579,88;-200,0;2067,73;105,0;1523,62;881,7;3,41;76,64;0,4572
12/01/2005;01.00.00;1,1;1003,22;-200,0;8,7;787,8;106,0;2045,64;43,0;1322,72;680,65;5,62;73,83;0,6015
12/01/2005;02.00.00;1,4;1119,85;-200,0;8,1;745,4;-200,0;1890,35;77,0;1370,28;842,66;2,1;78,19;0,4703
12/01/2005;03.00.00;1,2;1046,54;-200,0;11,4;884,87;-200,0;1967,19;64,0;1248,81;680,23;2,22;85,05;0,467
12/01/2005;04.00.00;2,0;1300,25;-200,0;8,8;797,67;311,0;1840,48;168,0;1745,89;1184,98;2,32;82,43;0,4891
12/01/2005;05.00.00;-200,0;1623,09;-200,0;-200,0;685,84;353,0;1849,86;128,0;1527,74;1083,16;2,47;79,04;0,4193
12/01/2005;06.00.00;-200,0;1745,65;-200,0;31,4;1689,04;442,0;1573,2;148,0;1642,48;1241,86;4,33;73,16;0,5314
12/01/2005;07.00.00;4,7;2026,43;-200,0;15,7;1049,99;333,0;1694,86;208,0;2040,73;1478,56;4,3;81,88;0,5867
12/01/2005;08.00.00;7,5;2040,0;-200,0;17,4;1125,43;-200,0;1206,91;224,0;2081,76;1706,35;4,09;65,46;0,4247
12/01/2005;09.00.00;-200,0;1804,36;-200,0;35,7;1851,06;1479,0;681,88;-200,0;2531,76;2286,01;4,41;66,25;0,4446
12/01/2005;10.00.00;3,4;1688,46;-200,0;14,1;963,4;481,0;1577,62;234,0;2001,05;1662,29;6,8;57,9;0,3929
12/01/2005;11.00.00;3,6;1776,36;-200,0;12,1;902,62;585,0;1431,21;167,0;1775,57;1312,37;9,13;56,18;0,4318
12/01/2005;12.00.00;-200,0;-200,0;-200,0;12,0;-200,0;298,0;-200,0;152,0;-200,0;-200,0;-200,0;-200,0;-200,0
12/01/2005;13.00.00;-200,0;1282,34;-200,0;9,7;795,53;233,0;1913,46;86,0;1350,07;858,92;10,96;42,55;0,4205
12/01/2005;14.00.00;3,9;1851,67;-200,0;8,1;758,3;-200,0;1799,69;197,0;1945,7;1454,73;11,71;47,57;0,5509
12/01/2005;15.00.00;2,1;1303,06;-200,0;16,4;1086,6;161,0;1988,12;-200,0;1760,83;1220,19;12,67;52,95;0,6342
12/01/2005;16.00.00;4,2;1950,48;-200,0;10,1;837,09;400,0;1657,69;116,0;1624,48;1005,03;13,4;56,41;0,6648
12/01/2005;17.00.00;-200,0;1248,16;-200,0;11,2;870,15;297,0;1863,43;157,0;1706,81;1304,19;10,49;48,76;0,532
12/01/2005;18.00.00;-200,0;1772,45;-200,0;33,5;1760,63;808,0;1306,39;310,0;2370,04;2091,28;6,93;52,47;0,3574
12/01/2005;19.00.00;6,0;2040,0;-200,0;20,2;1221,1;1165,0;815,4;340,0;2578,79;2266,84;7,81;67,05;0,6015
12/01/2005;20.00.00;4,5;1978,63;-200,0;21,1;1278,41;729,0;1326,04;-200,0;2548,77;2108,13;7,39;66,01;0,4849
12/01/2005;21.00.00;1,4;1128,59;-200,0;9,7;802,34;288,0;1893,35;186,0;1908,83;1462,74;2,33;61,91;0,414
12/01/2005;22.00.00;1,6;1095,75;-200,0;8,3;761,46;206,0;1896,9;90,0;1447,22;855,0;7,49;66,56;0,5316
12/01/2005;23.00.00;3,2;1658,81;-200,0;5,5;645,14;93,0;1904,88;65,0;1288,5;709,84;3,79;78,78;0,3941
13/01/2005;00.00.00;1,4;1165,54;-200,0;5,2;637,62;111,0;2052,4;33,0;1156,11;568,49;3,23;72,67;0,4754
13/01/2005;01.00.00;-200,0;1238,48;-200,0;6,5;686,88;117,0;2007,6;61,0;1273,18;710,87;4,4;86,03;0,6024
13/01/2005;02.00.00;1,3;1063,9;-200,0;9,7;789,0;127,0;2087,05;90,0;1351,03;884,65;-0,09;84,06;0,3823
13/01/2005;03.00.00;2,0;1352,85;-200,0;10,7;841,85;268,0;1895,21;44,0;1186,0;557,28;2,15;85,59;0,4621
13/01/2005;04.00.00;2,0;1243,54;-200,0;6,2;664,49;358,0;1764,46;-200,0;1500,05;1029,48;0,95;81,1;0,4119
13/01/2005;05.00.00;-200,0;1631,66;-200,0;8,2;716,83;428,0;1597,53;90,0;1364,07;922,02;1,3;77,44;0,3144
13/01/2005;06.00.00;4,1;1904,69;-200,0;19,0;1168,81;-200,0;1721,0;245,0;2059,86;1752,61;0,92;85,04;0,3211
13/01/2005;07.00.00;4,6;1986,28;-200,0;14,7;1034,89;1007,0;1095,22;198,0;2007,7;1546,93;6,83;72,77;0,6227
13/01/2005;08.00.00;5,4;2040,0;-200,0;32,6;1709,5;570,0;1499,37;272,0;2153,35;1914,21;3,96;67,6;0,3875
13/01/2005;09.00.00;3,0;1561,91;-200,0;37,4;1939,3;1305,0;884,93;285,0;2436,98;1968,65;7,4;64,6;0,6064
13/01/2005;10.00.00;2,2;1409,9;-200,0;10,8;846,47;814,0;1283,45;221,0;1928,73;1601,39;3,54;61,31;0,4467
13/01/2005;11.00.00;3,0;1557,96;-200,0;12,0;901,25;-200,0;1737,33;-200,0;1907,55;1532,18;10,86;50,84;0,5827
13/01/2005;12.00.00;3,3;1599,8;-200,0;15,5;1042,96;329,0;1798,12;113,0;1541,71;983,33;11,64;49,45;0,4825
13/01/2005;13.00.00;3,5;1703,96;-200,0;9,7;810,43;411,0;1673,49;115,0;1438,8;976,06;10,53;46,32;0,3694
13/01/2005;14.00.00;1,5;1119,01;-200,0;8,0;736,2;316,0;1824,67;134,0;1607,06;1052,76;10,38;51,84;0,4444
13/01/2005;15.00.00;1,2;1062,69;-200,0;12,3;905,52;255,0;1889,69;-200,0;1414,18;926,12;11,8;42,57;0,4256
13/01/2005;16.00.00;-200,0;1605,58;-200,0;16,0;1080,83;227,0;1824,11;144,0;1645,63;1185,91;15,41;38,83;0,3916
13/01/2005;17.00.00;2,4;1329,34;-200,0;12,1;901,53;289,0;1824,18;150,0;1599,64;1148,42;6,8;39,58;0,279
13/01/2005;18.00.00;2,6;1518,34;-200,0;45,2;2208,82;670,0;1401,42;283,0;2250,11;1898,26;11,1;44,92;0,4422
13/01/2005;19.00.00;-200,0;1916,6;-200,0;13,5;927,65;458,0;1507,42;-200,0;2514,28;2228,53;6,68;62,81;0,4118
13/01/2005;20.00.00;3,7;1722,13;-200,0;12,4;940,14;830,0;1240,49;293,0;2390,73;1999,9;7,26;60,42;0,4239
13/01/2005;21.00.00;4,5;2006,96;-200,0;11,5;897,73;-200,0;1827,45;83,0;1378,99;915,42;5,51;67,51;0,4633
13/01/2005;22.00.00;2,4;1440,27;-200,0;6,7;696,3;217,0;2000,13;103,0;1419,16;967,35;3,85;72,34;0,4733
13/01/2005;23.00.00;-200,0;957,34;-200,0;4,9;618,61;113,0;2112,93;43,0;1105,81;715,58;3,48;74,28;0,4117
14/01/2005;00.00.00;-200,0;1293,39;-200,0;4,3;592,82;-200,0;2008,81;45,0;1152,76;581,67;0,2;77,35;0,3949
14/01/2005;01.00.00;-200,0;1194,4;-200,0;4,7;615,16;130,0;2013,53;81,0;1420,0;830,19;3,73;85,81;0,5428
14/01/2005;02.00.00;2,4;1351,55;-200,0;6,5;682,82;52,0;2102,32;59,0;1281,31;680,66;-2,0;83,12;0,3531
14/01/2005;03.00.00;2,9;1544,93;-200,0;6,5;700,12;171,0;1920,19;64,0;1333,28;840,73;2,08;89,0;0,4649
14/01/2005;04.00.00;1,9;-200,0;-200,0;12,0;-200,0;165,0;-200,0;103,0;-200,0;-200,0;-200,0;-200,0;-200,0
14/01/2005;05.00.00;2,8;1513,03;-200,0;10,7;852,64;192,0;1894,73;96,0;1380,21;784,36;-0,67;77,5;0,4436
14/01/2005;06.00.00;2,4;1356,58;-200,0;12,3;919,31;1326,0;836,62;-200,0;1400,74;826,77;2,87;75,24;0,4751
14/01/2005;07.00.00;-200,0;-200,0;-200,0;19,2;-200,0;303,0;-200,0;-200,0;-200,0;-200,0;-200,0;-200,0;-200,0
14/01/2005;08.00.00;5,5;2040,0;-200,0;41,4;2087,99;-200,0;1183,39;340,0;2540,39;2368,08;4,79;75,75;0,5033
14/01/2005;09.00.00;-200,0;2040,0;-200,0;22,6;1323,18;545,0;1372,21;-200,0;2522,23;2224,89;3,15;62,97;0,3703
14/01/2005;10.00.00;6,9;2040,0;-200,0;12,4;880,1;-200,0;1621,41;-200,0;1733,37;1309,78;8,22;56,35;0,4969
14/01/2005;11.00.00;3,5;1740,5;-200,0;9,7;814,74;214,0;1904,39;177,0;1742,69;1333,62;6,65;57,6;0,3445
14/01/2005;12.00.00;2,4;1294,18;-200,0;10,4;853,73;481,0;1669,7;108,0;1472,85;944,8;8,63;51,79;0,3901
14/01/2005;13.00.00;2,2;1301,56;-200,0;12,3;911,19;-200,0;1750,49;76,0;1288,77;743,91;10,92;50,88;0,4666
14/01/2005;14.00.00;0,7;1013,34;-200,0;13,1;929,97;185,0;1986,05;-200,0;1402,02;802,64;9,28;57,06;0,4894
14/01/2005;15.00.00;1,5;1154,66;-200,0;16,8;1108,91;-200,0;1794,29;41,0;1231,96;609,55;10,88;51,57;0,4682
14/01/2005;16.00.00;3,1;1631,92;-200,0;13,9;992,27;177,0;1876,35;83,0;1388,84;820,23;7,8;47,75;0,4063
14/01/2005;17.00.00;4,5;1990,33;-200,0;11,2;858,79;359,0;1680,71;108,0;1486,12;993,74;11,59;42,37;0,4441
14/01/2005;18.00.00;3,5;1796,94;-200,0;21,4;1294,01;852,0;1280,43;270,0;2257,43;1791,32;13,07;49,77;0,6362
14/01/2005;19.00.00;5,5;2040,0;-200,0;11,7;901,83;487,0;1534,43;319,0;2579,93;2053,56;14,08;59,56;0,8455
14/01/2005;20.00.00;4,1;1862,31;-200,0;19,6;1207,12;447,0;1697,33;141,0;1592,58;1201,25;7,48;54,49;0,3723
14/01/2005;21.00.00;3,6;1789,41;-200,0;10,9;886,85;370,0;1725,93;197,0;1970,33;1404,33;7,58;75,7;0,6162
14/01/2005;22.00.00;3,8;1819,12;-200,0;3,2;553,02;194,0;1839,92;-200,0;1246,52;667,56;1,14;69,73;0,3731
14/01/2005;23.00.00;1,7;1150,9;-200,0;12,2;905,34;80,0;2062,01;44,0;1262,53;631,31;6,51;74,24;0,5563
15/01/2005;00.00.00;1,0;997,1;-200,0;4,1;575,35;265,0;1950,54;30,0;1099,85;515,67;4,02;74,39;0,4195
15/01/2005;01.00.00;1,3;1036,63;-200,0;2,4;544,52;86,0;2045,36;47,0;1167,94;656,16;0,71;83,07;0,377
15/01/2005;02.00.00;2,4;1389,41;-200,0;5,5;663,6;217,0;1870,33;66,0;1342,96;592,94;3,65;76,59;0,4878
15/01/2005;03.00.00;1,0;966,65;-200,0;13,0;932,02;217,0;2006,07;107,0;1363,25;878,39;0,49;89,0;0,3993
15/01/2005;04.00.00;1,4;1037,16;-200,0;16,0;1061,87;138,0;2046,85;-200,0;1378,14;870,81;0,26;88,97;0,4472
15/01/2005;05.00.00;2,5;1460,73;-200,0;9,0;778,53;271,0;1843,63;89,0;1407,6;882,91;2,62;85,51;0,4836
15/01/2005;06.00.00;3,7;1695,96;-200,0;11,4;876,84;202,0;1836,46;-200,0;1579,9;1219,51;0,34;70,77;0,3585
15/01/2005;07.00.00;4,0;1852,52;-200,0;25,4;1453,52;446,0;1601,61;184,0;1919,14;1443,25;5,55;75,02;0,4809
15/01/2005;08.00.00;3,5;1690,17;-200,0;20,5;1248,76;-200,0;1269,19;147,0;1619,18;1201,64;2,6;75,7;0,4461
15/01/2005;09.00.00;5,2;2040,0;-200,0;25,9;1467,49;-200,0;1571,15;208,0;1939,41;1514,14;3,9;67,96;0,3854
15/01/2005;10.00.00;3,8;1808,7;-200,0;22,4;1305,38;-200,0;1593,67;-200,0;1677,11;1121,65;5,48;55,33;0,3961
15/01/2005;11.00.00;2,8;1496,97;-200,0;7,6;735,41;237,0;1871,61;121,0;1615,06;1130,23;10,02;52,75;0,5631
15/01/2005;12.00.00;2,0;1251,28;-200,0;16,9;1111,93;261,0;1817,48;90,0;1357,92;832,28;8,31;50,01;0,4346
15/01/2005;13.00.00;1,9;1201,53;-200,0;6,1;686,74;226,0;1972,81;74,0;1336,73;826,15;7,64;46,39;0,3907
15/01/2005;14.00.00;1,3;1062,28;-200,0;6,2;641,67;168,0;2042,03;140,0;1649,34;1103,85;9,62;55,25;0,5475
15/01/2005;15.00.00;4,1;1861,16;-200,0;7,8;735,69;87,0;1997,05;83,0;1222,34;812,8;10,94;37,39;0,3025
15/01/2005;16.00.00;2,1;1234,23;-200,0;12,5;945,11;309,0;1885,65;114,0;1542,86;960,85;8,47;50,89;0,5195
15/01/2005;17.00.00;3,3;1666,71;-200,0;16,6;1047,72;786,0;1360,01;136,0;1555,53;1136,89;8,03;42,95;0,3029
15/01/2005;18.00.00;3,5;1707,44;-200,0;18,2;1179,61;539,0;1554,17;265,0;2295,31;1867,46;13,76;47,46;0,6079
15/01/2005;19.00.00;-200,0;-200,0;-200,0;23,7;-200,0;454,0;-200,0;-200,0;-200,0;-200,0;-200,0;-200,0;-200,0
15/01/2005;20.00.00;-200,0;1368,48;-200,0;26,7;1489,59;529,0;1571,24;266,0;2247,92;1893,75;6,65;57,59;0,3911
15/01/2005;21.00.00;1,3;1083,03;-200,0;11,3;886,31;477,0;1677,64;50,0;1271,04;728,32;5,27;72,55;0,5523
15/01/2005;22.00.00;1,5;1178,2;-200,0;4,8;600,87;270,0;1918,11;-200,0;1392,21;803,59;3,87;70,98;0,4723
15/01/2005;23.00.00;2,5;1398,45;-200,0;3,8;611,24;-200,0;2021,32;-200,0;1344,29;726,97;4,75;68,0;0,5489
16/01/2005;00.00.00;1,6;1154,01;-200,0;5,6;655,45;100,0;2102,57;50,0;1293,8;630,05;4,37;82,8;0,5494
16/01/2005;01.00.00;-200,0;980,04;-200,0;3,2;513,15;127,0;2024,8;36,0;1209,59;526,73;1,07;86,73;0,4472
16/01/2005;02.00.00;1,5;1159,35;-200,0;2,7;539,68;116,0;2024,89;44,0;1144,17;612,23;-1,29;82,9;0,3418
16/01/2005;03.00.00;1,1;1026,67;-200,0;4,9;603,69;-200,0;2016,13;44,0;1230,54;549,17;3,56;89,0;0,4624
16/01/2005;04.00.00;1,7;1192,23;-200,0;5,8;647,69;121,0;2092,67;79,0;1349,42;785,07;0,99;86,48;0,433
16/01/2005;05.00.00;1,9;1229,22;-200,0;9,3;803,74;142,0;1925,02;101,0;1502,9;838,64;5,14;83,99;0,5623
16/01/2005;06.00.00;2,5;1392,3;-200,0;4,7;604,2;232,0;1870,15;54,0;1162,74;598,95;-2,0;73,7;0,3241
16/01/2005;07.00.00;1,4;1085,36;-200,0;13,1;949,54;144,0;2069,07;136,0;1595,91;1182,42;3,9;77,13;0,4161
16/01/2005;08.00.00;2,0;1349,54;-200,0;23,7;1383,06;512,0;1650,94;128,0;1696,51;975,86;8,55;70,73;0,5939
16/01/2005;09.00.00;3,1;1633,97;-200,0;11,3;895,2;178,0;1933,31;-200,0;2382,93;2038,03;5,3;67,59;0,4974
16/01/2005;10.00.00;1,7;1223,5;-200,0;12,1;885,52;366,0;1794,12;155,0;1726,81;1327,7;6,85;56,91;0,4705
16/01/2005;11.00.00;1,3;1142,41;-200,0;-200,0;578,6;351,0;1736,78;85,0;1341,78;836,54;9,1;56,63;0,4093
16/01/2005;12.00.00;1,8;1246,09;-200,0;9,9;822,15;255,0;1905,39;77,0;1320,65;744,09;8,43;48,18;0,4446
16/01/2005;13.00.00;-200,0;1055,52;-200,0;8,8;766,92;108,0;2080,51;111,0;1426,4;1011,41;9,72;38,66;0,3444
16/01/2005;14.00.00;3,2;1612,1;-200,0;6,0;646,15;187,0;1869,11;70,0;1386,62;674,04;10,16;52,59;0,4899
16/01/2005;15.00.00;-200,0;1010,73;-200,0;3,5;559,97;186,0;2010,14;37,0;1114,2;523,12;9,75;39,48;0,2469
16/01/2005;16.00.00;1,4;1137,83;-200,0;8,6;761,22;331,0;1807,63;-200,0;1572,41;972,94;13,3;48,14;0,6305
16/01/2005;17.00.00;2,3;1336,51;-200,0;8,5;742,65;280,0;1904,11;135,0;1685,92;1045,87;11,26;51,06;0,5283
16/01/2005;18.00.00;1,6;1155,66;-200,0;4,6;602,33;542,0;1617,87;123,0;1595,77;1079,33;10,05;53,89;0,4312
16/01/2005;19.00.00;-200,0;1775,92;-200,0;20,2;1241,93;-200,0;1757,95;-200,0;1952,24;1483,53;10,13;54,57;0,5355
16/01/2005;20.00.00;-200,0;1542,65;-200,0;19,7;1201,8;235,0;1869,86;115,0;1601,86;1053,55;6,77;61,69;0,4882
16/01/2005;21.00.00;1,7;1207,43;-200,0;13,8;950,85;301,0;1880,05;76,0;1325,47;806,1;4,46;67,34;0,5027
16/01/2005;22.00.00;-200,0;1087,7;-200,0;3,2;549,08;171,0;1985,47;57,0;1260,87;592,22;3,51;73,32;0,4358
16/01/2005;23.00.00;1,3;1051,03;-200,0;2,0;521,49;-200,0;2120,17;-200,0;1339,59;650,57;3,51;82,66;0,5094
17/01/2005;00.00.00;2,2;1312,65;-200,0;4,5;588,77;-200,0;2075,43;70,0;1304,29;697,58;0,37;78,87;0,3601
17/01/2005;01.00.00;3,5;1630,92;-200,0;7,5;700,77;154,0;1857,73;-200,0;1496,23;857,04;0,69;80,88;0,4412
17/01/2005;02.00.00;1,1;1057,22;-200,0;5,0;592,17;178,0;2014,85;-200,0;1347,89;868,24;0,16;77,83;0,3424
17/01/2005;03.00.00;1,2;1083,48;-200,0;4,5;595,07;227,0;1917,6;146,0;1661,88;1144,3;5,27;85,16;0,5444
17/01/2005;04.00.00;2,1;1323,62;-200,0;12,2;905,5;344,0;1782,07;179,0;1740,94;1369,43;-2,0;85,7;0,3583
17/01/2005;05.00.00;1,1;1038,42;-200,0;9,3;781,6;424,0;1742,01;129,0;1533,52;1085,87;1,33;79,6;0,3616
17/01/2005;06.00.00;3,5;1727,77;-200,0;17,0;1115,22;-200,0;1700,65;133,0;1783,32;1064,36;5,94;80,43;0,6614
17/01/2005;07.00.00;4,1;1896,14;-200,0;19,9;1224,46;358,0;1757,77;205,0;1944,03;1522,11;3,76;72,51;0,5503
17/01/2005;08.00.00;6,0;2040,0;-200,0;25,4;1457,5;-200,0;1366,8;160,0;1741,56;1367,56;6,23;72,99;0,5152
17/01/2005;09.00.00;-200,0;2007,77;-200,0;26,6;1482,4;592,0;1323,07;300,0;2300,7;2024,16;6,22;69,54;0,4427
17/01/2005;10.00.00;4,4;1966,63;-200,0;17,6;1137,64;-200,0;1496,57;-200,0;1812,17;1311,62;5,98;64,81;0,4866
17/01/2005;11.00.00;3,4;1649,75;-200,0;11,8;888,88;303,0;1765,98;124,0;1513,91;1041,0;4,04;56,56;0,3365
17/01/2005;12.00.00;2,6;1519,99;-200,0;7,5;727,84;270,0;1802,41;125,0;1498,19;1091,78;9,97;47,05;0,4997
17/01/2005;13.00.00;1,4;1085,81;-200,0;12,3;912,83;274,0;1841,5;58,0;1217,46;726,93;8,8;46,33;0,3637
17/01/2005;14.00.00;2,2;1328,6;-200,0;15,0;1009,05;183,0;1970,17;98,0;1422,72;939,48;9,25;50,56;0,48
17/01/2005;15.00.00;3,8;1755,89;-200,0;7,4;723,56;262,0;1804,29;107,0;1543,02;1031,71;10,02;59,22;0,5627
17/01/2005;16.00.00;2,5;1407,96;-200,0;21,4;1272,77;591,0;1653,67;72,0;1406,57;858,78;14,34;45,89;0,531
17/01/2005;17.00.00;3,4;1624,72;-200,0;18,1;1146,76;397,0;1652,48;267,0;2290,64;1911,74;15,16;51,67;0,6807
17/01/2005;18.00.00;-200,0;2040,0;-200,0;25,5;1450,18;481,0;1444,31;292,0;2346,49;1991,25;9,99;49,47;0,5083
17/01/2005;19.00.00;4,0;1855,5;-200,0;34,0;1789,24;843,0;1264,08;340,0;2497,37;2428,62;7,59;51,11;0,4157
17/01/2005;20.00.00;6,0;2040,0;-200,0;31,9;1687,25;437,0;1532,68;278,0;2264,15;1908,03;4,96;56,94;0,3907
17/01/2005;21.00.00;2,4;1387,48;-200,0;11,5;890,03;344,0;1729,87;170,0;1723,73;1351,16;6,96;54,56;0,3779
17/01/2005;22.00.00;-200,0;1436,84;-200,0;-200,0;806,8;143,0;1957,37;140,0;1786,5;1105,45;8,29;76,4;0,7007
17/01/2005;23.00.00;1,8;1204,99;-200,0;8,1;760,08;81,0;2077,21;95,0;1426,52;924,99;3,02;62,83;0,4265
18/01/2005;00.00.00;1,1;975,03;-200,0;4,6;631,65;84,0;2044,56;112,0;1504,95;1006,54;-2,0;76,37;0,3018
18/01/2005;01.00.00;1,3;1036,8;-200,0;6,2;675,33;111,0;2030,29;67,0;1318,39;713,13;3,04;74,66;0,4391
18/01/2005;02.00.00;-200,0;1407,07;-200,0;5,3;638,12;113,0;1994,33;62,0;1325,49;598,02;3,17;77,92;0,5397
18/01/2005;03.00.00;1,0;963,19;-200,0;6,8;676,59;351,0;1792,11;63,0;1265,44;819,5;-2,0;89,0;0,3189
18/01/2005;04.00.00;-200,0;1150,08;-200,0;8,1;750,9;-200,0;1918,7;75,0;1424,14;861,4;1,56;83,35;0,4799
18/01/2005;05.00.00;2,8;1475,15;-200,0;7,5;705,48;409,0;1705,82;146,0;1704,05;1241,24;2,61;75,72;0,4106
18/01/2005;06.00.00;2,5;1475,54;-200,0;13,1;944,85;202,0;1898,65;340,0;2655,54;2173,36;2,35;74,74;0,5144
18/01/2005;07.00.00;4,2;1847,16;-200,0;22,4;1302,48;480,0;1614,11;340,0;2502,55;2314,5;1,95;70,13;0,3918
18/01/2005;08.00.00;2,6;1487,71;-200,0;31,9;1716,28;902,0;1245,84;280,0;2336,31;1944,38;6,77;69,4;0,5928
18/01/2005;09.00.00;4,0;1793,24;-200,0;20,0;1213,31;1479,0;690,99;340,0;2505,05;2239,11;5,23;65,82;0,416
18/01/2005;10.00.00;5,1;2040,0;-200,0;16,0;1059,75;405,0;1571,11;-200,0;1775,08;1360,69;4,36;69,78;0,392
18/01/2005;11.00.00;2,2;1339,32;-200,0;19,4;1164,05;-200,0;1929,25;132,0;1550,45;1189,44;4,43;46,38;0,2919
18/01/2005;12.00.00;1,5;1144,12;-200,0;9,0;785,27;-200,0;1828,9;91,0;1366,75;883,61;12,09;52,06;0,5708
18/01/2005;13.00.00;3,2;1616,6;-200,0;14,0;978,05;200,0;1941,62;83,0;1403,51;838,12;11,6;47,79;0,4709
18/01/2005;14.00.00;2,5;-200,0;-200,0;7,1;-200,0;490,0;-200,0;124,0;-200,0;-200,0;-200,0;-200,0;-200,0
18/01/2005;15.00.00;1,4;1077,82;-200,0;10,4;832,23;287,0;1885,97;-200,0;1760,23;1265,34;10,15;48,73;0,4517
18/01/2005;16.00.00;2,4;1364,93;-200,0;14,0;941,24;243,0;1887,18;-200,0;1729,05;1325,79;9,8;50,52;0,3647
18/01/2005;17.00.00;2,2;1308,75;-200,0;5,7;635,09;378,0;1748,42;276,0;2173,79;1775,51;8,21;51,1;0,4558
18/01/2005;18.00.00;-200,0;1923,0;-200,0;-200,0;1677,84;607,0;1500,61;325,0;2494,95;2182,41;8,71;47,57;0,3673
18/01/2005;19.00.00;5,5;2040,0;-200,0;43,5;2172,09;-200,0;1627,56;287,0;2249,57;1946,47;4,29;62,02;0,3841
18/01/2005;20.00.00;3,3;1614,85;-200,0;19,6;1210,51;621,0;1475,52;204,0;1984,47;1525,04;5,85;64,29;0,5399
18/01/2005;21.00.00;3,7;1746,5;-200,0;15,6;1014,44;299,0;1797,05;182,0;1859,16;1302,85;5,41;69,54;0,5742
18/01/2005;22.00.00;2,4;1326,04;-200,0;5,6;663,74;249,0;1834,86;50,0;1253,21;575,69;5,96;75,94;0,5209
18/01/2005;23.00.00;1,5;1154,67;-200,0;6,3;682,06;87,0;2013,06;51,0;1284,98;659,97;3,45;76,05;0,4952
19/01/2005;00.00.00;1,5;1096,94;-200,0;13,5;964,82;162,0;2025,98;47,0;1293,17;620,46;4,1;85,07;0,5172
19/01/2005;01.00.00;0,9;993,44;-200,0;2,7;537,97;184,0;1925,56;103,0;1492,12;942,01;4,42;82,41;0,5246
19/01/2005;02.00.00;2,7;1482,33;-200,0;5,9;656,67;187,0;1958,27;52,0;1247,34;584,97;3,34;81,23;0,4639
19/01/2005;03.00.00;1,8;1236,77;-200,0;11,1;855,66;348,0;1783,38;123,0;1477,1;1037,04;1,99;82,9;0,3744
19/01/2005;04.00.00;1,5;1139,81;-200,0;14,9;1020,47;107,0;1984,87;117,0;1565,1;1019,05;1,24;82,2;0,4389
19/01/2005;05.00.00;2,4;1326,21;-200,0;6,2;669,95;331,0;1850,71;133,0;1488,59;1027,27;-0,24;77,93;0,3861
19/01/2005;06.00.00;3,6;1738,02;-200,0;10,5;833,33;351,0;1640,75;127,0;1546,64;1036,42;3,99;85,82;0,5121
19/01/2005;07.00.00;4,7;-200,0;-200,0;15,8;-200,0;527,0;-200,0;136,0;-200,0;-200,0;-200,0;-200,0;-200,0
19/01/2005;08.00.00;3,6;1754,77;-200,0;21,1;1256,17;501,0;1709,04;340,0;2528,48;2243,87;5,44;70,07;0,4684
19/01/2005;09.00.00;6,9;2040,0;-200,0;26,0;1466,13;419,0;1600,81;340,0;2591,33;2229,68;9,88;66,88;0,5918
19/01/2005;10.00.00;4,0;1818,95;-200,0;11,7;907,0;-200,0;1260,9;259,0;2213,97;1812,24;4,29;75,18;0,5138
19/01/2005;11.00.00;3,5;1662,2;-200,0;12,7;940,2;524,0;1632,79;148,0;1640,29;1163,4;6,24;50,28;0,2936
19/01/2005;12.00.00;1,8;1240,97;-200,0;8,0;760,34;638,0;1572,06;88,0;1422,11;863,32;11,3;47,98;0,5345
19/01/2005;13.00.00;-200,0;1561,57;-200,0;10,0;793,5;606,0;1459,53;93,0;1419,33;910,17;10,91;42,45;0,4022
19/01/2005;14.00.00;-200,0;1318,09;-200,0;7,1;712,58;125,0;1949,78;120,0;1549,55;1055,57;13,51;46,39;0,5921
19/01/2005;15.00.00;3,0;1572,46;-200,0;8,4;746,35;214,0;1887,25;78,0;1419,4;800,54;11,02;48,16;0,5469
19/01/2005;16.00.00;-200,0;1057,39;-200,0;7,1;689,92;304,0;1882,2;86,0;1367,0;827,72;9,14;45,22;0,4343
19/01/2005;17.00.00;2,0;-200,0;-200,0;22,6;-200,0;-200,0;-200,0;109,0;-200,0;-200,0;-200,0;-200,0;-200,0
19/01/2005;18.00.00;4,2;1824,38;-200,0;20,4;1228,2;1166,0;969,1;300,0;2299,98;2108,0;6,52;52,92;0,3349
19/01/2005;19.00.00;8,7;2040,0;-200,0;26,7;1474,14;481,0;1405,52;340,0;2445,92;2238,52;6,29;53,43;0,3236
19/01/2005;20.00.00;8,7;2040,0;-200,0;20,8;1224,73;486,0;1367,59;340,0;2596,99;2329,85;9,29;61,83;0,6103
19/01/2005;21.00.00;2,1;1325,25;-200,0;13,7;981,11;651,0;1538,77;76,0;1449,77;770,76;7,8;70,51;0,5684
19/01/2005;22.00.00;-200,0;1208,95;-200,0;7,7;729,41;94,0;2089,94;125,0;1626,33;1076,87;5,48;72,98;0,482
19/01/2005;23.00.00;1,4;1083,14;-200,0;7,4;734,01;80,0;2073,19;89,0;1376,4;862,47;0,11;78,34;0,3762
20/01/2005;00.00.00;1,7;1129,02;-200,0;4,8;614,47;146,0;1984,87;89,0;1419,31;882,35;1,82;83,07;0,5102
20/01/2005;01.00.00;2,0;1293,49;-200,0;4,7;579,39;-200,0;1769,19;72,0;1284,02;615,62;-0,71;81,91;0,4172
20/01/2005;02.00.00;1,1;1026,85;-200,0;7,2;695,13;86,0;2006,73;86,0;1383,69;865,06;3,59;81,51;0,5264
20/01/2005;03.00.00;1,9;1260,29;-200,0;6,5;653,91;210,0;1892,22;-200,0;1473,41;892,77;-0,1;79,05;0,4127
20/01/2005;04.00.00;1,0;955,61;-200,0;9,0;774,01;299,0;1940,96;77,0;1314,44;822,58;-0,93;80,34;0,3744
20/01/2005;05.00.00;3,0;1620,8;-200,0;7,1;729,01;510,0;1596,55;89,0;1322,41;866,94;1,8;77,88;0,4423
20/01/2005;06.00.00;2,5;1417,59;-200,0;19,9;1226,91;431,0;1664,59;-200,0;1660,86;1310,17;1,25;81,3;0,4407
20/01/2005;07.00.00;2,6;1458,71;-200,0;14,7;1017,79;-200,0;1856,79;-200,0;1916,17;1431,58;6,54;75,65;0,5687
20/01/2005;08.00.00;6,0;2040,0;-200,0;42,7;2114,68;441,0;1526,65;340,0;2428,2;2214,27;3,31;73,05;0,4812
20/01/2005;09.00.00;4,7;2022,68;-200,0;26,6;1487,98;1353,0;747,51;265,0;2134,19;1782,12;3,27;59,11;0,3761
20/01/2005;10.00.00;6,3;2040,0;-200,0;27,9;1529,71;668,0;1298,74;138,0;1493,38;1141,19;3,06;67,41;0,3585
20/01/2005;11.00.00;2,1;1241,02;-200,0;10,5;847,24;234,0;1889,88;98,0;1471,21;870,64;8,51;53,78;0,4858
20/01/2005;12.00.00;5,3;2040,0;-200,0;5,4;644,09;368,0;1546,64;99,0;1429,97;931,16;8,48;46,68;0,4104
20/01/2005;13.00.00;3,0;1544,53;-200,0;5,5;632,15;302,0;1749,16;-200,0;1669,3;1211,65;7,54;47,13;0,4088
20/01/2005;14.00.00;3,2;1671,15;-200,0;24,2;1405,42;84,0;2005,22;-200,0;1519,93;919,25;13,28;59,94;0,6861
20/01/2005;15.00.00;1,4;1058,89;-200,0;7,1;740,03;95,0;2047,97;110,0;1639,64;939,9;12,41;44,97;0,5319
20/01/2005;16.00.00;4,2;1934,57;-200,0;16,0;1079,75;312,0;1759,9;68,0;1297,23;753,39;10,84;45,9;0,4517
20/01/2005;17.00.00;2,1;1354,0;-200,0;9,6;826,66;999,0;1177,57;182,0;1861,72;1401,09;13,13;48,36;0,5888
20/01/2005;18.00.00;4,2;1940,07;-200,0;24,7;1448,07;715,0;1413,93;256,0;2215,51;1875,13;10,93;51,44;0,4897
20/01/2005;19.00.00;8,2;2040,0;-200,0;30,3;1658,93;265,0;1489,39;-200,0;2511,86;2333,84;6,92;52,0;0,3816
20/01/2005;20.00.00;5,2;2040,0;-200,0;63,7;2214,0;310,0;1693,91;254,0;2146,69;1926,51;5,29;60,97;0,4523
20/01/2005;21.00.00;1,8;1221,69;-200,0;12,1;896,95;476,0;1702,65;193,0;1957,03;1455,37;7,71;70,29;0,5535
20/01/2005;22.00.00;2,6;1395,24;-200,0;5,8;646,61;259,0;1853,33;160,0;1838,76;1298,32;5,57;71,14;0,6123
20/01/2005;23.00.00;1,5;1153,49;-200,0;6,2;653,66;116,0;2017,16;63,0;1217,57;748,41;3,91;68,36;0,4604
21/01/2005;00.00.00;1,1;1024,62;-200,0;3,7;581,66;-200,0;2040,45;99,0;1414,21;822,14;0,87;75,89;0,3918
21/01/2005;01.00.00;0,9;1007,59;-200,0;7,2;723,41;204,0;1943,02;72,0;1369,13;777,44;2,98;77,71;0,5026
21/01/2005;02.00.00;1,9;1205,9;-200,0;7,0;704,2;278,0;1839,69;67,0;1165,62;692,23;-0,25;82,53;0,3695
21/01/2005;03.00.00;1,7;1199,77;-200,0;6,1;654,53;275,0;1828,36;88,0;1392,27;804,87;0,89;89,0;0,505
21/01/2005;04.00.00;2,2;1322,11;-200,0;11,1;888,9;158,0;1951,45;88,0;1470,53;861,87;4,16;81,52;0,5687
21/01/2005;05.00.00;1,3;1113,52;-200,0;11,0;858,56;401,0;1729,22;101,0;1501,46;926,38;0,44;80,03;0,4628
21/01/2005;06.00.00;2,4;1344,68;-200,0;17,9;1129,93;308,0;1860,35;123,0;1510,48;1050,72;-0,59;86,5;0,3808
21/01/2005;07.00.00;4,7;2040,0;-200,0;37,0;1908,42;422,0;1573,19;197,0;1803,28;1442,12;1,49;78,26;0,3592
21/01/2005;08.00.00;10,2;2040,0;-200,0;22,4;1317,72;578,0;1313,25;340,0;2569,35;2256,58;6,79;72,41;0,5229
21/01/2005;09.00.00;5,0;2040,0;-200,0;23,2;1356,02;767,0;1316,35;173,0;1818,47;1286,06;6,6;74,67;0,5497
21/01/2005;10.00.00;-200,0;2040,0;-200,0;-200,0;890,62;705,0;1315,95;-200,0;2124,39;1723,22;7,13;62,67;0,5731
21/01/2005;11.00.00;3,8;1760,13;-200,0;17,1;1084,6;161,0;1892,38;161,0;1681,48;1267,06;7,58;45,95;0,4793
21/01/2005;12.00.00;2,6;1487,18;-200,0;8,9;800,36;220,0;1834,21;-200,0;1921,12;1481,21;10,6;56,32;0,5668
21/01/2005;13.00.00;1,6;1148,5;-200,0;-200,0;889,3;219,0;1853,5;101,0;1353,37;880,09;8,73;41,33;0,3585
21/01/2005;14.00.00;-200,0;1112,23;-200,0;14,5;992,52;-200,0;1827,86;149,0;1666,43;1260,23;11,54;49,75;0,4974
21/01/2005;15.00.00;2,5;1408,77;-200,0;6,9;701,28;159,0;1946,26;76,0;1315,47;791,78;9,63;38,31;0,3928
21/01/2005;16.00.00;1,9;1266,15;-200,0;-200,0;777,23;238,0;1877,96;101,0;1457,79;1092,34;9,13;45,16;0,5108
21/01/2005;17.00.00;2,6;1473,54;-200,0;23,1;1330,48;597,0;1558,55;-200,0;1995,72;1440,31;9,15;47,47;0,5118
21/01/2005;18.00.00;4,3;1961,75;-200,0;30,2;1629,5;651,0;1528,91;307,0;2391,46;2181,14;8,88;48,3;0,4794
21/01/2005;19.00.00;4,9;2040,0;-200,0;33,3;1762,13;1409,0;666,91;266,0;2268,1;1843,49;8,5;54,14;0,5182
21/01/2005;20.00.00;6,0;2040,0;-200,0;19,0;1162,64;-200,0;1466,33;259,0;2231,12;1865,98;7,86;65,39;0,5772
21/01/2005;21.00.00;2,4;1320,14;-200,0;7,9;743,77;807,0;1330,85;143,0;1518,45;1179,3;-1,28;61,31;0,2697
21/01/2005;22.00.00;2,3;1303,02;-200,0;5,8;656,76;453,0;1720,84;111,0;1451,42;895,32;3,19;72,27;0,3984
21/01/2005;23.00.00;-200,0;1129,85;-200,0;3,7;594,59;-200,0;1996,4;59,0;1241,74;669,05;2,81;69,05;0,4045
22/01/2005;00.00.00;0,7;932,98;-200,0;5,8;680,93;124,0;2096,61;50,0;1252,09;684,1;5,6;76,63;0,5628
22/01/2005;01.00.00;1,5;1121,64;-200,0;5,9;677,85;155,0;2021,92;83,0;1316,24;810,24;-0,37;82,05;0,3153
22/01/2005;02.00.00;0,6;783,89;-200,0;4,9;604,28;204,0;1954,12;74,0;1290,62;815,19;1,62;77,25;0,4109
22/01/2005;03.00.00;1,2;1051,18;-200,0;5,9;666,36;178,0;1921,74;96,0;1438,77;920,16;4,11;76,29;0,4475
22/01/2005;04.00.00;2,1;-200,0;-200,0;9,3;-200,0;316,0;-200,0;193,0;-200,0;-200,0;-200,0;-200,0;-200,0
22/01/2005;05.00.00;1,9;1343,86;-200,0;7,8;757,7;275,0;1879,37;52,0;1278,07;677,1;2,58;86,05;0,4701
22/01/2005;06.00.00;1,3;1117,97;-200,0;8,8;793,44;514,0;1721,66;88,0;1395,65;803,15;0,98;77,18;0,4168
22/01/2005;07.00.00;2,2;1306,53;-200,0;33,8;1796,8;-200,0;1915,23;131,0;1564,3;1139,0;2,61;71,56;0,3797
22/01/2005;08.00.00;1,7;1189,39;-200,0;17,6;1123,89;655,0;1570,77;181,0;1795,88;1387,7;3,22;70,28;0,5042
22/01/2005;09.00.00;2,7;1476,82;-200,0;28,0;1520,27;921,0;1291,99;-200,0;2530,68;2276,42;4,66;65,12;0,3477
22/01/2005;10.00.00;4,1;1924,63;-200,0;18,9;1177,15;-200,0;1800,68;76,0;1392,39;770,27;12,86;61,4;0,7139
22/01/2005;11.00.00;2,0;1305,28;-200,0;6,4;681,1;-200,0;1675,56;148,0;1611,92;1167,45;10,31;43,21;0,3501
22/01/2005;12.00.00;2,2;1356,58;-200,0;7,3;696,6;313,0;1762,48;-200,0;1264,35;747,98;11,86;46,77;0,4685
22/01/2005;13.00.00;-200,0;1213,98;-200,0;11,6;892,35;446,0;1669,49;96,0;1469,49;903,85;11,44;45,03;0,4734
22/01/2005;14.00.00;1,8;1165,24;-200,0;7,4;715,08;169,0;1904,79;95,0;1479,89;770,93;7,74;48,21;0,4047
22/01/2005;15.00.00;-200,0;1469,2;-200,0;4,3;564,48;204,0;1832,98;-200,0;1527,52;1045,25;11,91;47,78;0,5176
22/01/2005;16.00.00;1,8;1239,48;-200,0;10,2;839,75;-200,0;1958,6;90,0;1532,54;841,64;13,1;50,64;0,5852
22/01/2005;17.00.00;3,7;1711,52;-200,0;10,3;840,51;321,0;1695,24;134,0;1564,97;1025,01;8,75;50,55;0,4062
22/01/2005;18.00.00;1,6;-200,0;-200,0;21,9;-200,0;1002,0;-200,0;106,0;-200,0;-200,0;-200,0;-200,0;-200,0
22/01/2005;19.00.00;6,2;2040,0;-200,0;58,9;2214,0;579,0;1413,06;-200,0;2570,89;2307,02;10,03;63,08;0,5953
22/01/2005;20.00.00;2,3;1447,82;-200,0;20,5;1237,79;359,0;1728,19;215,0;2122,38;1528,53;11,12;66,55;0,6807
22/01/2005;21.00.00;1,6;1162,9;-200,0;14,1;980,21;272,0;1878,33;-200,0;1672,09;1174,28;5,29;58,56;0,4023
22/01/2005;22.00.00;-200,0;1079,05;-200,0;5,9;641,21;126,0;2019,42;104,0;1455,79;1001,77;2,63;71,17;0,4495
22/01/2005;23.00.00;1,8;1226,22;-200,0;3,1;555,07;89,0;2092,15;54,0;1257,34;675,58;2,9;70,87;0,4234
23/01/2005;00.00.00;0,8;950,66;-200,0;5,8;663,1;66,0;2077,18;52,0;1265,48;581,75;5,49;78,23;0,5591
23/01/2005;01.00.00;-200,0;888,11;-200,0;3,5;538,88;77,0;2029,29;63,0;1284,95;692,86;-1,83;85,66;0,3467
23/01/2005;02.00.00;0,9;975,62;-200,0;4,5;589,36;67,0;2086,92;-200,0;1082,9;529,66;-2,0;89,0;0,323
23/01/2005;03.00.00;1,5;1104,22;-200,0;10,8;877,12;130,0;2115,14;73,0;1377,29;801,13;1,33;86,56;0,4677
23/01/2005;04.00.00;1,9;1187,57;-200,0;5,3;634,14;94,0;2104,8;132,0;1640,55;990,2;0,44;83,67;0,4786
23/01/2005;05.00.00;2,8;1450,27;-200,0;10,6;836,11;262,0;1911,72;132,0;1616,04;1125,06;1,84;78,7;0,455
23/01/2005;06.00.00;4,3;1932,22;-200,0;9,4;793,46;180,0;1878,24;-200,0;1596,37;1141,44;4,51;78,45;0,4752
23/01/2005;07.00.00;3,1;1612,6;-200,0;9,3;799,32;358,0;1746,15;234,0;2111,93;1627,7;2,55;80,61;0,5058
23/01/2005;08.00.00;-200,0;1620,3;-200,0;17,4;1139,11;489,0;1547,18;-200,0;1509,42;1048,55;1,11;69,24;0,3457
23/01/2005;09.00.00;2,1;1299,59;-200,0;11,7;881,63;191,0;1956,5;143,0;1727,15;1175,52;10,24;60,38;0,6117
23/01/2005;10.00.00;4,8;2040,0;-200,0;16,5;1096,86;275,0;1684,27;97,0;1427,03;941,27;5,45;52,05;0,346
23/01/2005;11.00.00;2,0;1296,52;-200,0;13,6;963,13;-200,0;1690,27;290,0;2308,57;2021,29;6,54;58,37;0,4565
23/01/2005;12.00.00;-200,0;1129,49;-200,0;7,3;736,33;126,0;2038,92;87,0;1400,3;826,55;11,9;53,32;0,5384
23/01/2005;13.00.00;1,8;1199,55;-200,0;10,9;836,65;408,0;1715,05;47,0;1186,24;579,04;9,71;45,99;0,3996
23/01/2005;14.00.00;1,2;1074,7;-200,0;6,4;702,61;180,0;2001,62;48,0;1278,07;640,54;10,86;52,55;0,4428
23/01/2005;15.00.00;0,6;915,97;-200,0;8,3;783,62;171,0;1988,33;-200,0;1351,97;785,71;12,12;44,7;0,5053
23/01/2005;16.00.00;-200,0;1290,42;-200,0;20,5;1273,84;179,0;1836,85;49,0;1238,68;661,31;13,15;46,75;0,5534
23/01/2005;17.00.00;3,3;1627,65;-200,0;24,0;1382,3;372,0;1749,2;-200,0;1904,35;1506,88;9,82;49,14;0,4775
23/01/2005;18.00.00;-200,0;1630,28;-200,0;12,3;920,74;558,0;1563,91;188,0;1934,95;1390,53;12,73;50,33;0,5748
23/01/2005;19.00.00;-200,0;1570,35;-200,0;16,7;1074,89;400,0;1669,46;182,0;1823,35;1376,57;4,38;56,99;0,3336
23/01/2005;20.00.00;2,7;1520,13;-200,0;8,5;755,47;280,0;1823,01;100,0;1487,78;858,92;8,97;65,91;0,628
23/01/2005;21.00.00;2,0;1246,33;-200,0;11,2;885,34;115,0;2123,52;61,0;1243,12;659,98;4,47;59,1;0,4375
23/01/2005;22.00.00;-200,0;1119,05;-200,0;6,0;667,41;166,0;2019,85;66,0;1397,92;735,69;7,6;71,91;0,54
23/01/2005;23.00.00;1,1;1021,4;-200,0;3,0;552,54;87,0;2046,98;49,0;1234,7;560,25;3,94;74,67;0,4995
24/01/2005;00.00.00;1,3;1031,52;-200,0;8,3;761,98;85,0;2081,79;40,0;1079,97;583,69;1,31;78,26;0,4589
24/01/2005;01.00.00;2,5;1424,94;-200,0;5,5;626,73;114,0;2016,49;68,0;1263,66;734,12;3,18;84,71;0,4866
24/01/2005;02.00.00;1,9;1271,4;-200,0;5,8;639,0;169,0;1947,01;79,0;1404,63;823,27;3,15;82,4;0,4801
24/01/2005;03.00.00;1,9;1244,58;-200,0;9,5;817,19;136,0;1987,37;-200,0;1532,18;1052,57;2,47;85,17;0,5156
24/01/2005;04.00.00;2,6;1453,49;-200,0;7,7;731,85;-200,0;1790,08;-200,0;1826,39;1500,77;-0,7;85,73;0,3206
24/01/2005;05.00.00;2,9;1460,35;-200,0;10,4;832,08;139,0;1946,28;60,0;1292,97;810,19;0,89;77,83;0,3468
24/01/2005;06.00.00;3,9;1874,44;-200,0;-200,0;1463,62;285,0;1715,92;191,0;1851,68;1456,6;2,64;78,99;0,4092
24/01/2005;07.00.00;3,0;1553,61;-200,0;15,6;1063,99;333,0;1708,81;-200,0;1783,88;1420,9;3,61;72,51;0,3594
24/01/2005;08.00.00;-200,0;1980,66;-200,0;34,9;1838,32;821,0;1221,74;-200,0;2585,04;2158,99;6,39;68,76;0,5663
24/01/2005;09.00.00;4,0;1840,3;-200,0;21,7;1286,44;503,0;1583,22;310,0;2292,24;2114,14;2,16;63,15;0,2555
24/01/2005;10.00.00;5,3;2040,0;-200,0;13,9;989,55;-200,0;1484,45;259,0;2143,14;1784,08;8,15;62,46;0,5385
24/01/2005;11.00.00;3,7;1852,55;-200,0;13,6;990,26;970,0;1114,23;104,0;1477,16;965,33;8,11;56,17;0,5082
24/01/2005;12.00.00;1,6;1126,35;-200,0;31,6;1677,55;430,0;1663,76;172,0;1754,77;1375,74;8,05;54,01;0,4331
24/01/2005;13.00.00;2,5;1452,01;-200,0;13,7;973,38;341,0;1870,09;115,0;1451,8;1052,18;9,03;49,09;0,4002
24/01/2005;14.00.00;3,3;1637,7;-200,0;11,1;863,92;412,0;1609,63;162,0;1737,22;1301,03;10,59;39,36;0,3954
24/01/2005;15.00.00;1,8;1170,41;-200,0;7,3;698,75;283,0;1853,93;166,0;1652,44;1288,24;3,99;46,92;0,2982
24/01/2005;16.00.00;2,5;1467,32;-200,0;9,1;784,36;152,0;1899,34;126,0;1590,4;1001,86;9,62;47,7;0,4874
24/01/2005;17.00.00;4,2;1877,0;-200,0;8,9;756,85;-200,0;1818,78;237,0;1984,37;1701,69;8,77;50,39;0,3061
24/01/2005;18.00.00;2,9;1627,48;-200,0;45,6;2214,0;-200,0;1787,94;337,0;2478,81;2234,01;10,79;49,07;0,4386
24/01/2005;19.00.00;-200,0;2040,0;-200,0;-200,0;1586,43;804,0;1280,73;340,0;2458,76;2235,16;7,08;49,79;0,4158
24/01/2005;20.00.00;6,8;2040,0;-200,0;23,6;1370,23;390,0;1666,56;340,0;2527,41;2291,03;7,05;63,23;0,4941
24/01/2005;21.00.00;2,3;1323,3;-200,0;14,8;1036,22;288,0;1885,85;104,0;1531,24;960,52;9,27;63,4;0,6062
24/01/2005;22.00.00;2,3;1360,42;-200,0;16,9;1125,34;166,0;1954,11;94,0;1475,71;850,59;6,88;70,28;0,5535
24/01/2005;23.00.00;1,4;1113,45;-200,0;6,1;670,47;98,0;2034,93;40,0;1186,83;515,76;5,49;72,36;0,5012
25/01/2005;00.00.00;1,0;988,1;-200,0;4,9;615,77;120,0;1998,82;51,0;1214,51;646,44;1,69;77,41;0,4064
25/01/2005;01.00.00;1,4;1160,48;-200,0;12,1;925,43;-200,0;1962,89;59,0;1338,28;690,45;2,98;78,06;0,58
25/01/2005;02.00.00;1,4;1117,03;-200,0;6,8;700,5;148,0;1975,8;96,0;1478,33;865,98;0,93;77,26;0,4761
25/01/2005;03.00.00;1,3;1052,27;-200,0;4,3;577,32;107,0;2069,13;85,0;1435,05;857,31;0,83;85,09;0,4618
25/01/2005;04.00.00;1,9;-200,0;-200,0;5,2;-200,0;261,0;-200,0;98,0;-200,0;-200,0;-200,0;-200,0;-200,0
25/01/2005;05.00.00;2,3;1337,49;-200,0;-200,0;817,3;684,0;1448,01;161,0;1683,24;1306,74;0,7;81,13;0,4398
25/01/2005;06.00.00;2,6;1489,67;-200,0;14,9;1038,97;400,0;1726,36;195,0;1956,04;1484,25;5,68;79,5;0,6062
25/01/2005;07.00.00;3,6;1741,92;-200,0;26,9;1504,94;-200,0;764,49;236,0;2128,8;1626,41;3,41;70,78;0,4536
25/01/2005;08.00.00;5,7;-200,0;-200,0;19,0;-200,0;594,0;-200,0;340,0;-200,0;-200,0;-200,0;-200,0;-200,0
25/01/2005;09.00.00;6,4;2040,0;-200,0;24,9;1432,05;-200,0;1223,15;340,0;2730,7;2311,15;9,14;76,85;0,7725
25/01/2005;10.00.00;2,7;1584,64;-200,0;14,8;1028,51;549,0;1659,39;340,0;2584,87;2305,97;9,58;57,42;0,5376
25/01/2005;11.00.00;2,7;1484,94;-200,0;21,4;1290,67;349,0;1823,58;144,0;1628,84;1217,02;5,91;58,83;0,5252
25/01/2005;12.00.00;1,2;1093,67;-200,0;18,5;1183,84;487,0;1723,73;-200,0;1600,86;890,1;10,65;61,69;0,6132
25/01/2005;13.00.00;2,1;1254,3;-200,0;21,5;1267,08;106,0;2001,33;121,0;1631,65;1131,35;12,26;53,08;0,5623
25/01/2005;14.00.00;2,2;-200,0;-200,0;10,7;-200,0;-200,0;-200,0;77,0;-200,0;-200,0;-200,0;-200,0;-200,0
25/01/2005;15.00.00;2,4;1428,25;-200,0;18,2;1150,12;459,0;1715,04;89,0;1405,79;925,92;9,0;46,38;0,4239
25/01/2005;16.00.00;2,4;1392,37;-200,0;8,1;736,96;222,0;1877,46;-200,0;1600,44;1141,87;9,74;43,17;0,4056
25/01/2005;17.00.00;3,9;1824,3;-200,0;17,0;1125,24;626,0;1361,11;147,0;1678,82;1170,53;12,55;53,54;0,53
25/01/2005;18.00.00;-200,0;2035,34;-200,0;15,4;1026,7;823,0;1225,09;234,0;2105,8;1673,55;8,24;54,82;0,4932
25/01/2005;19.00.00;4,1;1828,67;-200,0;32,9;1749,37;716,0;1328,36;-200,0;2166,88;1864,07;8,13;53,14;0,4182
25/01/2005;20.00.00;3,0;1530,8;-200,0;24,5;1380,0;694,0;1469,84;210,0;1932,42;1652,09;10,67;54,85;0,5152
25/01/2005;21.00.00;-200,0;1428,3;-200,0;5,4;612,13;-200,0;1699,68;-200,0;1427,15;962,63;6,13;58,11;0,4009
25/01/2005;22.00.00;-200,0;1133,51;-200,0;11,7;889,72;78,0;2182,73;-200,0;1480,43;1053,43;3,48;74,31;0,4784
25/01/2005;23.00.00;1,3;1069,89;-200,0;7,5;723,99;153,0;2000,18;96,0;1373,9;895,23;1,97;74,32;0,3356
26/01/2005;00.00.00;1,1;1003,66;-200,0;-200,0;604,54;94,0;1989,73;82,0;1335,28;745,12;3,4;78,47;0,4688
26/01/2005;01.00.00;1,7;1162,43;-200,0;6,8;707,42;-200,0;2056,03;94,0;1376,91;833,58;-0,73;76,14;0,4001
26/01/2005;02.00.00;1,7;1091,09;-200,0;4,0;582,03;205,0;1958,03;70,0;1202,21;739,78;0,94;74,73;0,3244
26/01/2005;03.00.00;-200,0;1340,57;-200,0;6,1;666,51;234,0;1947,71;96,0;1392,74;802,67;1,93;87,48;0,4929
26/01/2005;04.00.00;2,4;1380,73;-200,0;17,4;1107,99;356,0;1769,72;80,0;1460,52;795,22;4,04;82,26;0,4929
26/01/2005;05.00.00;2,1;1327,85;-200,0;6,8;669,67;246,0;1888,46;112,0;1529,96;991,46;3,27;84,79;0,4935
26/01/2005;06.00.00;2,7;-200,0;-200,0;13,4;-200,0;-200,0;-200,0;145,0;-200,0;-200,0;-200,0;-200,0;-200,0
26/01/2005;07.00.00;4,7;2020,1;-200,0;11,6;872,38;-200,0;1438,54;139,0;1601,03;1155,63;6,13;72,48;0,4479
26/01/2005;08.00.00;11,9;2040,0;-200,0;30,7;1654,25;871,0;897,74;308,0;2429,95;2140,89;4,38;72,89;0,5135
26/01/2005;09.00.00;3,8;1740,44;-200,0;33,6;1775,84;907,0;1187,12;-200,0;2109,39;1734,08;3,8;68,33;0,4048
26/01/2005;10.00.00;4,1;1859,15;-200,0;26,5;1527,14;316,0;1704,7;240,0;2082,96;1728,45;7,22;63,99;0,4765
26/01/2005;11.00.00;1,9;1227,39;-200,0;16,7;1092,26;439,0;1621,24;143,0;1688,86;1150,72;11,64;54,19;0,509
26/01/2005;12.00.00;2,4;1369,39;-200,0;19,5;1192,93;-200,0;1790,17;141,0;1708,03;1121,6;10,13;55,01;0,5588
26/01/2005;13.00.00;-200,0;1154,72;-200,0;-200,0;759,16;236,0;1933,03;142,0;1586,31;1114,55;10,62;54,62;0,5242
26/01/2005;14.00.00;2,0;1246,37;-200,0;6,2;649,92;250,0;1949,71;70,0;1366,27;769,66;14,37;46,75;0,5608
26/01/2005;15.00.00;2,1;1300,79;-200,0;7,2;702,64;665,0;1475,3;90,0;1391,73;786,19;8,41;44,1;0,3796
26/01/2005;16.00.00;1,9;1241,37;-200,0;6,3;674,57;122,0;2001,29;-200,0;1420,47;841,86;8,53;53,99;0,4532
26/01/2005;17.00.00;1,7;1163,47;-200,0;16,1;1060,68;401,0;1737,62;252,0;1990,41;1746,21;7,37;45,8;0,2634
26/01/2005;18.00.00;7,5;2040,0;-200,0;-200,0;1316,09;897,0;1061,34;340,0;2545,8;2291,73;10,55;55,08;0,5112
26/01/2005;19.00.00;7,0;2040,0;-200,0;31,7;1704,67;437,0;1484,53;293,0;2355,74;1997,77;9,1;55,37;0,536
26/01/2005;20.00.00;4,2;1884,6;-200,0;11,9;885,9;710,0;1384,0;274,0;2231,98;1841,34;10,65;50,8;0,4218
26/01/2005;21.00.00;2,1;1305,15;-200,0;13,6;987,13;414,0;1619,78;94,0;1475,34;874,0;6,76;70,31;0,4816
26/01/2005;22.00.00;-200,0;1191,57;-200,0;12,1;920,78;97,0;2060,32;94,0;1414,9;964,23;4,17;55,53;0,3358
26/01/2005;23.00.00;-200,0;1156,03;-200,0;6,8;676,46;99,0;2025,49;57,0;1210,07;773,64;3,77;63,74;0,363
27/01/2005;00.00.00;1,7;1131,84;-200,0;2,6;502,05;257,0;1881,88;93,0;1446,46;876,72;3,01;79,97;0,4747
27/01/2005;01.00.00;2,0;1224,44;-200,0;6,1;626,36;75,0;1977,62;-200,0;1225,18;589,68;-1,36;82,83;0,3109
27/01/2005;02.00.00;2,4;1374,56;-200,0;5,4;653,42;145,0;1966,18;61,0;1376,5;741,63;6,9;78,81;0,5874
27/01/2005;03.00.00;1,0;1022,66;-200,0;8,2;766,12;191,0;2002,46;59,0;1310,07;638,84;2,35;83,35;0,4722
27/01/2005;04.00.00;1,8;1204,52;-200,0;8,0;733,57;236,0;1953,45;109,0;1503,7;985,76;1,9;69,34;0,4155
27/01/2005;05.00.00;3,2;1600,97;-200,0;20,4;1242,96;-200,0;1853,16;98,0;1490,12;860,45;3,21;83,73;0,5675
27/01/2005;06.00.00;2,0;1294,46;-200,0;13,8;983,66;368,0;1784,05;217,0;2049,39;1516,81;4,2;78,58;0,4933
27/01/2005;07.00.00;6,0;2040,0;-200,0;22,2;1319,44;-200,0;1479,7;265,0;2259,59;1846,22;3,53;73,38;0,5467
27/01/2005;08.00.00;10,0;2040,0;-200,0;26,5;1486,67;1015,0;803,93;285,0;2260,14;1992,71;3,76;69,37;0,4249
27/01/2005;09.00.00;8,1;2040,0;-200,0;32,4;1757,89;1079,0;910,69;340,0;2595,1;2160,59;7,51;67,07;0,5787
27/01/2005;10.00.00;5,1;2040,0;-200,0;18,5;1167,22;665,0;1304,75;340,0;2574,19;2209,68;8,38;59,81;0,6031
27/01/2005;11.00.00;2,5;1410,14;-200,0;18,7;1170,9;414,0;1744,33;106,0;1463,77;1016,14;7,19;46,24;0,3697
27/01/2005;12.00.00;2,7;1484,31;-200,0;9,8;814,37;155,0;1895,14;103,0;1559,2;894,6;12,69;62,86;0,6302
27/01/2005;13.00.00;1,4;1109,55;-200,0;17,2;1132,75;278,0;1818,63;-200,0;1999,36;1489,98;11,23;55,02;0,5631
27/01/2005;14.00.00;1,6;1115,27;-200,0;11,2;893,5;381,0;1738,12;81,0;1314,48;799,98;12,6;40,8;0,4206
27/01/2005;15.00.00;1,5;1186,16;-200,0;8,4;767,41;116,0;2055,03;123,0;1616,8;1125,31;14,1;44,88;0,5307
27/01/2005;16.00.00;2,3;-200,0;-200,0;14,4;-200,0;157,0;-200,0;170,0;-200,0;-200,0;-200,0;-200,0;-200,0
27/01/2005;17.00.00;2,8;1461,58;-200,0;18,9;1199,98;792,0;1374,25;172,0;1741,18;1348,61;11,28;54,41;0,4929
27/01/2005;18.00.00;5,0;2040,0;-200,0;31,5;1674,85;340,0;1679,11;314,0;2436,71;2132,52;11,47;41,08;0,4384
27/01/2005;19.00.00;7,0;2040,0;-200,0;27,3;1514,57;706,0;1195,42;-200,0;2142,76;1886,06;7,36;53,11;0,3774
27/01/2005;20.00.00;-200,0;1667,93;-200,0;20,0;1196,49;481,0;1595,19;340,0;2468,08;2297,51;7,72;51,15;0,3997
27/01/2005;21.00.00;-200,0;1522,27;-200,0;14,3;1001,59;-200,0;1483,32;131,0;1640,28;1065,85;6,56;63,18;0,5131
27/01/2005;22.00.00;1,5;1151,07;-200,0;6,3;670,3;-200,0;1993,12;-200,0;1236,84;669,77;3,11;66,9;0,4167
27/01/2005;23.00.00;-200,0;1192,04;-200,0;7,9;765,13;176,0;2008,95;82,0;1383,7;806,38;8,45;74,01;0,6184
28/01/2005;00.00.00;1,7;1216,74;-200,0;9,2;783,51;124,0;2058,44;76,0;1294,48;831,04;0,01;74,25;0,3279
28/01/2005;01.00.00;2,0;1218,6;-200,0;7,6;719,01;337,0;1799,83;73,0;1262,65;808,48;-0,56;76,38;0,3721
28/01/2005;02.00.00;-200,0;1366,97;-200,0;12,2;941,96;127,0;1977,04;81,0;1456,28;799,66;4,16;85,03;0,632
28/01/2005;03.00.00;2,1;1311,49;-200,0;12,5;918,94;236,0;1881,75;78,0;1411,59;765,55;2,79;84,82;0,4523
28/01/2005;04.00.00;1,2;981,0;-200,0;8,3;766,77;-200,0;1835,36;81,0;1431,9;854,56;-0,52;84,69;0,4918
28/01/2005;05.00.00;1,6;1112,12;-200,0;14,4;1025,97;-200,0;1614,67;96,0;1463,13;893,11;3,25;79,25;0,5392
28/01/2005;06.00.00;-200,0;1258,21;-200,0;8,2;748,42;318,0;1817,13;163,0;1797,25;1312,95;5,76;74,42;0,6002
28/01/2005;07.00.00;4,5;1994,43;-200,0;21,1;1280,45;231,0;1819,35;202,0;1846,55;1505,1;3,8;72,95;0,4733
28/01/2005;08.00.00;3,4;1695,41;-200,0;17,2;1113,14;640,0;1447,12;183,0;1917,25;1417,9;10,27;71,71;0,7436
28/01/2005;09.00.00;6,0;2040,0;-200,0;-200,0;1461,23;1479,0;615,55;259,0;2126,66;1793,23;2,91;53,66;0,2669
28/01/2005;10.00.00;4,4;1958,1;-200,0;11,6;902,9;401,0;1659,66;206,0;2000,63;1578,94;9,04;61,86;0,5133
28/01/2005;11.00.00;-200,0;1216,43;-200,0;21,2;1268,72;423,0;1748,53;181,0;1970,24;1334,81;11,19;57,09;0,6166
28/01/2005;12.00.00;1,7;1187,0;-200,0;9,8;784,55;-200,0;1894,28;138,0;1640,96;1163,2;11,68;52,13;0,5591
28/01/2005;13.00.00;-200,0;-200,0;-200,0;14,4;-200,0;-200,0;-200,0;199,0;-200,0;-200,0;-200,0;-200,0;-200,0
28/01/2005;14.00.00;2,6;1435,09;-200,0;9,0;774,32;414,0;1684,94;76,0;1188,28;852,76;10,61;34,33;0,2101
28/01/2005;15.00.00;1,5;-200,0;-200,0;4,4;-200,0;253,0;-200,0;119,0;-200,0;-200,0;-200,0;-200,0;-200,0
28/01/2005;16.00.00;1,6;1196,29;-200,0;8,7;770,98;643,0;1547,53;-200,0;1747,9;1243,35;12,82;56,11;0,5704
28/01/2005;17.00.00;1,4;1144,64;-200,0;12,8;945,86;-200,0;1567,31;-200,0;1916,16;1500,79;11,9;49,02;0,5436
28/01/2005;18.00.00;7,6;2040,0;-200,0;22,8;1335,29;673,0;1281,05;229,0;2045,98;1698,59;11,98;50,28;0,5254
28/01/2005;19.00.00;5,3;-200,0;-200,0;46,8;-200,0;708,0;-200,0;232,0;-200,0;-200,0;-200,0;-200,0;-200,0
28/01/2005;20.00.00;8,4;2040,0;-200,0;41,4;2076,95;697,0;1199,83;-200,0;2089,02;1773,01;7,2;61,66;0,6162
28/01/2005;21.00.00;2,7;1484,96;-200,0;12,5;952,0;217,0;1890,76;85,0;1372,7;811,67;4,48;67,84;0,4974
28/01/2005;22.00.00;1,9;1264,57;-200,0;4,7;602,97;122,0;2038,91;64,0;1325,43;686,06;4,3;68,06;0,4942
28/01/2005;23.00.00;1,8;1292,93;-200,0;4,1;596,21;173,0;1913,64;45,0;1353,08;631,31;5,89;75,67;0,6555
29/01/2005;00.00.00;2,1;1389,34;-200,0;5,6;659,99;152,0;1998,12;-200,0;1332,67;774,77;3,09;85,59;0,5525
29/01/2005;01.00.00;1,6;1216,92;-200,0;5,1;620,3;70,0;2042,84;-200,0;1488,38;803,65;7,3;85,1;0,6337
29/01/2005;02.00.00;1,5;1122,84;-200,0;3,3;556,31;207,0;1941,87;49,0;1278,67;540,4;1,97;89,0;0,4495
29/01/2005;03.00.00;-200,0;1157,94;-200,0;-200,0;648,23;156,0;2049,59;51,0;1279,72;679,74;1,53;79,2;0,4749
29/01/2005;04.00.00;1,2;1067,56;-200,0;12,7;939,49;136,0;2031,68;54,0;1220,25;648,5;1,8;89,0;0,3851
29/01/2005;05.00.00;1,7;1189,71;-200,0;9,8;810,69;195,0;1956,0;-200,0;1572,26;1139,59;0,81;76,12;0,3863
29/01/2005;06.00.00;2,4;1410,91;-200,0;11,1;853,99;-200,0;1736,12;163,0;1645,4;1237,04;2,76;78,98;0,3538
29/01/2005;07.00.00;5,3;2040,0;-200,0;13,7;980,53;-200,0;1493,47;215,0;2014,08;1607,59;6,17;77,14;0,5711
29/01/2005;08.00.00;3,7;-200,0;-200,0;18,1;-200,0;674,0;-200,0;340,0;-200,0;-200,0;-200,0;-200,0;-200,0
29/01/2005;09.00.00;-200,0;2040,0;-200,0;26,6;1482,15;701,0;1322,96;340,0;2497,69;2269,16;4,83;64,92;0,4502
29/01/2005;10.00.00;-200,0;1620,46;-200,0;17,1;1109,54;272,0;1869,84;130,0;1625,77;1043,11;5,86;64,38;0,5098
29/01/2005;11.00.00;3,8;1803,91;-200,0;15,3;1037,88;378,0;1696,09;-200,0;1542,12;1057,59;8,01;51,93;0,5279
29/01/2005;12.00.00;2,6;1462,48;-200,0;11,6;896,48;199,0;1824,97;-200,0;1723,17;1122,65;10,1;60,1;0,5609
29/01/2005;13.00.00;2,3;1416,25;-200,0;-200,0;761,83;-200,0;1597,34;39,0;1198,49;577,16;13,13;41,97;0,62
29/01/2005;14.00.00;2,5;1471,77;-200,0;9,0;813,83;166,0;1890,08;81,0;1465,09;821,51;8,56;56,79;0,4974
29/01/2005;15.00.00;2,3;1357,58;-200,0;6,0;688,1;474,0;1660,02;-200,0;1576,6;932,1;10,77;51,49;0,5554
29/01/2005;16.00.00;2,8;1456,68;-200,0;8,6;759,77;207,0;1897,16;87,0;1421,42;880,02;11,53;46,65;0,4521
29/01/2005;17.00.00;5,6;2040,0;-200,0;21,2;1301,68;325,0;1716,38;178,0;1864,16;1356,93;7,08;46,88;0,446
29/01/2005;18.00.00;6,6;2040,0;-200,0;18,5;1127,58;446,0;1577,0;107,0;1517,33;976,11;8,28;49,22;0,4664
29/01/2005;19.00.00;5,0;2040,0;-200,0;19,4;1216,03;343,0;1789,68;-200,0;2059,42;1795,05;7,55;54,8;0,5137
29/01/2005;20.00.00;3,1;1562,18;-200,0;19,1;1241,33;840,0;1248,21;167,0;1832,69;1223,14;6,12;59,58;0,4385
29/01/2005;21.00.00;2,7;1557,41;-200,0;7,2;706,98;305,0;1801,98;-200,0;1513,9;897,96;6,8;70,76;0,4783
29/01/2005;22.00.00;0,8;907,14;-200,0;7,1;723,63;204,0;1974,43;54,0;1270,72;578,2;4,8;78,98;0,5527
29/01/2005;23.00.00;-200,0;1098,52;-200,0;9,1;796,36;211,0;1904,19;92,0;1406,55;833,06;2,8;74,48;0,3523
30/01/2005;00.00.00;0,7;930,08;-200,0;2,9;534,84;78,0;2109,26;-200,0;1171,35;600,58;3,79;72,91;0,4404
30/01/2005;01.00.00;1,7;1188,14;-200,0;4,8;630,13;91,0;2079,11;53,0;1305,2;566,88;5,59;77,27;0,5554
30/01/2005;02.00.00;-200,0;1416,09;-200,0;4,8;652,43;116,0;2094,41;108,0;1501,68;885,21;4,92;80,88;0,6656
30/01/2005;03.00.00;0,8;927,17;-200,0;5,3;617,2;73,0;2126,75;-200,0;1157,1;618,05;-2,0;77,26;0,342
30/01/2005;04.00.00;1,4;1070,3;-200,0;5,8;663,57;66,0;2032,69;-200,0;1337,65;692,23;2,79;75,91;0,4522
30/01/2005;05.00.00;1,1;1043,13;-200,0;-200,0;788,11;86,0;2015,43;60,0;1256,21;665,58;1,78;89,0;0,4845
30/01/2005;06.00.00;1,0;997,8;-200,0;5,3;624,18;-200,0;1797,31;72,0;1269,78;813,9;3,24;78,65;0,4085
30/01/2005;07.00.00;2,3;1356,7;-200,0;14,8;1015,48;261,0;1888,39;140,0;1656,17;1163,16;3,17;69,25;0,421
30/01/2005;08.00.00;3,9;1826,94;-200,0;15,6;1056,69;569,0;1506,39;153,0;1719,36;1140,74;5,41;73,16;0,5159
30/01/2005;09.00.00;4,1;1920,14;-200,0;7,8;721,81;369,0;1627,78;316,0;2374,88;2111,54;6,77;58,52;0,3983
30/01/2005;10.00.00;2,6;1423,91;-200,0;13,4;976,57;-200,0;1906,97;-200,0;2003,65;1649,41;6,61;54,27;0,3505
30/01/2005;11.00.00;1,1;985,18;-200,0;8,8;776,29;-200,0;1914,8;-200,0;1338,25;906,4;7,18;51,4;0,3787
30/01/2005;12.00.00;1,7;1233,74;-200,0;5,1;620,36;120,0;2075,6;49,0;1186,13;658,58;9,11;59,96;0,5354
30/01/2005;13.00.00;0,9;950,27;-200,0;6,9;682,46;199,0;1875,02;67,0;1241,65;755,75;11,27;47,56;0,4611
30/01/2005;14.00.00;0,9;962,21;-200,0;3,7;559,22;-200,0;1977,28;95,0;1375,2;884,57;12,5;34,82;0,33
30/01/2005;15.00.00;1,0;1049,96;-200,0;4,5;606,66;135,0;2070,7;50,0;1288,89;656,13;13,18;52,46;0,6157
30/01/2005;16.00.00;2,3;1398,66;-200,0;6,7;699,0;196,0;1908,73;-200,0;1558,14;1097,15;10,31;45,49;0,4628
30/01/2005;17.00.00;2,5;1394,84;-200,0;4,9;599,61;131,0;2022,68;-200,0;1561,3;1040,6;11,37;39,58;0,4113
30/01/2005;18.00.00;3,1;1540,21;-200,0;8,5;754,91;1194,0;1022,09;100,0;1392,96;878,24;11,93;50,1;0,5033
30/01/2005;19.00.00;2,3;-200,0;-200,0;10,2;-200,0;483,0;-200,0;133,0;-200,0;-200,0;-200,0;-200,0;-200,0
30/01/2005;20.00.00;-200,0;1376,8;-200,0;13,0;920,29;464,0;1686,45;-200,0;1520,78;1003,46;7,65;61,77;0,4895
30/01/2005;21.00.00;1,2;1021,53;-200,0;9,8;806,33;308,0;1821,48;71,0;1336,89;756,28;6,03;73,41;0,4743
30/01/2005;22.00.00;2,1;1312,35;-200,0;3,7;554,79;111,0;2089,11;41,0;1241,92;482,86;5,56;64,81;0,5087
30/01/2005;23.00.00;2,3;1426,32;-200,0;2,8;536,97;87,0;1981,79;39,0;1219,15;620,95;1,67;73,65;0,4181
31/01/2005;00.00.00;1,6;1138,55;-200,0;5,6;654,69;191,0;1980,04;-200,0;1190,14;664,93;2,61;73,57;0,4202
31/01/2005;01.00.00;1,9;1206,14;-200,0;6,4;727,4;124,0;1978,43;105,0;1476,04;994,71;3,69;72,22;0,3712
31/01/2005;02.00.00;1,6;1188,14;-200,0;5,4;655,7;204,0;1897,59;92,0;1448,4;815,06;2,98;86,15;0,4746
31/01/2005;03.00.00;1,0;978,32;-200,0;16,3;1059,61;-200,0;1982,95;107,0;1514,75;993,17;0,99;84,66;0,5403
31/01/2005;04.00.00;1,5;1131,17;-200,0;9,9;822,32;173,0;2038,69;115,0;1512,77;989,48;2,13;83,14;0,3911
31/01/2005;05.00.00;-200,0;1230,42;-200,0;9,8;811,9;329,0;1762,01;90,0;1366,61;872,21;0,55;82,06;0,4007
31/01/2005;06.00.00;2,4;1343,52;-200,0;11,5;876,03;174,0;1959,65;212,0;1925,97;1568,91;4,4;73,64;0,4801
31/01/2005;07.00.00;3,2;1600,26;-200,0;28,8;1572,88;-200,0;1314,15;187,0;1887,15;1478,77;3,87;68,31;0,4468
31/01/2005;08.00.00;-200,0;2040,0;-200,0;33,0;1753,32;-200,0;555,71;264,0;2150,96;1841,1;4,68;69,19;0,3855
31/01/2005;09.00.00;3,9;1843,84;-200,0;-200,0;995,63;1103,0;955,53;333,0;2600,14;2185,14;5,8;70,15;0,5114
31/01/2005;10.00.00;8,6;2040,0;-200,0;-200,0;1017,09;1032,0;859,62;340,0;2599,83;2267,01;7,7;67,72;0,4646
31/01/2005;11.00.00;1,8;1233,42;-200,0;11,7;895,44;271,0;1882,38;128,0;1551,8;923,54;8,13;59,32;0,4994
31/01/2005;12.00.00;-200,0;1614,5;-200,0;11,3;860,59;270,0;1902,14;75,0;1425,3;821,62;11,38;51,76;0,4978
31/01/2005;13.00.00;2,0;1257,94;-200,0;-200,0;939,85;278,0;1901,91;124,0;1545,15;1073,35;10,07;50,1;0,4293
31/01/2005;14.00.00;-200,0;1425,45;-200,0;6,2;671,9;251,0;1877,23;129,0;1680,42;1080,06;14,54;47,01;0,6278
31/01/2005;15.00.00;2,4;1354,39;-200,0;8,6;783,02;189,0;1921,26;87,0;1428,24;852,42;14,46;41,21;0,4993
31/01/2005;16.00.00;2,4;1384,57;-200,0;19,9;1215,85;185,0;1855,62;96,0;1397,19;832,85;9,57;47,08;0,4541
31/01/2005;17.00.00;2,2;1331,64;-200,0;-200,0;1042,2;871,0;1258,67;114,0;1499,94;998,6;11,0;42,08;0,4463
31/01/2005;18.00.00;4,0;1883,54;-200,0;17,6;1129,57;447,0;1664,71;-200,0;2333,64;1934,67;8,76;50,99;0,5062
31/01/2005;19.00.00;5,5;2040,0;-200,0;-200,0;1057,15;1472,0;625,33;340,0;2556,74;2262,0;8,37;63,52;0,4775
31/01/2005;20.00.00;4,5;2007,78;-200,0;18,2;1160,07;744,0;1255,25;340,0;2602,02;2363,04;11,83;63,8;0,7183
31/01/2005;21.00.00;-200,0;1275,84;-200,0;9,0;775,45;-200,0;1731,97;165,0;1776,25;1252,62;5,91;59,72;0,4319
31/01/2005;22.00.00;2,7;1460,5;-200,0;6,6;649,11;238,0;1805,08;75,0;1303,45;795,69;5,95;68,64;0,4778
31/01/2005;23.00.00;-200,0;820,55;-200,0;6,7;717,13;238,0;1982,81;70,0;1339,42;674,13;5,11;69,17;0,4161
01/02/2005;00.00.00;-200,0;1062,63;-200,0;5,3;615,36;40,0;2131,93;54,0;1298,67;605,95;1,05;76,68;0,4301
01/02/2005;01.00.00;1,1;994,49;-200,0;5,1;626,21;169,0;1933,02;56,0;1183,98;741,56;0,55;85,06;0,3823
01/02/2005;02.00.00;1,7;1220,53;-200,0;3,6;569,86;185,0;1982,04;84,0;1410,74;798,92;-0,65;84,91;0,4196
01/02/2005;03.00.00;2,6;1439,09;-200,0;11,1;903,78;220,0;1926,03;137,0;1688,63;1128,71;-0,18;89,0;0,5227
01/02/2005;04.00.00;1,2;1062,18;-200,0;8,0;776,63;-200,0;1853,85;96,0;1493,04;909,51;-2,0;87,61;0,4188
01/02/2005;05.00.00;-200,0;-200,0;-200,0;10,9;-200,0;-200,0;-200,0;109,0;-200,0;-200,0;-200,0;-200,0;-200,0
01/02/2005;06.00.00;3,0;1593,88;-200,0;9,4;789,61;218,0;1900,29;135,0;1620,81;1106,73;7,16;80,38;0,5934
01/02/2005;07.00.00;4,5;1965,58;-200,0;16,8;1080,94;-200,0;1777,81;277,0;2251,43;1875,85;4,39;72,25;0,5096
01/02/2005;08.00.00;3,2;1580,23;-200,0;21,5;1266,22;512,0;1490,77;340,0;2421,92;2226,49;2,46;63,28;0,3059
01/02/2005;09.00.00;5,2;2040,0;-200,0;16,2;1072,75;1005,0;1066,13;209,0;2063,32;1540,37;5,3;70,79;0,4792
01/02/2005;10.00.00;5,6;2040,0;-200,0;14,1;988,28;680,0;1245,2;207,0;1999,19;1558,31;6,97;64,65;0,5869
01/02/2005;11.00.00;3,1;1581,87;-200,0;13,8;958,02;540,0;1540,17;219,0;1963,35;1548,68;7,06;54,06;0,3899
01/02/2005;12.00.00;-200,0;1452,58;-200,0;12,7;938,6;245,0;1855,5;113,0;1648,65;957,0;11,85;52,9;0,6138
01/02/2005;13.00.00;-200,0;1361,79;-200,0;7,8;733,34;221,0;1929,38;176,0;1865,49;1372,47;12,54;54,88;0,6554
01/02/2005;14.00.00;1,3;1034,88;-200,0;5,9;680,87;476,0;1693,73;129,0;1626,4;1121,49;9,11;51,11;0,5073
01/02/2005;15.00.00;1,2;1074,35;-200,0;7,8;717,38;348,0;1852,42;174,0;1692,45;1399,81;13,04;38,95;0,3793
01/02/2005;16.00.00;3,4;-200,0;-200,0;14,0;-200,0;372,0;-200,0;105,0;-200,0;-200,0;-200,0;-200,0;-200,0
01/02/2005;17.00.00;4,4;1969,88;-200,0;10,9;867,31;196,0;1870,4;215,0;2103,86;1574,79;14,73;47,84;0,5951
01/02/2005;18.00.00;-200,0;2040,0;-200,0;23,0;1340,85;1443,0;591,36;317,0;2649,75;2159,03;15,86;57,1;0,8254
01/02/2005;19.00.00;3,9;1754,57;-200,0;20,4;1231,65;705,0;1385,66;-200,0;2526,46;2154,16;7,29;60,42;0,3941
01/02/2005;20.00.00;4,1;2008,72;-200,0;33,5;1757,95;649,0;1403,2;268,0;2357,56;1950,74;13,53;66,2;0,7939
01/02/2005;21.00.00;4,4;1938,55;-200,0;11,2;868,46;438,0;1600,5;214,0;1961,19;1591,04;5,88;58,67;0,4339
01/02/2005;22.00.00;1,1;958,58;-200,0;9,8;794,76;202,0;1960,2;70,0;1274,58;770,86;4,11;65,0;0,317
01/02/2005;23.00.00;2,0;1275,32;-200,0;8,0;736,25;117,0;1976,19;61,0;1214,54;713,89;4,74;78,83;0,4825
02/02/2005;00.00.00;1,1;-200,0;-200,0;9,5;-200,0;128,0;-200,0;37,0;-200,0;-200,0;-200,0;-200,0;-200,0
02/02/2005;01.00.00;1,1;-200,0;-200,0;3,6;-200,0;189,0;-200,0;63,0;-200,0;-200,0;-200,0;-200,0;-200,0
02/02/2005;02.00.00;-200,0;1108,01;-200,0;4,2;597,81;247,0;1902,35;61,0;1211,6;600,65;-0,81;84,23;0,4136
02/02/2005;03.00.00;1,2;1061,19;-200,0;12,6;911,11;339,0;1781,04;101,0;1365,87;906,81;1,18;79,44;0,4275
02/02/2005;04.00.00;1,0;999,4;-200,0;13,4;958,84;148,0;2006,07;140,0;1724,11;1149,43;4,4;89,0;0,5897
02/02/2005;05.00.00;2,3;1412,53;-200,0;8,3;746,56;-200,0;1904,55;139,0;1688,04;1192,56;2,21;81,25;0,4063
02/02/2005;06.00.00;3,3;1661,46;-200,0;3,9;593,61;506,0;1566,27;188,0;1833,3;1410,33;3,4;77,71;0,5309
02/02/2005;07.00.00;6,0;2040,0;-200,0;-200,0;1246,77;278,0;1704,93;221,0;1991,96;1574,27;5,11;71,33;0,4873
02/02/2005;08.00.00;6,5;2040,0;-200,0;15,0;1018,32;801,0;1156,83;280,0;2319,37;1878,24;7,7;76,79;0,6244
02/02/2005;09.00.00;10,5;-200,0;-200,0;19,6;-200,0;541,0;-200,0;-200,0;-200,0;-200,0;-200,0;-200,0;-200,0
02/02/2005;10.00.00;6,4;2040,0;-200,0;21,4;1249,07;692,0;1315,07;-200,0;1533,86;1025,93;9,12;57,48;0,4609
02/02/2005;11.00.00;3,7;1803,2;-200,0;15,7;1048,94;261,0;1786,72;95,0;1422,7;1006,5;8,62;51,21;0,4519
02/02/2005;12.00.00;2,8;1501,65;-200,0;20,6;1250,46;255,0;1860,84;101,0;1523,89;960,03;10,52;51,08;0,5172
02/02/2005;13.00.00;3,4;1694,94;-200,0;8,8;796,98;233,0;1897,11;151,0;1691,04;1163,36;13,11;43,7;0,4714
02/02/2005;14.00.00;0,9;972,63;-200,0;6,4;677,64;263,0;1905,13;70,0;1277,62;839,47;9,1;51,94;0,4933
02/02/2005;15.00.00;-200,0;1174,62;-200,0;-200,0;920,44;339,0;1840,28;76,0;1359,97;747,28;9,63;37,14;0,3646
02/02/2005;16.00.00;1,2;991,91;-200,0;12,0;893,07;-200,0;1730,2;100,0;1470,3;926,65;7,61;46,1;0,3666
02/02/2005;17.00.00;-200,0;1803,19;-200,0;13,5;973,6;459,0;1614,61;259,0;2157,15;1769,1;9,89;51,64;0,4751
02/02/2005;18.00.00;3,5;1718,67;-200,0;23,1;1359,72;-200,0;1667,57;247,0;2229,06;1721,0;12,85;53,16;0,6234
02/02/2005;19.00.00;11,9;2040,0;-200,0;22,7;1340,06;1479,0;320,0;300,0;2417,22;2061,08;8,91;51,59;0,4917
02/02/2005;20.00.00;3,6;1722,11;-200,0;28,4;1588,54;582,0;1568,25;273,0;2222,08;1953,99;5,27;62,82;0,4378
02/02/2005;21.00.00;2,9;1602,64;-200,0;25,7;1431,24;407,0;1680,37;234,0;2051,39;1721,63;5,68;59,75;0,4808
02/02/2005;22.00.00;1,5;1149,71;-200,0;5,8;610,98;-200,0;1962,77;88,0;1446,31;802,68;2,39;68,73;0,4252
02/02/2005;23.00.00;-200,0;-200,0;-200,0;6,4;-200,0;145,0;-200,0;35,0;-200,0;-200,0;-200,0;-200,0;-200,0
03/02/2005;00.00.00;0,8;1003,29;-200,0;2,9;538,72;-200,0;2038,53;62,0;1322,74;723,35;3,97;79,14;0,4319
03/02/2005;01.00.00;0,9;1021,38;-200,0;4,1;575,11;174,0;2053,86;109,0;1583,97;839,01;0,05;76,31;0,4304
03/02/2005;02.00.00;0,8;898,19;-200,0;8,7;792,24;-200,0;1846,3;97,0;1520,2;942,11;4,12;87,47;0,5484
03/02/2005;03.00.00;2,2;1335,46;-200,0;7,9;740,46;87,0;1989,91;97,0;1383,67;957,53;1,58;82,53;0,4542
03/02/2005;04.00.00;1,7;1235,47;-200,0;6,0;660,84;237,0;1942,07;114,0;1519,98;998,1;2,07;85,2;0,5328
03/02/2005;05.00.00;4,4;1991,25;-200,0;10,5;856,94;170,0;1933,52;65,0;1270,4;754,62;1,84;87,33;0,4799
03/02/2005;06.00.00;1,8;1255,69;-200,0;18,5;1178,38;535,0;1633,03;78,0;1417,07;909,31;4,74;82,41;0,5522
03/02/2005;07.00.00;6,6;-200,0;-200,0;11,3;-200,0;867,0;-200,0;286,0;-200,0;-200,0;-200,0;-200,0;-200,0
03/02/2005;08.00.00;9,1;2040,0;-200,0;51,9;2214,0;708,0;1224,19;340,0;2567,87;2353,4;6,1;69,72;0,5279
03/02/2005;09.00.00;8,2;2040,0;-200,0;33,4;1753,66;770,0;1103,23;240,0;2117,13;1693,56;7,85;68,06;0,5867
03/02/2005;10.00.00;4,3;1907,01;-200,0;25,0;1425,95;-200,0;1693,63;233,0;1964,19;1737,51;7,6;60,5;0,4583
03/02/2005;11.00.00;2,6;1383,44;-200,0;13,9;982,9;138,0;1904,91;-200,0;1829,59;1390,24;10,31;49,05;0,4237
03/02/2005;12.00.00;3,8;1815,11;-200,0;21,9;1328,36;264,0;1794,57;213,0;1976,93;1583,78;9,58;52,88;0,6151
03/02/2005;13.00.00;-200,0;1211,29;-200,0;14,6;1000,4;240,0;1882,4;110,0;1482,09;902,99;11,06;49,79;0,4954
03/02/2005;14.00.00;2,2;-200,0;-200,0;8,0;-200,0;241,0;-200,0;131,0;-200,0;-200,0;-200,0;-200,0;-200,0
03/02/2005;15.00.00;1,9;1245,33;-200,0;11,8;915,63;57,0;2031,37;188,0;1854,03;1344,85;10,81;45,45;0,4847
03/02/2005;16.00.00;1,6;-200,0;-200,0;7,9;-200,0;-200,0;-200,0;106,0;-200,0;-200,0;-200,0;-200,0;-200,0
03/02/2005;17.00.00;3,5;1700,02;-200,0;14,0;985,93;225,0;1794,77;175,0;1843,61;1400,69;11,99;51,79;0,4971
03/02/2005;18.00.00;5,9;2040,0;-200,0;39,8;2018,88;655,0;1268,67;176,0;1873,09;1429,89;12,88;44,8;0,5283
03/02/2005;19.00.00;3,7;1758,68;-200,0;30,4;1653,18;935,0;1145,14;-200,0;2042,89;1521,68;11,57;62,39;0,6042
03/02/2005;20.00.00;5,1;-200,0;-200,0;28,0;-200,0;370,0;-200,0;-200,0;-200,0;-200,0;-200,0;-200,0;-200,0
03/02/2005;21.00.00;1,3;1152,55;-200,0;21,1;1250,99;322,0;1808,4;219,0;2051,2;1588,85;9,3;65,32;0,6117
03/02/2005;22.00.00;1,2;1041,05;-200,0;9,4;807,07;-200,0;1968,62;124,0;1524,49;1022,63;4,79;71,55;0,4658
03/02/2005;23.00.00;1,1;1063,49;-200,0;4,0;611,41;294,0;1809,87;-200,0;1255,49;575,21;5,43;76,05;0,537
04/02/2005;00.00.00;1,5;1106,5;-200,0;9,9;795,94;103,0;2057,04;56,0;1244,22;640,94;1,45;69,69;0,4184
04/02/2005;01.00.00;2,0;1227,09;-200,0;7,4;726,42;121,0;2009,83;80,0;1342,04;786,89;2,75;83,71;0,499
04/02/2005;02.00.00;-200,0;1203,55;-200,0;8,8;790,49;123,0;2027,19;38,0;1240,43;565,91;2,6;82,91;0,586
04/02/2005;03.00.00;2,2;1401,11;-200,0;8,3;731,01;91,0;2026,29;105,0;1492,71;1039,1;-1,17;78,83;0,4093
04/02/2005;04.00.00;1,9;1229,57;-200,0;14,0;971,18;307,0;1860,3;186,0;1845,15;1346,28;3,18;77,64;0,4919
04/02/2005;05.00.00;2,6;1417,23;-200,0;21,6;1278,9;243,0;1855,0;167,0;1775,78;1368,67;5,16;77,92;0,4883
04/02/2005;06.00.00;-200,0;1556,46;-200,0;11,5;882,24;300,0;1861,05;68,0;1301,66;806,21;2,91;70,24;0,408
04/02/2005;07.00.00;3,3;1729,7;-200,0;29,2;1581,95;579,0;1458,13;243,0;2212,43;1632,45;7,02;81,61;0,657
04/02/2005;08.00.00;4,6;2040,0;-200,0;27,1;1495,99;385,0;1582,76;-200,0;2447,85;2085,42;5,12;76,09;0,4802
04/02/2005;09.00.00;6,5;2040,0;-200,0;12,6;939,44;1479,0;439,66;320,0;2510,08;2131,71;8,5;66,26;0,6302
04/02/2005;10.00.00;7,5;2040,0;-200,0;11,7;895,52;255,0;1572,73;226,0;1869,27;1624,37;3,65;58,23;0,3132
04/02/2005;11.00.00;4,4;2006,53;-200,0;16,3;1082,91;-200,0;1259,79;138,0;1676,24;1065,05;14,14;54,02;0,6249
04/02/2005;12.00.00;1,6;1191,58;-200,0;-200,0;1076,39;294,0;1844,22;59,0;1322,47;699,26;13,32;55,07;0,6087
04/02/2005;13.00.00;1,5;1138,23;-200,0;-200,0;935,89;223,0;1971,92;124,0;1680,98;1080,49;10,56;57,2;0,5939
04/02/2005;14.00.00;1,7;1205,7;-200,0;12,4;913,84;314,0;1821,16;-200,0;1462,06;992,57;7,68;43,76;0,3142
04/02/2005;15.00.00;-200,0;1277,1;-200,0;23,7;1389,95;195,0;2002,19;-200,0;1389,98;850,53;12,37;40,42;0,3507
04/02/2005;16.00.00;-200,0;1337,32;-200,0;12,7;941,45;400,0;1739,75;173,0;1836,99;1281,13;8,74;54,35;0,5256
04/02/2005;17.00.00;4,9;2040,0;-200,0;-200,0;1012,38;478,0;1573,04;101,0;1466,53;924,0;12,02;39,48;0,3988
04/02/2005;18.00.00;-200,0;2040,0;-200,0;21,7;1301,52;-200,0;1146,1;144,0;1604,7;1143,41;11,16;46,23;0,4137
04/02/2005;19.00.00;5,1;2040,0;-200,0;48,7;2214,0;1130,0;902,74;294,0;2258,36;2046,46;7,41;53,77;0,3902
04/02/2005;20.00.00;4,0;1822,43;-200,0;13,4;956,32;559,0;1584,6;192,0;1990,7;1411,84;10,33;51,54;0,5803
04/02/2005;21.00.00;3,4;1699,77;-200,0;21,6;1304,95;542,0;1567,87;204,0;1929,73;1598,31;8,41;69,56;0,5575
04/02/2005;22.00.00;-200,0;1445,74;-200,0;7,6;736,79;234,0;1951,99;74,0;1355,37;878,51;7,46;72,95;0,5759
04/02/2005;23.00.00;1,6;1174,98;-200,0;4,0;616,44;219,0;1973,5;-200,0;1369,29;985,26;4,32;70,13;0,4331
05/02/2005;00.00.00;1,0;1000,62;-200,0;2,7;519,81;88,0;2100,6;42,0;1095,01;472,31;0,51;83,03;0,3553
05/02/2005;01.00.00;-200,0;1019,86;-200,0;9,3;825,17;216,0;1936,67;-200,0;1329,35;747,22;4,5;86,74;0,5331
05/02/2005;02.00.00;1,0;998,09;-200,0;4,4;618,77;104,0;2058,59;36,0;1182,86;544,01;1,5;80,73;0,3689
05/02/2005;03.00.00;-200,0;1200,06;-200,0;7,0;692,48;72,0;2078,79;76,0;1332,64;727,81;-0,91;79,66;0,4106
05/02/2005;04.00.00;2,2;1353,09;-200,0;5,3;646,67;108,0;1959,39;88,0;1487,56;917,95;4,75;89,0;0,5999
05/02/2005;05.00.00;2,5;1506,13;-200,0;18,3;1149,64;192,0;1816,68;143,0;1817,79;1165,44;6,74;83,1;0,7573
05/02/2005;06.00.00;-200,0;1645,05;-200,0;11,3;899,49;317,0;1741,87;74,0;1233,96;827,19;3,26;77,92;0,436
05/02/2005;07.00.00;5,4;2040,0;-200,0;9,4;777,61;429,0;1560,67;158,0;1812,08;1291,13;8,69;79,73;0,646
05/02/2005;08.00.00;2,6;1480,83;-200,0;18,1;1130,31;821,0;1338,38;340,0;2606,93;2289,98;5,76;70,08;0,5774
05/02/2005;09.00.00;4,9;2040,0;-200,0;36,4;1880,02;358,0;1723,48;340,0;2502,9;2276,18;6,11;61,38;0,5017
05/02/2005;10.00.00;3,8;1815,45;-200,0;11,1;852,82;898,0;1192,95;135,0;1652,18;1100,6;6,91;59,65;0,4786
05/02/2005;11.00.00;2,4;1425,39;-200,0;9,9;811,1;524,0;1553,79;-200,0;1509,3;930,13;12,65;60,1;0,6109
05/02/2005;12.00.00;1,5;1133,53;-200,0;14,6;1003,12;354,0;1802,44;60,0;1266,07;784,0;8,85;41,22;0,4471
05/02/2005;13.00.00;3,1;1581,34;-200,0;-200,0;824,51;363,0;1737,57;-200,0;1323,18;684,01;12,67;46,88;0,5172
05/02/2005;14.00.00;1,4;1143,01;-200,0;4,9;634,95;101,0;2037,0;77,0;1410,73;769,37;10,58;53,44;0,4993
05/02/2005;15.00.00;0,8;997,35;-200,0;8,1;756,36;248,0;1891,75;68,0;1351,28;736,73;10,95;43,35;0,4896
05/02/2005;16.00.00;1,9;1283,17;-200,0;8,2;766,41;300,0;1926,62;187,0;1948,4;1484,29;13,76;54,25;0,6436
05/02/2005;17.00.00;-200,0;1370,92;-200,0;-200,0;940,01;504,0;1659,11;-200,0;1682,73;1173,56;10,44;55,39;0,4769
05/02/2005;18.00.00;7,1;2040,0;-200,0;26,2;1487,49;715,0;1266,25;188,0;1834,8;1343,34;9,6;50,85;0,4677
05/02/2005;19.00.00;5,0;2040,0;-200,0;22,9;1344,44;696,0;1259,27;283,0;2305,95;1910,91;11,64;52,07;0,5032
05/02/2005;20.00.00;-200,0;1619,98;-200,0;16,9;1085,68;566,0;1480,1;267,0;2161,16;1960,15;11,36;57,81;0,4413
05/02/2005;21.00.00;2,2;1325,41;-200,0;10,5;845,98;479,0;1587,33;181,0;1853,57;1308,6;8,16;77,23;0,601
05/02/2005;22.00.00;1,4;1108,91;-200,0;9,7;816,62;120,0;2016,49;79,0;1346,46;758,88;4,27;77,94;0,4783
05/02/2005;23.00.00;2,6;1448,38;-200,0;3,6;577,58;124,0;2029,27;54,0;1303,93;670,83;3,35;73,54;0,3901
06/02/2005;00.00.00;1,3;1089,0;-200,0;1,7;498,11;65,0;2075,67;48,0;1280,03;625,88;3,58;73,5;0,4831
06/02/2005;01.00.00;0,7;920,23;-200,0;4,0;563,97;88,0;2073,47;49,0;1224,98;686,74;3,26;79,98;0,4454
06/02/2005;02.00.00;1,1;1042,16;-200,0;5,6;658,47;35,0;2046,33;47,0;1157,87;682,23;0,15;82,42;0,4277
06/02/2005;03.00.00;1,3;1061,69;-200,0;4,6;598,72;86,0;2078,76;86,0;1368,72;809,31;3,4;75,59;0,4001
06/02/2005;04.00.00;1,0;979,02;-200,0;4,9;628,05;117,0;2028,04;63,0;1309,17;727,17;2,29;81,6;0,5082
06/02/2005;05.00.00;0,8;977,04;-200,0;5,8;623,37;134,0;2088,89;54,0;1260,51;668,84;-0,81;86,01;0,3306
06/02/2005;06.00.00;2,2;1306,13;-200,0;-200,0;740,36;176,0;1907,95;91,0;1381,89;825,86;1,56;67,54;0,2474
06/02/2005;07.00.00;1,8;1250,79;-200,0;6,9;717,54;181,0;1947,24;158,0;1713,43;1259,01;3,44;76,94;0,5333
06/02/2005;08.00.00;-200,0;2018,91;-200,0;19,3;1190,5;353,0;1645,95;104,0;1515,69;967,94;5,51;75,34;0,4868
06/02/2005;09.00.00;3,1;1690,25;-200,0;5,5;660,31;644,0;1447,54;153,0;1774,76;1218,79;10,73;61,01;0,688
06/02/2005;10.00.00;2,1;1340,02;-200,0;14,1;999,46;267,0;1894,5;99,0;1482,26;890,56;8,72;67,62;0,6138
06/02/2005;11.00.00;0,8;873,67;-200,0;9,4;790,14;365,0;1767,47;189,0;1903,71;1468,33;7,77;51,36;0,4578
06/02/2005;12.00.00;2,5;1403,55;-200,0;8,5;783,84;290,0;1816,11;82,0;1441,67;763,25;10,93;53,29;0,5831
06/02/2005;13.00.00;1,7;1166,86;-200,0;3,1;543,84;-200,0;2015,08;120,0;1654,73;972,9;10,58;46,69;0,4605
06/02/2005;14.00.00;1,2;1129,26;-200,0;6,7;686,99;180,0;2007,2;73,0;1343,36;868,16;12,43;44,89;0,4974
06/02/2005;15.00.00;-200,0;1109,34;-200,0;4,7;625,48;-200,0;2066,86;73,0;1340,34;741,1;13,11;42,72;0,5518
06/02/2005;16.00.00;2,7;1521,02;-200,0;12,1;918,96;102,0;2040,87;73,0;1375,7;779,23;14,2;49,92;0,6148
06/02/2005;17.00.00;1,4;-200,0;-200,0;10,6;-200,0;-200,0;-200,0;96,0;-200,0;-200,0;-200,0;-200,0;-200,0
06/02/2005;18.00.00;2,4;1459,78;-200,0;8,3;766,8;429,0;1717,15;141,0;1670,86;1081,71;13,77;50,76;0,6325
06/02/2005;19.00.00;3,7;1711,04;-200,0;7,8;736,12;783,0;1306,01;132,0;1549,54;1024,85;11,27;48,01;0,3829
06/02/2005;20.00.00;4,4;1950,86;-200,0;9,9;820,85;309,0;1775,12;-200,0;1612,99;1102,56;6,83;61,17;0,5347
06/02/2005;21.00.00;1,7;-200,0;-200,0;11,2;-200,0;-200,0;-200,0;55,0;-200,0;-200,0;-200,0;-200,0;-200,0
06/02/2005;22.00.00;1,0;1060,08;-200,0;8,0;735,58;122,0;2120,73;62,0;1302,43;664,24;6,31;67,39;0,5591
06/02/2005;23.00.00;1,0;1094,92;-200,0;4,3;588,95;179,0;2050,1;32,0;1203,9;553,75;2,78;82,15;0,5395
07/02/2005;00.00.00;1,8;-200,0;-200,0;5,4;-200,0;211,0;-200,0;62,0;-200,0;-200,0;-200,0;-200,0;-200,0
07/02/2005;01.00.00;2,2;1350,07;-200,0;5,4;686,14;169,0;1971,81;76,0;1366,03;794,86;6,86;68,21;0,5183
07/02/2005;02.00.00;1,0;1001,6;-200,0;7,0;705,79;240,0;1882,03;124,0;1504,88;1027,73;2,14;77,44;0,3731
07/02/2005;03.00.00;1,9;-200,0;-200,0;12,8;-200,0;234,0;-200,0;100,0;-200,0;-200,0;-200,0;-200,0;-200,0
07/02/2005;04.00.00;-200,0;1052,21;-200,0;8,0;754,51;366,0;1766,16;93,0;1367,7;909,65;1,86;75,81;0,3933
07/02/2005;05.00.00;3,1;1619,53;-200,0;13,4;987,4;-200,0;1722,26;95,0;1507,97;973,55;4,13;74,39;0,4943
07/02/2005;06.00.00;3,2;1668,62;-200,0;10,8;853,38;309,0;1733,26;183,0;1840,25;1346,75;6,05;81,19;0,6041
07/02/2005;07.00.00;2,8;1530,68;-200,0;28,5;1558,14;556,0;1611,48;-200,0;1924,94;1502,57;5,68;75,02;0,466
07/02/2005;08.00.00;8,9;2040,0;-200,0;33,1;1719,12;795,0;1113,72;229,0;1980,6;1714,12;5,94;70,25;0,4208
07/02/2005;09.00.00;5,9;2040,0;-200,0;38,7;1974,16;796,0;1297,85;307,0;2485,33;2115,58;10,03;67,61;0,6366
07/02/2005;10.00.00;-200,0;1936,61;-200,0;40,5;2054,74;440,0;1617,49;120,0;1511,6;1102,92;7,7;56,92;0,4389
07/02/2005;11.00.00;2,7;1493,87;-200,0;5,2;629,1;426,0;1618,95;156,0;1755,2;1336,06;11,6;52,81;0,5441
07/02/2005;12.00.00;2,4;1436,99;-200,0;14,9;1010,91;238,0;1891,03;-200,0;1537,1;864,65;9,99;55,03;0,57
07/02/2005;13.00.00;1,9;1233,14;-200,0;12,1;882,68;204,0;2043,84;101,0;1457,56;950,26;12,23;41,39;0,4585
07/02/2005;14.00.00;1,6;1124,1;-200,0;10,9;861,67;-200,0;1913,77;194,0;1831,14;1449,64;11,64;35,61;0,4087
07/02/2005;15.00.00;3,0;1554,73;-200,0;9,7;802,4;252,0;1862,21;85,0;1451,59;895,45;11,92;43,54;0,4839
07/02/2005;16.00.00;1,9;1217,74;-200,0;11,4;909,56;451,0;1724,66;148,0;1677,2;1084,74;11,11;50,97;0,4977
07/02/2005;17.00.00;2,6;-200,0;-200,0;17,6;-200,0;-200,0;-200,0;238,0;-200,0;-200,0;-200,0;-200,0;-200,0
07/02/2005;18.00.00;4,3;1858,55;-200,0;32,0;1693,62;1002,0;1087,7;-200,0;2476,23;2240,4;9,1;55,27;0,5036
07/02/2005;19.00.00;8,4;2040,0;-200,0;35,7;1858,38;1479,0;489,65;321,0;2439,54;2189,55;8,05;44,63;0,3743
07/02/2005;20.00.00;6,4;2040,0;-200,0;21,4;1324,35;468,0;1531,69;167,0;1900,08;1316,13;12,57;60,63;0,715
07/02/2005;21.00.00;2,4;1413,7;-200,0;12,5;957,83;-200,0;1623,28;121,0;1671,86;1005,51;8,99;66,98;0,5824
07/02/2005;22.00.00;2,7;1431,43;-200,0;7,6;706,19;257,0;1807,69;58,0;1185,25;716,35;0,97;61,61;0,3045
07/02/2005;23.00.00;1,4;1147,43;-200,0;4,6;588,8;-200,0;1979,26;55,0;1296,92;720,97;3,4;77,02;0,4592
08/02/2005;00.00.00;1,0;979,75;-200,0;10,3;809,28;175,0;1984,13;-200,0;1213,63;749,11;-0,04;75,77;0,3205
08/02/2005;01.00.00;1,2;1047,02;-200,0;3,7;586,74;149,0;2013,95;51,0;1261,91;645,19;0,89;89,0;0,5311
08/02/2005;02.00.00;2,6;1426,91;-200,0;9,3;786,7;-200,0;1818,12;94,0;1342,72;884,78;-2,0;70,1;0,3528
08/02/2005;03.00.00;3,8;1818,75;-200,0;10,7;838,09;111,0;1990,89;77,0;1273,8;808,12;1,85;88,45;0,426
08/02/2005;04.00.00;2,2;1305,0;-200,0;7,4;731,19;233,0;1928,38;90,0;1388,42;821,55;0,01;79,02;0,4236
08/02/2005;05.00.00;1,8;1289,86;-200,0;11,6;868,24;364,0;1893,17;-200,0;1241,04;742,87;2,91;71,1;0,3281
08/02/2005;06.00.00;2,6;1464,71;-200,0;21,3;1286,0;-200,0;1595,04;149,0;1659,13;1166,39;0,33;73,69;0,415
08/02/2005;07.00.00;-200,0;1509,29;-200,0;17,1;1092,2;-200,0;1719,97;207,0;1909,61;1541,12;4,79;73,99;0,4609
08/02/2005;08.00.00;4,2;1866,39;-200,0;43,7;2168,59;716,0;1283,38;240,0;2138,54;1721,53;5,0;73,45;0,517
08/02/2005;09.00.00;4,1;1907,95;-200,0;40,8;2082,34;-200,0;1515,57;-200,0;2538,45;2249,68;10,12;72,21;0,5872
08/02/2005;10.00.00;3,9;1848,41;-200,0;15,1;1036,75;462,0;1559,37;226,0;2096,1;1625,95;11,24;66,05;0,6109
08/02/2005;11.00.00;3,0;1581,86;-200,0;9,0;772,66;421,0;1622,22;184,0;1802,74;1369,32;11,19;49,77;0,5275
08/02/2005;12.00.00;2,3;1365,65;-200,0;11,9;925,02;454,0;1655,7;152,0;1707,74;1289,58;10,0;56,52;0,496
08/02/2005;13.00.00;2,0;1305,57;-200,0;6,3;699,21;381,0;1722,95;141,0;1746,73;1180,57;15,42;49,97;0,6151
08/02/2005;14.00.00;2,6;-200,0;-200,0;3,0;-200,0;258,0;-200,0;175,0;-200,0;-200,0;-200,0;-200,0;-200,0
08/02/2005;15.00.00;1,8;1246,93;-200,0;7,3;693,22;171,0;1989,12;103,0;1424,28;974,69;9,31;44,54;0,511
08/02/2005;16.00.00;2,1;1372,84;-200,0;23,7;1375,39;254,0;1903,3;85,0;1389,56;838,27;11,78;42,66;0,4952
08/02/2005;17.00.00;3,0;1573,38;-200,0;13,0;940,12;1211,0;858,4;148,0;1775,89;1153,33;15,96;48,2;0,6002
08/02/2005;18.00.00;7,7;2040,0;-200,0;26,2;1464,19;-200,0;1561,73;-200,0;1967,56;1631,92;10,25;47,22;0,5389
08/02/2005;19.00.00;-200,0;1945,45;-200,0;33,9;1785,28;437,0;1538,77;212,0;1810,08;1540,16;9,25;49,46;0,365
08/02/2005;20.00.00;5,3;2040,0;-200,0;21,3;1245,94;-200,0;1403,38;106,0;1462,04;943,66;5,53;61,34;0,4164
08/02/2005;21.00.00;2,2;1357,96;-200,0;-200,0;905,77;483,0;1621,29;160,0;1730,05;1246,39;9,01;66,74;0,5915
08/02/2005;22.00.00;-200,0;1320,76;-200,0;12,0;936,98;269,0;1806,4;86,0;1405,72;700,13;7,73;67,32;0,6431
08/02/2005;23.00.00;1,6;1170,18;-200,0;5,5;652,96;141,0;1982,39;113,0;1589,04;946,67;6,2;79,44;0,6297
09/02/2005;00.00.00;1,9;1198,27;-200,0;5,1;639,11;63,0;2034,91;108,0;1529,13;995,33;2,41;74,92;0,4052
09/02/2005;01.00.00;1,3;-200,0;-200,0;8,2;-200,0;131,0;-200,0;85,0;-200,0;-200,0;-200,0;-200,0;-200,0
09/02/2005;02.00.00;1,1;1056,35;-200,0;4,7;599,53;82,0;2053,64;94,0;1363,08;908,86;-0,21;84,18;0,4526
09/02/2005;03.00.00;-200,0;1050,04;-200,0;5,0;649,61;238,0;1919,87;-200,0;1210,93;775,1;2,38;80,83;0,4343
09/02/2005;04.00.00;2,8;1508,23;-200,0;4,9;613,77;281,0;1779,07;108,0;1477,15;907,42;0,22;81,3;0,4111
09/02/2005;05.00.00;4,6;1985,11;-200,0;12,9;909,32;256,0;1747,2;-200,0;1427,89;884,86;0,52;66,48;0,2657
09/02/2005;06.00.00;3,7;1744,49;-200,0;-200,0;896,59;213,0;1804,97;152,0;1692,81;1215,46;2,83;76,3;0,477
09/02/2005;07.00.00;2,5;1423,99;-200,0;26,5;1478,27;-200,0;1725,0;166,0;1775,03;1304,3;3,73;63,35;0,4202
09/02/2005;08.00.00;6,9;2040,0;-200,0;27,0;1511,52;-200,0;1592,69;332,0;2484,99;2195,9;4,84;62,04;0,3551
09/02/2005;09.00.00;-200,0;1821,84;-200,0;15,8;1058,87;728,0;1372,94;188,0;1836,95;1386,69;8,14;56,81;0,5255
09/02/2005;10.00.00;3,5;1674,42;-200,0;17,3;1092,34;1479,0;713,92;-200,0;2594,61;2308,55;8,66;53,62;0,4902
09/02/2005;11.00.00;3,1;-200,0;-200,0;19,3;-200,0;353,0;-200,0;241,0;-200,0;-200,0;-200,0;-200,0;-200,0
09/02/2005;12.00.00;2,7;1503,85;-200,0;10,1;845,06;246,0;1851,72;190,0;1849,7;1439,09;11,11;48,33;0,468
09/02/2005;13.00.00;2,2;1398,72;-200,0;15,8;1053,41;285,0;1814,15;74,0;1300,71;826,65;9,56;51,22;0,4767
09/02/2005;14.00.00;1,6;-200,0;-200,0;7,7;-200,0;145,0;-200,0;61,0;-200,0;-200,0;-200,0;-200,0;-200,0
09/02/2005;15.00.00;2,8;1451,77;-200,0;11,6;870,54;140,0;1958,27;108,0;1413,92;898,76;12,51;35,98;0,3883
09/02/2005;16.00.00;1,9;1178,0;-200,0;5,3;644,49;-200,0;1887,85;104,0;1512,5;921,73;9,03;46,52;0,4194
09/02/2005;17.00.00;4,9;2040,0;-200,0;14,1;1004,72;604,0;1442,77;307,0;2451,46;2189,62;13,53;49,49;0,6425
09/02/2005;18.00.00;-200,0;1483,95;-200,0;19,5;1212,85;721,0;1397,34;303,0;2384,12;2188,48;8,98;49,12;0,4862
09/02/2005;19.00.00;5,5;2040,0;-200,0;15,3;1039,6;678,0;1396,83;280,0;2177,42;2022,72;9,89;54,19;0,4463
09/02/2005;20.00.00;2,8;1490,31;-200,0;32,9;1744,47;817,0;1246,88;340,0;2569,74;2321,31;10,83;59,78;0,6411
09/02/2005;21.00.00;2,1;1320,96;-200,0;10,5;858,35;-200,0;1391,54;157,0;1772,27;1251,17;9,06;67,31;0,6551
09/02/2005;22.00.00;-200,0;1178,93;-200,0;5,7;642,53;255,0;1958,89;91,0;1481,49;823,95;5,98;60,27;0,4294
09/02/2005;23.00.00;2,3;1357,27;-200,0;8,8;781,84;81,0;2041,31;86,0;1388,28;754,65;3,98;71,27;0,4782
10/02/2005;00.00.00;2,1;1290,43;-200,0;5,6;657,93;-200,0;2024,65;-200,0;1280,9;671,9;5,66;83,64;0,6184
10/02/2005;01.00.00;2,0;1315,98;-200,0;-200,0;747,91;69,0;2052,69;95,0;1403,93;866,97;4,32;86,05;0,5165
10/02/2005;02.00.00;1,6;1087,73;-200,0;3,7;566,04;247,0;1813,87;94,0;1392,47;804,92;1,23;85,02;0,4296
10/02/2005;03.00.00;-200,0;1261,75;-200,0;-200,0;638,89;-200,0;2011,84;67,0;1285,1;753,9;0,71;84,06;0,4656
10/02/2005;04.00.00;3,1;1566,38;-200,0;20,1;1221,07;327,0;1725,43;189,0;1858,07;1579,65;-1,67;89,0;0,3595
10/02/2005;05.00.00;2,9;1530,14;-200,0;14,3;1011,34;222,0;1875,7;99,0;1417,17;949,13;3,28;88,55;0,5854
10/02/2005;06.00.00;2,8;-200,0;-200,0;8,7;-200,0;411,0;-200,0;-200,0;-200,0;-200,0;-200,0;-200,0;-200,0
10/02/2005;07.00.00;-200,0;2040,0;-200,0;21,1;1273,36;713,0;1248,51;166,0;1814,29;1335,75;7,07;67,53;0,5828
10/02/2005;08.00.00;6,9;2040,0;-200,0;18,1;1133,56;532,0;1303,03;208,0;2037,9;1495,43;6,72;66,68;0,6064
10/02/2005;09.00.00;5,7;2040,0;-200,0;45,2;2214,0;1049,0;962,07;310,0;2485,2;2122,0;9,97;78,86;0,7348
10/02/2005;10.00.00;-200,0;1640,69;-200,0;8,3;734,93;411,0;1562,21;340,0;2559,23;2259,6;7,2;50,87;0,4081
10/02/2005;11.00.00;2,4;1328,9;-200,0;15,3;1027,46;274,0;1915,84;164,0;1790,97;1204,66;12,08;52,02;0,5729
10/02/2005;12.00.00;2,1;1381,37;-200,0;12,3;896,29;414,0;1707,84;206,0;1860,94;1521,68;9,78;43,58;0,4007
10/02/2005;13.00.00;2,6;1334,54;-200,0;6,6;676,83;339,0;1734,62;-200,0;1717,05;1219,58;13,19;48,41;0,5822
10/02/2005;14.00.00;2,7;-200,0;-200,0;8,3;-200,0;285,0;-200,0;44,0;-200,0;-200,0;-200,0;-200,0;-200,0
10/02/2005;15.00.00;1,2;1051,31;-200,0;10,2;811,57;-200,0;2045,4;-200,0;1640,56;1063,24;12,77;44,83;0,5113
10/02/2005;16.00.00;-200,0;981,67;-200,0;5,3;603,31;228,0;1956,96;95,0;1234,26;961,56;8,16;36,24;0,2338
10/02/2005;17.00.00;2,3;1345,64;-200,0;9,5;825,2;555,0;1573,27;200,0;1882,04;1414,8;11,1;50,87;0,464
10/02/2005;18.00.00;3,9;1854,26;-200,0;21,3;1310,61;1479,0;636,54;243,0;2111,49;1707,86;11,72;56,76;0,6307
10/02/2005;19.00.00;7,7;2040,0;-200,0;18,9;1192,64;1479,0;447,76;340,0;2528,88;2275,77;8,76;52,45;0,4453
10/02/2005;20.00.00;-200,0;1747,78;-200,0;18,1;1141,81;489,0;1543,94;-200,0;2226,99;1956,09;6,49;58,04;0,47
10/02/2005;21.00.00;3,1;1569,25;-200,0;13,3;976,23;271,0;1874,24;179,0;1830,75;1296,3;8,99;62,56;0,5401
10/02/2005;22.00.00;2,0;1195,49;-200,0;5,3;648,66;386,0;1735,84;119,0;1674,12;1040,73;5,8;68,94;0,5491
10/02/2005;23.00.00;0,9;945,79;-200,0;5,3;606,25;160,0;2026,28;38,0;1228,59;557,32;3,82;72,18;0,4417
11/02/2005;00.00.00;2,2;1299,19;-200,0;5,9;672,04;98,0;2002,2;84,0;1376,81;936,34;3,94;79,82;0,408
11/02/2005;01.00.00;1,1;1084,32;-200,0;8,1;742,78;151,0;2001,86;64,0;1375,91;750,24;8,34;85,01;0,7294
11/02/2005;02.00.00;-200,0;1541,3;-200,0;4,4;586,96;-200,0;2086,0;63,0;1231,53;694,28;4,87;76,57;0,4076
11/02/2005;03.00.00;1,7;1214,52;-200,0;6,3;680,01;307,0;1900,15;117,0;1580,4;939,18;4,72;79,71;0,4591
11/02/2005;04.00.00;1,8;1232,08;-200,0;11,3;881,72;-200,0;1764,3;63,0;1243,69;718,12;3,44;85,15;0,4774
11/02/2005;05.00.00;1,5;1107,52;-200,0;5,9;660,71;513,0;1647,66;-200,0;1682,68;1210,09;3,4;71,74;0,3879
11/02/2005;06.00.00;2,9;1492,06;-200,0;13,6;976,73;560,0;1586,48;138,0;1620,1;1011,3;-0,93;66,13;0,2734
11/02/2005;07.00.00;-200,0;2040,0;-200,0;19,5;1204,07;463,0;1338,78;205,0;1835,63;1512,87;3,54;73,39;0,4004
11/02/2005;08.00.00;6,0;2040,0;-200,0;-200,0;818,2;1073,0;937,54;141,0;1666,76;1218,99;5,14;70,4;0,4126
11/02/2005;09.00.00;5,7;2040,0;-200,0;22,0;1325,11;-200,0;636,95;340,0;2556,19;2292,0;3,65;59,64;0,4475
11/02/2005;10.00.00;3,1;1594,37;-200,0;22,3;1310,74;805,0;1341,38;234,0;2037,37;1679,57;6,37;55,7;0,3804
11/02/2005;11.00.00;3,5;1693,41;-200,0;12,7;917,07;525,0;1596,46;130,0;1510,91;1088,59;5,93;50,45;0,2531
11/02/2005;12.00.00;2,5;1467,2;-200,0;9,3;801,48;317,0;1849,88;92,0;1423,63;851,62;10,85;46,19;0,4399
11/02/2005;13.00.00;2,1;1337,22;-200,0;10,6;882,42;177,0;1942,95;143,0;1704,36;1125,0;13,36;51,13;0,5366
11/02/2005;14.00.00;-200,0;1401,58;-200,0;13,3;945,54;510,0;1615,0;114,0;1492,56;1024,9;14,44;39,97;0,4508
11/02/2005;15.00.00;1,0;1061,37;-200,0;10,8;832,78;-200,0;1976,9;98,0;1503,31;889,53;13,22;43,93;0,5405
11/02/2005;16.00.00;2,2;1334,41;-200,0;7,7;727,88;446,0;1747,58;-200,0;1324,13;834,61;10,3;41,34;0,3733
11/02/2005;17.00.00;2,1;1259,69;-200,0;8,8;787,36;1175,0;936,88;-200,0;1728,68;1428,94;7,86;40,39;0,2733
11/02/2005;18.00.00;4,5;1947,22;-200,0;27,4;1529,51;914,0;1143,64;267,0;2191,68;1791,81;7,42;54,88;0,4592
11/02/2005;19.00.00;-200,0;1808,31;-200,0;16,5;1077,14;1182,0;816,06;340,0;2529,47;2180,26;7,36;51,66;0,4671
11/02/2005;20.00.00;3,4;1647,55;-200,0;17,6;1128,31;401,0;1726,57;161,0;1811,81;1232,79;6,91;59,54;0,4855
11/02/2005;21.00.00;-200,0;1191,58;-200,0;14,4;978,61;263,0;1848,16;118,0;1514,0;1004,13;7,08;55,72;0,3111
11/02/2005;22.00.00;2,5;1432,26;-200,0;11,6;856,18;317,0;1815,58;-200,0;1673,33;1195,04;4,07;64,2;0,3546
11/02/2005;23.00.00;1,0;-200,0;-200,0;8,8;-200,0;99,0;-200,0;65,0;-200,0;-200,0;-200,0;-200,0;-200,0
12/02/2005;00.00.00;-200,0;984,91;-200,0;4,7;601,04;-200,0;2102,76;57,0;1265,15;633,37;3,49;88,8;0,5337
12/02/2005;01.00.00;2,2;1241,71;-200,0;4,3;588,56;-200,0;2030,28;-200,0;1412,58;770,6;3,18;68,84;0,3982
12/02/2005;02.00.00;1,8;1195,8;-200,0;3,8;554,19;130,0;1971,71;121,0;1514,7;1056,16;4,94;79,51;0,4893
12/02/2005;03.00.00;0,8;-200,0;-200,0;14,3;-200,0;150,0;-200,0;53,0;-200,0;-200,0;-200,0;-200,0;-200,0
12/02/2005;04.00.00;2,8;1565,49;-200,0;6,8;715,68;287,0;1773,68;172,0;1806,29;1352,71;3,5;77,44;0,5767
12/02/2005;05.00.00;3,4;1728,16;-200,0;-200,0;862,28;144,0;1980,21;95,0;1475,5;950,17;3,14;82,97;0,4994
12/02/2005;06.00.00;4,0;1851,79;-200,0;11,6;887,02;500,0;1636,29;130,0;1600,15;1113,91;3,29;71,53;0,4659
12/02/2005;07.00.00;4,0;1896,7;-200,0;12,9;959,68;253,0;1774,5;-200,0;1844,81;1266,6;6,76;72,9;0,5565
12/02/2005;08.00.00;-200,0;1520,74;-200,0;17,2;1119,75;-200,0;1825,31;340,0;2529,33;2215,03;7,96;65,18;0,5396
12/02/2005;09.00.00;-200,0;1858,75;-200,0;12,5;920,7;621,0;1485,11;316,0;2456,69;2148,15;5,6;69,23;0,4864
12/02/2005;10.00.00;2,0;1312,37;-200,0;24,3;1400,57;440,0;1805,82;167,0;1735,21;1398,57;8,42;55,09;0,4119
12/02/2005;11.00.00;1,8;1173,22;-200,0;10,7;846,79;376,0;1853,12;87,0;1378,26;756,88;10,56;52,37;0,4339
12/02/2005;12.00.00;1,4;1136,54;-200,0;15,9;1061,83;144,0;2016,27;-200,0;1445,81;948,35;10,48;55,13;0,5533
12/02/2005;13.00.00;1,5;1207,2;-200,0;7,0;732,63;245,0;1955,35;61,0;1276,9;653,28;12,99;42,4;0,4899
12/02/2005;14.00.00;-200,0;1287,6;-200,0;6,9;709,05;94,0;2025,74;115,0;1529,11;907,73;12,89;46,09;0,5657
12/02/2005;15.00.00;1,5;1127,73;-200,0;4,8;617,83;73,0;2133,38;67,0;1326,83;762,76;16,16;36,02;0,5321
12/02/2005;16.00.00;1,6;1194,69;-200,0;7,6;705,9;468,0;1639,11;93,0;1379,93;806,97;9,26;40,31;0,3208
12/02/2005;17.00.00;2,4;1409,19;-200,0;7,8;748,82;-200,0;1596,22;-200,0;1904,78;1403,53;11,58;49,46;0,5698
12/02/2005;18.00.00;6,2;2040,0;-200,0;21,1;1280,97;494,0;1452,49;-200,0;2157,51;1931,81;9,21;45,45;0,4443
12/02/2005;19.00.00;8,8;2040,0;-200,0;21,6;1307,4;-200,0;1598,82;257,0;2181,42;1720,7;11,2;51,41;0,5555
12/02/2005;20.00.00;3,0;1540,47;-200,0;30,3;1677,3;-200,0;1695,63;148,0;1758,31;1162,06;5,55;60,94;0,542
12/02/2005;21.00.00;2,6;1431,6;-200,0;6,3;667,79;-200,0;1764,82;142,0;1697,37;1141,16;8,19;60,24;0,6061
12/02/2005;22.00.00;-200,0;1036,34;-200,0;10,2;802,98;127,0;2063,78;56,0;1283,6;642,79;4,94;71,91;0,5212
12/02/2005;23.00.00;1,6;1142,78;-200,0;3,3;569,79;203,0;1949,3;64,0;1317,13;721,51;3,53;73,21;0,4793
13/02/2005;00.00.00;0,9;919,54;-200,0;4,5;583,58;106,0;2084,26;30,0;1210,91;546,44;1,17;77,91;0,4634
13/02/2005;01.00.00;-200,0;967,17;-200,0;2,8;517,51;63,0;2060,14;73,0;1349,31;708,89;2,33;84,8;0,4531
13/02/2005;02.00.00;2,5;1402,05;-200,0;5,2;643,23;55,0;2019,46;59,0;1397,38;790,38;4,93;81,99;0,5263
13/02/2005;03.00.00;-200,0;-200,0;-200,0;2,1;-200,0;178,0;-200,0;61,0;-200,0;-200,0;-200,0;-200,0;-200,0
13/02/2005;04.00.00;0,6;893,03;-200,0;4,6;598,18;198,0;1983,19;76,0;1360,5;760,64;4,02;84,95;0,4982
13/02/2005;05.00.00;2,0;1266,57;-200,0;6,8;691,05;218,0;1969,3;71,0;1282,55;748,11;6,59;75,98;0,6029
13/02/2005;06.00.00;1,6;1217,75;-200,0;15,6;1050,22;406,0;1754,3;91,0;1429,45;885,19;4,59;82,2;0,5514
13/02/2005;07.00.00;1,9;1310,4;-200,0;5,0;613,42;356,0;1752,23;188,0;1860,96;1428,26;3,98;73,33;0,4228
13/02/2005;08.00.00;8,0;2040,0;-200,0;14,9;1022,34;417,0;1511,99;230,0;2018,22;1682,32;7,24;65,69;0,5181
13/02/2005;09.00.00;4,0;1831,52;-200,0;12,3;903,33;556,0;1516,44;207,0;1901,12;1510,06;6,51;64,4;0,5484
13/02/2005;10.00.00;2,4;1410,6;-200,0;5,5;633,39;-200,0;1615,97;-200,0;1664,71;1168,51;7,88;63,91;0,5283
13/02/2005;11.00.00;1,5;1100,38;-200,0;5,4;615,59;279,0;1938,3;-200,0;1312,81;751,88;7,06;56,28;0,4419
13/02/2005;12.00.00;-200,0;1307,53;-200,0;5,8;673,51;173,0;1995,12;111,0;1611,86;980,65;12,98;59,39;0,689
13/02/2005;13.00.00;0,8;990,02;-200,0;7,6;723,72;231,0;1945,26;54,0;1285,52;707,6;11,15;52,85;0,5569
13/02/2005;14.00.00;1,2;1090,69;-200,0;6,1;683,04;-200,0;2007,85;119,0;1511,67;1017,51;12,79;48,24;0,5231
13/02/2005;15.00.00;-200,0;1084,05;-200,0;3,5;527,12;-200,0;2026,14;-200,0;1426,82;793,45;10,52;39,88;0,4047
13/02/2005;16.00.00;1,7;1209,34;-200,0;3,3;532,76;166,0;1913,62;108,0;1466,44;943,57;13,3;44,72;0,4639
13/02/2005;17.00.00;1,9;1268,37;-200,0;10,7;847,58;205,0;1915,9;-200,0;1561,92;1033,77;10,4;47,78;0,4204
13/02/2005;18.00.00;2,1;1327,52;-200,0;12,0;892,81;330,0;1801,68;137,0;1692,28;1136,94;10,85;53,76;0,4992
13/02/2005;19.00.00;-200,0;1913,82;-200,0;26,9;1492,63;275,0;1712,06;218,0;2033,83;1642,4;11,85;57,19;0,6271
13/02/2005;20.00.00;1,5;1108,7;-200,0;10,8;856,64;498,0;1619,28;87,0;1536,41;887,13;10,47;59,2;0,5809
13/02/2005;21.00.00;-200,0;1205,87;-200,0;12,6;923,36;224,0;2025,8;75,0;1331,87;778,14;7,55;63,61;0,504
13/02/2005;22.00.00;1,1;1006,18;-200,0;6,3;686,51;156,0;2082,17;-200,0;1245,08;674,59;2,76;71,27;0,4518
13/02/2005;23.00.00;1,5;1138,47;-200,0;5,5;657,23;-200,0;2008,55;30,0;1260,35;504,99;11,08;67,71;0,6999
14/02/2005;00.00.00;1,1;1034,35;-200,0;6,1;695,84;82,0;2045,23;73,0;1370,47;676,5;7,66;84,08;0,6652
14/02/2005;01.00.00;1,7;1197,83;-200,0;7,2;729,61;249,0;1920,74;102,0;1435,58;992,75;4,81;68,23;0,4063
14/02/2005;02.00.00;1,8;1206,17;-200,0;2,9;528,37;155,0;1961,41;-200,0;1221,3;684,23;1,36;87,54;0,4251
14/02/2005;03.00.00;0,9;954,22;-200,0;7,3;727,73;172,0;2002,77;78,0;1340,99;805,74;2,47;80,65;0,3896
14/02/2005;04.00.00;2,0;1194,44;-200,0;7,0;717,25;252,0;1880,6;95,0;1495,11;871,26;1,78;85,28;0,4742
14/02/2005;05.00.00;1,2;1107,6;-200,0;16,7;1093,38;295,0;1849,19;-200,0;1564,48;1053,34;5,9;80,28;0,5357
14/02/2005;06.00.00;-200,0;-200,0;-200,0;8,9;-200,0;1034,0;-200,0;189,0;-200,0;-200,0;-200,0;-200,0;-200,0
14/02/2005;07.00.00;-200,0;1557,34;-200,0;17,2;1115,56;677,0;1400,49;-200,0;1852,11;1407,89;3,63;74,65;0,4568
14/02/2005;08.00.00;7,8;2040,0;-200,0;35,6;1850,27;598,0;1302,48;-200,0;2542,79;2252,23;5,46;71,58;0,5538
14/02/2005;09.00.00;4,9;2040,0;-200,0;29,6;1618,02;1479,0;571,87;297,0;2403,25;1932,32;9,94;61,23;0,6195
14/02/2005;10.00.00;3,0;1601,32;-200,0;20,9;1273,32;271,0;1765,76;177,0;1912,79;1398,03;12,19;63,39;0,6808
14/02/2005;11.00.00;4,3;1947,37;-200,0;20,8;1278,11;298,0;1818,66;162,0;1781,42;1360,37;13,26;48,45;0,6213
14/02/2005;12.00.00;1,8;1219,16;-200,0;12,3;897,56;230,0;1933,42;82,0;1347,4;851,94;12,75;50,12;0,4588
14/02/2005;13.00.00;3,0;1575,96;-200,0;8,1;767,2;258,0;1826,58;-200,0;1555,35;902,43;11,52;51,47;0,6261
14/02/2005;14.00.00;-200,0;1325,93;-200,0;5,6;625,58;269,0;1878,09;96,0;1462,14;796,43;6,05;50,46;0,402
14/02/2005;15.00.00;1,7;1254,27;-200,0;10,5;847,5;267,0;1866,02;81,0;1454,11;837,66;13,29;47,18;0,5498
14/02/2005;16.00.00;1,4;1158,17;-200,0;7,7;731,83;317,0;1949,5;256,0;2168,64;1791,93;12,53;43,52;0,4345
14/02/2005;17.00.00;4,9;2040,0;-200,0;13,9;946,62;537,0;1626,04;255,0;2146,08;1750,25;12,31;51,77;0,5403
14/02/2005;18.00.00;-200,0;2040,0;-200,0;33,7;1770,79;605,0;1489,63;262,0;2167,82;1850,25;11,34;46,8;0,5089
14/02/2005;19.00.00;3,9;1854,77;-200,0;23,6;1379,28;-200,0;919,44;323,0;2468,73;2205,47;7,55;62,63;0,5344
14/02/2005;20.00.00;4,6;1999,62;-200,0;18,1;1149,92;300,0;1712,02;277,0;2286,89;1946,5;10,11;57,79;0,58
14/02/2005;21.00.00;4,0;1870,52;-200,0;12,0;887,5;122,0;1839,43;180,0;1820,48;1392,83;8,96;55,18;0,4488
14/02/2005;22.00.00;1,8;1258,33;-200,0;-200,0;705,79;253,0;1948,08;139,0;1602,61;1192,3;7,77;61,56;0,4549
14/02/2005;23.00.00;-200,0;1133,55;-200,0;3,7;563,95;108,0;2017,94;-200,0;1443,16;821,68;7,09;72,09;0,5717
15/02/2005;00.00.00;1,9;1250,49;-200,0;9,8;825,59;245,0;1894,34;31,0;1157,99;575,79;5,48;76,17;0,5728
15/02/2005;01.00.00;-200,0;1384,68;-200,0;4,9;619,21;221,0;1910,44;89,0;1475,78;829,92;2,66;88,18;0,5127
15/02/2005;02.00.00;1,6;1163,69;-200,0;9,4;799,29;218,0;1957,76;60,0;1295,97;648,92;2,84;74,94;0,5149
15/02/2005;03.00.00;1,1;1055,6;-200,0;5,4;643,09;-200,0;2016,28;75,0;1373,57;797,28;2,99;80,94;0,4827
15/02/2005;04.00.00;-200,0;1084,0;-200,0;11,1;857,17;-200,0;1824,66;138,0;1624,27;1150,64;3,19;74,83;0,4508
15/02/2005;05.00.00;1,7;1245,47;-200,0;11,0;880,15;226,0;1908,44;63,0;1288,21;692,08;5,47;75,87;0,5654
15/02/2005;06.00.00;-200,0;1334,88;-200,0;13,1;945,23;355,0;1770,13;249,0;2240,48;1792,38;5,56;83,89;0,6524
15/02/2005;07.00.00;2,1;1326,67;-200,0;-200,0;1257,63;458,0;1727,62;273,0;2235,44;1881,56;9,46;66,06;0,5322
15/02/2005;08.00.00;9,8;2040,0;-200,0;30,7;1653,85;815,0;1017,94;319,0;2506,02;2068,55;10,93;70,34;0,6446
15/02/2005;09.00.00;6,2;2040,0;-200,0;24,2;1362,17;661,0;1310,76;340,0;2490,0;2275,46;7,97;64,71;0,518
15/02/2005;10.00.00;3,3;1648,6;-200,0;18,3;1142,25;817,0;1297,13;310,0;2373,53;2022,5;1,43;57,96;0,4679
15/02/2005;11.00.00;-200,0;1541,86;-200,0;17,0;1128,75;-200,0;1655,97;162,0;1773,94;1114,75;12,78;56,34;0,617
15/02/2005;12.00.00;-200,0;1082,25;-200,0;7,2;725,44;234,0;1926,18;-200,0;1670,72;1218,68;10,26;44,21;0,4162
15/02/2005;13.00.00;3,3;1659,49;-200,0;6,1;642,61;213,0;1819,29;81,0;1432,95;839,55;10,53;55,43;0,5695
15/02/2005;14.00.00;1,0;1065,31;-200,0;9,7;809,87;136,0;1979,09;132,0;1687,15;1072,2;11,84;54,98;0,6287
15/02/2005;15.00.00;2,3;1285,69;-200,0;4,1;557,99;-200,0;1988,05;119,0;1642,03;1016,33;11,91;44,98;0,485
15/02/2005;16.00.00;-200,0;1079,72;-200,0;5,4;654,83;393,0;1794,62;180,0;1982,99;1335,97;13,86;57,47;0,7452
15/02/2005;17.00.00;-200,0;1402,69;-200,0;30,3;1617,25;354,0;1714,96;-200,0;1826,09;1371,56;9,02;45,16;0,3388
15/02/2005;18.00.00;6,9;2040,0;-200,0;40,3;2037,57;371,0;1584,73;270,0;2160,85;1833,71;9,19;52,02;0,4257
15/02/2005;19.00.00;2,8;1498,49;-200,0;20,7;1269,99;863,0;1310,13;209,0;2039,12;1422,34;10,99;60,9;0,6672
15/02/2005;20.00.00;4,0;1833,58;-200,0;31,2;1697,43;435,0;1557,98;234,0;2154,05;1706,98;10,35;55,79;0,5362
15/02/2005;21.00.00;3,5;1660,35;-200,0;19,7;1234,71;344,0;1691,53;179,0;1807,67;1342,34;9,09;55,83;0,4318
15/02/2005;22.00.00;2,0;1222,06;-200,0;8,9;803,4;-200,0;1955,64;105,0;1431,59;877,54;4,94;59,34;0,3355
15/02/2005;23.00.00;1,4;1088,13;-200,0;5,2;644,88;162,0;1928,66;105,0;1506,2;926,66;3,35;82,05;0,4591
16/02/2005;00.00.00;1,5;1074,32;-200,0;6,6;683,8;123,0;1918,02;69,0;1251,83;672,73;3,37;72,69;0,4433
16/02/2005;01.00.00;1,2;1107,16;-200,0;8,1;723,87;175,0;1994,99;-200,0;1384,36;723,74;4,07;77,26;0,5169
16/02/2005;02.00.00;3,2;1633,03;-200,0;8,9;768,94;-200,0;1897,89;-200,0;1417,63;746,13;6,06;74,43;0,5258
16/02/2005;03.00.00;-200,0;970,26;-200,0;4,4;576,27;221,0;1958,04;75,0;1290,02;829,43;-1,18;85,35;0,4007
16/02/2005;04.00.00;3,0;1569,92;-200,0;19,5;1206,62;124,0;2005,04;153,0;1644,25;1281,11;2,65;76,08;0,42
16/02/2005;05.00.00;-200,0;1394,0;-200,0;25,6;1476,34;692,0;1404,19;91,0;1418,04;855,53;0,92;75,74;0,4525
16/02/2005;06.00.00;3,4;1641,41;-200,0;6,3;664,19;-200,0;1709,22;-200,0;1620,05;1076,28;1,08;76,83;0,5288
16/02/2005;07.00.00;-200,0;2040,0;-200,0;23,2;1331,03;1074,0;1027,48;149,0;1679,07;1183,01;7,35;66,28;0,5057
16/02/2005;08.00.00;6,2;2040,0;-200,0;56,9;2214,0;652,0;1300,77;294,0;2324,38;2192,19;7,71;66,37;0,5625
16/02/2005;09.00.00;3,9;1870,93;-200,0;38,4;1995,7;472,0;1507,37;340,0;2561,87;2220,76;8,82;69,61;0,6263
16/02/2005;10.00.00;3,5;1716,4;-200,0;28,6;1595,32;436,0;1589,97;-200,0;2578,06;2333,22;11,05;60,09;0,6102
16/02/2005;11.00.00;1,7;1158,73;-200,0;7,9;756,97;357,0;1903,05;147,0;1730,1;1222,09;9,46;54,26;0,525
16/02/2005;12.00.00;2,1;1360,01;-200,0;14,9;1003,56;276,0;1841,12;-200,0;1462,63;949,92;10,59;50,95;0,5207
16/02/2005;13.00.00;2,4;1412,46;-200,0;10,9;880,1;562,0;1615,05;-200,0;1352,12;685,66;16,62;45,07;0,6136
16/02/2005;14.00.00;2,5;1443,55;-200,0;12,2;922,61;162,0;1947,71;109,0;1558,76;949,96;12,25;55,2;0,6632
16/02/2005;15.00.00;2,2;1359,22;-200,0;5,9;673,83;172,0;1868,81;98,0;1489,1;862,55;14,39;40,54;0,5107
16/02/2005;16.00.00;1,2;1025,88;-200,0;6,8;681,0;358,0;1834,91;114,0;1548,33;1004,78;12,76;46,27;0,4975
16/02/2005;17.00.00;2,6;1439,09;-200,0;14,4;1002,4;-200,0;1868,89;271,0;2237,47;1860,26;8,55;47,59;0,5297
16/02/2005;18.00.00;3,5;1679,75;-200,0;19,3;1185,14;607,0;1571,06;291,0;2325,78;1996,32;7,36;54,92;0,4298
16/02/2005;19.00.00;-200,0;1609,22;-200,0;24,1;1402,47;758,0;1319,16;245,0;2062,99;1713,09;9,26;59,12;0,5425
16/02/2005;20.00.00;3,2;1670,9;-200,0;17,7;1172,95;706,0;1479,39;175,0;1857,61;1347,2;11,32;57,78;0,5988
16/02/2005;21.00.00;2,8;1486,06;-200,0;12,3;900,73;410,0;1775,51;101,0;1436,23;982,26;9,49;64,06;0,5762
16/02/2005;22.00.00;2,8;1497,99;-200,0;5,8;659,15;426,0;1618,08;73,0;1406,11;709,1;8,45;68,91;0,6088
16/02/2005;23.00.00;0,9;1013,3;-200,0;5,3;642,06;85,0;2112,53;69,0;1288,26;754,8;3,44;60,24;0,3269
17/02/2005;00.00.00;-200,0;945,89;-200,0;3,0;543,56;90,0;2063,19;30,0;1160,36;489,01;7,73;67,24;0,5759
17/02/2005;01.00.00;1,2;1027,79;-200,0;7,3;695,41;183,0;2031,39;65,0;1352,06;688,38;1,77;75,03;0,3228
17/02/2005;02.00.00;1,8;1244,13;-200,0;7,7;728,31;186,0;1968,72;-200,0;1476,93;1040,88;3,63;77,04;0,413
17/02/2005;03.00.00;2,8;1526,29;-200,0;4,9;617,33;230,0;1879,29;64,0;1361,06;787,84;3,01;74,47;0,5345
17/02/2005;04.00.00;1,9;1205,04;-200,0;14,9;1042,02;127,0;1983,22;95,0;1412,9;869,2;2,85;83,6;0,4295
17/02/2005;05.00.00;1,3;1071,84;-200,0;7,5;727,99;664,0;1542,11;83,0;1372,67;792,51;6,38;78,06;0,4828
17/02/2005;06.00.00;1,8;1139,93;-200,0;20,3;1240,11;417,0;1670,2;-200,0;1292,09;681,1;3,08;74,12;0,3818
17/02/2005;07.00.00;4,1;1897,21;-200,0;21,6;1274,82;-200,0;1822,9;-200,0;1827,26;1325,67;2,83;65,18;0,4703
17/02/2005;08.00.00;7,3;2040,0;-200,0;38,1;1948,87;941,0;1053,71;203,0;1867,98;1475,66;6,78;66,9;0,4212
17/02/2005;09.00.00;-200,0;2040,0;-200,0;28,0;1537,11;460,0;1397,1;-200,0;2464,17;2295,45;7,23;49,33;0,3402
17/02/2005;10.00.00;2,6;1478,59;-200,0;24,1;1410,78;790,0;1304,16;249,0;2256,65;1887,45;16,08;56,99;0,707
17/02/2005;11.00.00;3,0;1556,72;-200,0;19,8;1227,87;209,0;1839,38;107,0;1589,96;989,24;11,88;53,78;0,555
17/02/2005;12.00.00;-200,0;-200,0;-200,0;22,8;-200,0;441,0;-200,0;185,0;-200,0;-200,0;-200,0;-200,0;-200,0
17/02/2005;13.00.00;1,6;1090,83;-200,0;14,9;1016,56;154,0;1950,21;139,0;1535,35;1191,21;10,25;39,05;0,3486
17/02/2005;14.00.00;1,4;1141,28;-200,0;10,7;869,73;154,0;2010,74;93,0;1387,19;860,45;9,1;46,2;0,5026
17/02/2005;15.00.00;1,7;1148,69;-200,0;5,2;615,99;-200,0;1885,38;108,0;1470,61;885,8;10,98;39,25;0,3323
17/02/2005;16.00.00;1,6;1102,55;-200,0;4,1;614,64;-200,0;1923,37;84,0;1419,52;870,4;13,09;41,01;0,4624
17/02/2005;17.00.00;7,4;2040,0;-200,0;14,4;993,79;-200,0;1572,96;76,0;1384,46;848,14;15,22;50,46;0,6723
17/02/2005;18.00.00;3,8;1782,1;-200,0;17,0;1107,91;324,0;1689,12;251,0;2298,18;1862,07;13,81;59,8;0,6637
17/02/2005;19.00.00;7,1;2040,0;-200,0;-200,0;1204,72;620,0;1302,26;-200,0;1805,18;1384,44;10,99;53,72;0,5615
17/02/2005;20.00.00;3,4;1653,47;-200,0;20,6;1253,65;-200,0;1306,98;217,0;1942,39;1533,12;8,68;53,72;0,4438
17/02/2005;21.00.00;-200,0;2040,0;-200,0;17,0;1109,33;777,0;1257,24;167,0;1744,88;1307,41;8,57;63,41;0,5623
17/02/2005;22.00.00;1,9;1212,93;-200,0;5,9;640,61;261,0;1896,85;45,0;1258,95;572,39;5,7;71,82;0,5057
17/02/2005;23.00.00;1,8;1255,62;-200,0;7,5;759,29;164,0;2040,67;65,0;1397,85;764,81;8,97;74,57;0,5533
18/02/2005;00.00.00;1,1;1038,37;-200,0;5,3;633,25;58,0;2078,71;77,0;1472,9;821,24;4,23;88,76;0,6386
18/02/2005;01.00.00;2,0;1317,93;-200,0;6,1;641,61;140,0;1970,38;35,0;1207,26;586,59;3,64;74,33;0,5651
18/02/2005;02.00.00;1,8;1196,16;-200,0;14,1;985,92;129,0;2050,47;98,0;1401,69;882,29;-1,11;80,96;0,3547
18/02/2005;03.00.00;1,6;1147,67;-200,0;8,5;764,7;105,0;2035,86;-200,0;1742,0;1255,05;2,76;88,06;0,4704
18/02/2005;04.00.00;-200,0;1162,91;-200,0;8,8;774,95;134,0;1977,25;92,0;1520,74;792,15;4,99;87,13;0,6671
18/02/2005;05.00.00;2,0;1264,24;-200,0;12,5;909,38;351,0;1731,58;144,0;1678,21;1118,87;1,68;68,15;0,4653
18/02/2005;06.00.00;2,4;1375,39;-200,0;25,6;1444,67;272,0;1803,1;104,0;1455,02;938,29;3,11;75,03;0,4411
18/02/2005;07.00.00;-200,0;2040,0;-200,0;18,7;1162,15;281,0;1783,01;281,0;2309,98;1873,6;7,23;78,74;0,6084
18/02/2005;08.00.00;4,7;1995,45;-200,0;30,8;1668,43;556,0;1493,04;335,0;2567,84;2230,72;3,9;81,43;0,5104
18/02/2005;09.00.00;2,6;1456,39;-200,0;25,1;1442,74;-200,0;1326,21;307,0;2356,9;2097,35;10,26;65,84;0,5451
18/02/2005;10.00.00;4,9;2040,0;-200,0;-200,0;1170,57;402,0;1624,97;224,0;2047,04;1565,36;8,38;55,82;0,4582
18/02/2005;11.00.00;-200,0;1997,22;-200,0;11,2;858,79;218,0;1784,14;-200,0;1875,67;1254,26;9,87;48,27;0,5354
18/02/2005;12.00.00;1,3;1081,93;-200,0;8,9;766,5;196,0;1842,52;120,0;1562,8;1036,92;9,43;60,68;0,5415
18/02/2005;13.00.00;4,1;1799,37;-200,0;18,9;1186,58;371,0;1611,02;81,0;1393,08;824,46;13,23;50,37;0,5273
18/02/2005;14.00.00;-200,0;1661,33;-200,0;7,3;731,9;-200,0;2033,34;96,0;1519,45;914,37;17,9;40,69;0,6458
18/02/2005;15.00.00;1,6;1144,66;-200,0;4,8;619,58;197,0;1984,81;96,0;1460,02;931,86;14,71;43,3;0,5119
18/02/2005;16.00.00;-200,0;1097,06;-200,0;10,7;858,56;252,0;1973,64;78,0;1365,36;829,49;11,25;46,48;0,4691
18/02/2005;17.00.00;4,5;2007,66;-200,0;22,3;1327,9;-200,0;1748,73;-200,0;1775,09;1326,18;14,75;49,45;0,5607
18/02/2005;18.00.00;-200,0;1487,82;-200,0;35,6;1844,63;411,0;1731,73;239,0;2033,25;1760,53;11,05;45,09;0,4007
18/02/2005;19.00.00;4,0;1876,01;-200,0;16,2;1080,0;1074,0;962,96;236,0;2156,5;1526,84;13,4;50,25;0,6206
18/02/2005;20.00.00;2,7;1485,74;-200,0;32,4;1695,19;884,0;1182,26;260,0;2231,43;1803,55;11,05;49,39;0,5017
18/02/2005;21.00.00;2,8;1502,51;-200,0;28,9;1572,94;-200,0;1787,68;-200,0;1729,84;1305,65;2,26;67,52;0,3433
18/02/2005;22.00.00;2,8;1526,19;-200,0;5,7;649,42;147,0;1959,83;68,0;1264,8;729,86;4,84;65,27;0,445
18/02/2005;23.00.00;-200,0;1226,31;-200,0;5,0;615,67;-200,0;2017,65;64,0;1385,97;690,93;7,54;73,65;0,5604
19/02/2005;00.00.00;1,7;1252,49;-200,0;2,9;549,76;120,0;1996,23;70,0;1354,8;786,66;5,03;82,01;0,5194
19/02/2005;01.00.00;-200,0;1053,51;-200,0;10,5;845,52;114,0;2127,51;43,0;1151,74;521,87;1,89;78,86;0,4933
19/02/2005;02.00.00;-200,0;1076,59;-200,0;3,4;563,32;168,0;1943,0;40,0;1235,4;505,24;2,17;78,99;0,4834
19/02/2005;03.00.00;1,0;1059,05;-200,0;5,8;620,17;141,0;2092,88;-200,0;1179,37;642,24;-0,55;81,14;0,3779
19/02/2005;04.00.00;1,7;1180,11;-200,0;10,1;827,42;50,0;2087,4;100,0;1456,14;944,82;3,26;79,87;0,4906
19/02/2005;05.00.00;-200,0;1188,31;-200,0;-200,0;707,42;198,0;1862,72;-200,0;1478,84;795,23;8,36;83,99;0,71
19/02/2005;06.00.00;2,2;1360,44;-200,0;7,3;715,18;369,0;1791,45;79,0;1399,61;831,93;6,34;76,45;0,5917
19/02/2005;07.00.00;2,9;1553,03;-200,0;15,1;1029,92;420,0;1681,01;254,0;2247,57;1768,01;10,15;68,45;0,609
19/02/2005;08.00.00;3,7;1775,39;-200,0;51,6;2214,0;663,0;1402,06;156,0;1864,5;1314,63;8,74;72,07;0,6677
19/02/2005;09.00.00;8,7;2040,0;-200,0;19,0;1192,02;515,0;1367,07;217,0;2117,33;1592,02;10,32;68,32;0,6726
19/02/2005;10.00.00;6,0;2040,0;-200,0;14,5;1027,6;391,0;1474,05;218,0;2067,07;1470,99;13,51;50,82;0,5813
19/02/2005;11.00.00;3,9;1790,87;-200,0;7,3;728,45;312,0;1756,46;152,0;1742,01;1227,7;11,52;60,83;0,6045
19/02/2005;12.00.00;3,8;1775,8;-200,0;10,6;858,1;528,0;1551,91;116,0;1672,87;995,85;11,43;51,26;0,5689
19/02/2005;13.00.00;3,1;1595,16;-200,0;11,6;896,94;296,0;1879,97;75,0;1421,89;812,49;14,66;48,0;0,5951
19/02/2005;14.00.00;1,7;1249,05;-200,0;6,0;692,21;254,0;1994,82;102,0;1593,91;1009,69;16,0;49,81;0,6436
19/02/2005;15.00.00;1,6;1145,48;-200,0;-200,0;786,81;197,0;1936,06;83,0;1341,36;886,71;12,31;41,33;0,4296
19/02/2005;16.00.00;-200,0;1333,49;-200,0;6,8;681,51;122,0;2045,69;108,0;1605,76;951,72;11,65;49,55;0,555
19/02/2005;17.00.00;-200,0;1382,52;-200,0;6,0;676,98;547,0;1644,03;212,0;1862,28;1558,23;12,87;44,7;0,4222
19/02/2005;18.00.00;-200,0;1410,83;-200,0;21,2;1260,7;713,0;1426,52;134,0;1538,55;1089,89;13,46;42,06;0,473
19/02/2005;19.00.00;4,5;2005,96;-200,0;44,9;2214,0;655,0;1407,72;253,0;2232,32;1763,97;12,36;48,18;0,5785
19/02/2005;20.00.00;-200,0;1304,47;-200,0;10,8;838,11;456,0;1669,82;-200,0;1827,05;1401,0;6,71;60,34;0,4504
19/02/2005;21.00.00;2,4;1419,94;-200,0;11,6;870,31;356,0;1705,27;-200,0;1791,17;1305,69;12,09;57,44;0,629
19/02/2005;22.00.00;1,1;1048,27;-200,0;10,4;842,7;138,0;2076,37;127,0;1630,5;1035,99;5,69;74,88;0,5869
19/02/2005;23.00.00;1,2;1090,49;-200,0;4,5;634,94;142,0;1974,52;-200,0;1485,13;877,28;5,24;77,11;0,5769
20/02/2005;00.00.00;1,1;1054,37;-200,0;2,3;498,66;57,0;2089,57;59,0;1350,13;674,46;3,05;81,41;0,4638
20/02/2005;01.00.00;1,0;1011,95;-200,0;4,4;593,95;42,0;2168,02;41,0;1302,47;706,88;9,45;78,23;0,7033
20/02/2005;02.00.00;-200,0;909,48;-200,0;8,4;754,71;64,0;2049,1;48,0;1211,76;554,07;4,04;80,69;0,5599
20/02/2005;03.00.00;-200,0;980,81;-200,0;4,4;568,58;129,0;2029,0;76,0;1351,62;767,94;1,69;74,05;0,45
20/02/2005;04.00.00;1,7;1196,55;-200,0;6,4;704,06;121,0;2082,74;44,0;1233,26;631,62;5,29;84,38;0,58
20/02/2005;05.00.00;1,3;1059,49;-200,0;4,3;630,07;147,0;1946,08;68,0;1346,19;746,76;5,6;79,5;0,5593
20/02/2005;06.00.00;2,2;1339,17;-200,0;7,6;727,39;114,0;1984,68;-200,0;1357,68;732,88;4,48;77,58;0,5227
20/02/2005;07.00.00;2,4;1448,26;-200,0;12,8;935,74;-200,0;1735,46;84,0;1529,5;809,65;7,57;79,46;0,7071
20/02/2005;08.00.00;2,8;1548,55;-200,0;15,4;1033,12;255,0;1888,23;175,0;1833,71;1392,9;5,44;63,64;0,4987
20/02/2005;09.00.00;3,4;1726,42;-200,0;12,5;911,17;489,0;1685,42;-200,0;1982,44;1468,07;7,4;61,38;0,5228
20/02/2005;10.00.00;1,9;1237,25;-200,0;13,3;952,08;163,0;2023,56;151,0;1687,94;1216,97;5,66;58,99;0,3648
20/02/2005;11.00.00;2,1;1316,93;-200,0;10,6;856,3;145,0;1993,64;95,0;1421,16;854,94;8,24;48,34;0,392
20/02/2005;12.00.00;1,4;1171,81;-200,0;9,1;822,47;112,0;2029,69;69,0;1417,13;713,88;15,54;48,35;0,6292
20/02/2005;13.00.00;3,6;1760,13;-200,0;5,7;651,73;-200,0;1905,42;60,0;1326,81;668,09;16,0;48,89;0,7368
20/02/2005;14.00.00;1,0;1024,7;-200,0;4,7;596,88;114,0;2082,59;-200,0;1480,77;835,47;13,35;43,0;0,4862
20/02/2005;15.00.00;1,2;1134,45;-200,0;12,0;929,1;159,0;1943,03;55,0;1367,31;653,76;16,71;50,56;0,7815
20/02/2005;16.00.00;-200,0;1115,98;-200,0;6,8;688,32;252,0;1856,47;61,0;1222,05;706,26;12,9;37,07;0,3891
20/02/2005;17.00.00;1,2;1020,33;-200,0;8,2;753,87;487,0;1616,83;115,0;1576,84;1031,45;12,23;52,04;0,5379
20/02/2005;18.00.00;3,4;1681,99;-200,0;7,2;714,66;-200,0;1720,17;103,0;1491,9;952,71;12,04;52,59;0,5856
20/02/2005;19.00.00;2,6;1432,12;-200,0;10,1;836,59;244,0;1853,63;163,0;1758,34;1271,99;10,64;50,17;0,5691
20/02/2005;20.00.00;-200,0;1082,38;-200,0;9,5;812,31;545,0;1664,84;114,0;1589,97;995,67;9,25;52,73;0,4617
20/02/2005;21.00.00;-200,0;1324,07;-200,0;9,5;798,76;-200,0;1801,6;-200,0;1360,51;775,14;10,68;51,61;0,3778
20/02/2005;22.00.00;1,0;-200,0;-200,0;4,4;-200,0;112,0;-200,0;53,0;-200,0;-200,0;-200,0;-200,0;-200,0
20/02/2005;23.00.00;-200,0;988,66;-200,0;4,0;606,09;144,0;2018,0;58,0;1323,24;691,5;7,31;76,25;0,6178
21/02/2005;00.00.00;-200,0;1169,61;-200,0;3,0;542,65;135,0;2064,02;62,0;1284,13;621,1;7,04;74,31;0,5035
21/02/2005;01.00.00;1,3;1095,75;-200,0;10,2;853,92;70,0;2014,09;74,0;1246,96;709,57;4,96;83,26;0,5211
21/02/2005;02.00.00;1,4;1171,01;-200,0;5,2;613,29;129,0;2024,08;99,0;1471,92;907,89;1,74;76,15;0,4167
21/02/2005;03.00.00;4,2;1867,93;-200,0;8,6;752,65;159,0;1869,61;108,0;1432,21;978,98;0,81;83,39;0,305
21/02/2005;04.00.00;0,9;952,88;-200,0;7,3;693,39;-200,0;1970,87;-200,0;1406,56;788,07;3,98;75,66;0,4616
21/02/2005;05.00.00;-200,0;1157,72;-200,0;9,0;790,51;178,0;1951,31;-200,0;1680,42;1128,04;3,84;72,62;0,3987
21/02/2005;06.00.00;1,8;1289,76;-200,0;9,5;807,58;228,0;1968,8;135,0;1523,02;1067,94;5,15;74,05;0,4334
21/02/2005;07.00.00;7,1;2040,0;-200,0;21,1;1276,47;-200,0;970,81;-200,0;2139,2;1727,99;5,98;67,53;0,4495
21/02/2005;08.00.00;4,1;1854,65;-200,0;17,8;1135,83;347,0;1738,26;340,0;2550,53;2197,79;12,39;58,8;0,5882
21/02/2005;09.00.00;5,5;2040,0;-200,0;29,3;1604,9;534,0;1425,07;336,0;2592,79;2352,89;5,85;60,95;0,4616
21/02/2005;10.00.00;3,3;1646,87;-200,0;18,4;1168,98;687,0;1324,37;142,0;1711,34;1184,68;5,83;57,73;0,4741
21/02/2005;11.00.00;3,5;1788,15;-200,0;-200,0;1105,16;-200,0;1811,19;127,0;1592,43;1133,61;11,68;59,2;0,5999
21/02/2005;12.00.00;2,3;1363,48;-200,0;14,4;1032,52;339,0;1807,71;150,0;1730,45;1188,34;11,3;53,81;0,5188
21/02/2005;13.00.00;2,3;1355,23;-200,0;8,7;779,1;-200,0;1963,79;55,0;1333,18;708,28;13,48;52,37;0,5907
21/02/2005;14.00.00;3,1;1579,13;-200,0;10,3;843,68;276,0;1815,15;111,0;1521,82;1009,9;14,51;48,07;0,5426
21/02/2005;15.00.00;2,2;1401,15;-200,0;7,3;732,76;-200,0;2018,29;105,0;1562,39;913,52;16,08;45,52;0,5586
21/02/2005;16.00.00;1,7;1167,97;-200,0;16,7;1070,43;120,0;2057,71;269,0;2184,08;1851,3;10,33;38,33;0,2853
21/02/2005;17.00.00;-200,0;1738,06;-200,0;13,1;946,15;343,0;1742,89;191,0;1873,15;1498,64;11,73;47,02;0,426
21/02/2005;18.00.00;10,2;2040,0;-200,0;20,4;1240,01;288,0;1460,07;-200,0;2127,4;1732,45;12,91;52,11;0,669
21/02/2005;19.00.00;6,1;2040,0;-200,0;21,2;1260,42;-200,0;1337,99;340,0;2680,99;2191,74;12,55;60,15;0,6287
21/02/2005;20.00.00;4,4;2009,75;-200,0;15,9;1075,11;-200,0;1720,56;-200,0;1970,34;1570,69;14,19;60,63;0,5927
21/02/2005;21.00.00;1,7;1262,36;-200,0;28,4;1529,01;218,0;1884,29;147,0;1733,75;1200,46;10,42;68,06;0,6274
21/02/2005;22.00.00;2,2;1373,82;-200,0;8,9;753,11;340,0;1773,62;86,0;1363,62;825,8;7,11;61,36;0,3991
21/02/2005;23.00.00;1,8;1168,39;-200,0;5,5;651,91;137,0;1919,38;73,0;1349,0;746,78;4,23;69,23;0,4501
22/02/2005;00.00.00;-200,0;1134,43;-200,0;-200,0;573,53;62,0;2125,78;44,0;1200,72;642,38;3,98;76,57;0,4838
22/02/2005;01.00.00;1,5;1103,61;-200,0;9,1;779,32;138,0;1965,84;88,0;1410,7;912,65;3,13;83,09;0,5012
22/02/2005;02.00.00;-200,0;1928,77;-200,0;5,6;654,13;-200,0;1905,72;-200,0;1274,26;759,08;5,12;78,36;0,5348
22/02/2005;03.00.00;2,4;1389,4;-200,0;8,2;761,63;82,0;2062,57;170,0;1705,49;1299,31;4,16;79,29;0,4908
22/02/2005;04.00.00;3,0;1565,87;-200,0;20,5;1246,91;-200,0;1857,49;61,0;1269,24;731,06;1,16;82,52;0,3607
22/02/2005;05.00.00;2,3;1362,54;-200,0;7,0;713,65;392,0;1742,55;88,0;1430,23;834,64;3,44;71,66;0,4352
22/02/2005;06.00.00;2,6;1450,61;-200,0;15,7;1047,05;-200,0;1871,03;74,0;1545,06;725,51;6,86;82,46;0,6841
22/02/2005;07.00.00;-200,0;2040,0;-200,0;21,0;1278,69;457,0;1572,17;340,0;2607,33;2272,81;6,84;66,3;0,5992
22/02/2005;08.00.00;4,8;2040,0;-200,0;31,5;1676,19;569,0;1513,14;190,0;1827,5;1522,88;8,48;56,76;0,4722
22/02/2005;09.00.00;5,0;2040,0;-200,0;23,2;1316,99;-200,0;1173,81;340,0;2525,29;2315,76;9,41;61,75;0,5521
22/02/2005;10.00.00;4,5;2040,0;-200,0;15,4;1077,55;475,0;1622,36;267,0;2318,66;1828,61;13,19;65,53;0,7766
22/02/2005;11.00.00;2,3;1400,64;-200,0;14,6;1010,78;328,0;1805,42;111,0;1609,27;979,56;11,61;55,63;0,6531
22/02/2005;12.00.00;2,5;1372,07;-200,0;9,2;793,43;203,0;1904,26;155,0;1696,79;1226,38;11,4;52,73;0,5168
22/02/2005;13.00.00;-200,0;1310,16;-200,0;4,1;575,06;598,0;1544,98;78,0;1409,15;782,61;11,14;46,32;0,5022
22/02/2005;14.00.00;2,8;1487,66;-200,0;6,6;694,56;-200,0;1947,83;77,0;1387,99;762,51;13,97;43,55;0,483
22/02/2005;15.00.00;1,6;1166,27;-200,0;7,6;716,09;293,0;1839,52;58,0;1226,59;707,67;8,76;35,97;0,3287
22/02/2005;16.00.00;1,1;984,37;-200,0;6,7;678,02;292,0;1890,65;-200,0;1556,2;1088,59;13,1;33,02;0,4252
22/02/2005;17.00.00;2,8;1493,0;-200,0;15,9;1096,37;-200,0;1913,3;88,0;1451,86;885,65;12,56;47,09;0,4549
22/02/2005;18.00.00;5,0;2040,0;-200,0;16,5;1041,17;-200,0;1482,98;274,0;2342,38;1954,9;9,45;55,53;0,4774
22/02/2005;19.00.00;7,0;2040,0;-200,0;24,8;1412,25;433,0;1533,46;266,0;2194,15;1831,36;9,28;54,42;0,5362
22/02/2005;20.00.00;3,3;1725,36;-200,0;47,9;2214,0;874,0;1210,63;340,0;2604,82;2322,44;11,55;60,16;0,6541
22/02/2005;21.00.00;3,3;1636,61;-200,0;20,9;1250,25;205,0;1916,24;146,0;1714,43;1209,54;9,1;69,62;0,6694
22/02/2005;22.00.00;2,5;1374,11;-200,0;9,3;788,06;225,0;1951,47;-200,0;1564,16;1002,22;7,55;68,0;0,5884
22/02/2005;23.00.00;1,7;1150,02;-200,0;10,6;851,57;185,0;1930,01;-200,0;1374,28;728,4;6,75;70,09;0,5173
23/02/2005;00.00.00;1,0;1050,91;-200,0;5,0;592,16;-200,0;2010,97;57,0;1322,84;592,54;5,42;70,17;0,6003
23/02/2005;01.00.00;1,1;1059,17;-200,0;5,8;688,13;141,0;2061,85;-200,0;1585,51;988,74;6,93;87,23;0,6795
23/02/2005;02.00.00;1,9;1215,97;-200,0;4,6;605,1;142,0;2004,9;87,0;1417,33;874,54;4,19;81,55;0,3724
23/02/2005;03.00.00;3,1;1646,87;-200,0;12,8;931,21;186,0;1831,41;117,0;1439,89;978,38;0,86;74,82;0,3707
23/02/2005;04.00.00;2,0;1324,35;-200,0;18,7;1173,46;129,0;1961,44;74,0;1386,21;707,28;7,2;73,07;0,5501
23/02/2005;05.00.00;2,1;1338,47;-200,0;-200,0;992,71;282,0;1855,8;-200,0;1691,75;1084,32;5,18;83,39;0,6133
23/02/2005;06.00.00;1,7;1220,01;-200,0;21,9;1293,96;528,0;1719,64;183,0;1822,15;1416,63;4,06;69,08;0,4184
23/02/2005;07.00.00;-200,0;1661,43;-200,0;6,6;694,96;357,0;1770,85;146,0;1692,13;1115,5;3,76;79,8;0,5546
23/02/2005;08.00.00;3,9;1834,01;-200,0;-200,0;2214,0;722,0;1470,4;275,0;2259,53;2001,76;8,27;52,41;0,4687
23/02/2005;09.00.00;5,1;2040,0;-200,0;24,8;1414,03;690,0;1340,92;162,0;1710,9;1294,47;8,54;68,65;0,5374
23/02/2005;10.00.00;2,3;1360,51;-200,0;46,9;2214,0;-200,0;1432,12;-200,0;1733,33;1151,87;13,21;59,31;0,6743
23/02/2005;11.00.00;2,5;-200,0;-200,0;25,8;-200,0;285,0;-200,0;145,0;-200,0;-200,0;-200,0;-200,0;-200,0
23/02/2005;12.00.00;1,6;1181,17;-200,0;14,6;1017,22;-200,0;1947,93;215,0;1961,09;1628,7;10,63;47,93;0,4778
23/02/2005;13.00.00;3,0;1616,86;-200,0;8,6;812,85;158,0;1867,11;199,0;1929,33;1415,15;14,89;55,4;0,6664
23/02/2005;14.00.00;1,5;1199,44;-200,0;9,5;842,42;86,0;2098,92;91,0;1562,02;810,4;15,45;47,68;0,6319
23/02/2005;15.00.00;1,6;1259,05;-200,0;4,2;594,06;302,0;1913,82;71,0;1405,93;703,13;14,11;39,02;0,46
23/02/2005;16.00.00;2,4;1474,11;-200,0;14,4;977,72;308,0;1866,76;151,0;1685,34;1176,9;14,95;35,55;0,4468
23/02/2005;17.00.00;2,6;1522,57;-200,0;5,7;679,29;401,0;1733,23;87,0;1423,46;883,72;13,03;46,83;0,6343
23/02/2005;18.00.00;-200,0;2040,0;-200,0;19,6;1206,84;-200,0;1287,01;-200,0;1977,03;1537,51;12,77;48,8;0,5275
23/02/2005;19.00.00;6,9;2040,0;-200,0;45,3;2214,0;-200,0;1318,53;-200,0;1965,11;1617,75;13,6;44,94;0,432
23/02/2005;20.00.00;4,2;1988,51;-200,0;27,5;1521,85;571,0;1551,23;224,0;2058,53;1704,47;11,32;56,6;0,6285
23/02/2005;21.00.00;-200,0;1608,76;-200,0;7,3;710,76;280,0;1830,84;224,0;2070,43;1608,94;8,43;58,67;0,549
23/02/2005;22.00.00;0,7;878,18;-200,0;4,4;610,99;149,0;2028,23;36,0;1231,6;583,88;10,18;66,24;0,5305
23/02/2005;23.00.00;2,0;1277,7;-200,0;-200,0;576,81;-200,0;1965,59;67,0;1263,88;654,93;1,54;74,17;0,3647
24/02/2005;00.00.00;1,5;1225,81;-200,0;5,3;678,14;69,0;2117,01;-200,0;1373,84;717,81;9,47;81,56;0,7627
24/02/2005;01.00.00;1,4;1116,71;-200,0;8,3;762,13;212,0;1924,39;-200,0;1282,43;704,27;1,16;81,5;0,4543
24/02/2005;02.00.00;-200,0;1247,24;-200,0;8,6;793,34;85,0;2063,34;85,0;1365,23;769,74;2,82;75,15;0,4414
24/02/2005;03.00.00;2,3;1357,57;-200,0;5,2;618,17;384,0;1740,71;104,0;1480,96;914,85;3,82;81,21;0,5113
24/02/2005;04.00.00;1,7;1237,96;-200,0;11,2;857,24;83,0;2065,55;104,0;1526,97;907,39;3,78;79,07;0,4487
24/02/2005;05.00.00;2,5;1429,02;-200,0;13,3;992,99;318,0;1796,35;-200,0;1240,44;730,13;6,59;70,3;0,4102
24/02/2005;06.00.00;3,9;1868,47;-200,0;15,3;1017,83;-200,0;1788,75;106,0;1551,3;963,32;3,25;76,09;0,5628
24/02/2005;07.00.00;4,4;2013,66;-200,0;48,1;2214,0;-200,0;1535,17;340,0;2649,5;2312,97;6,93;79,65;0,5657
24/02/2005;08.00.00;-200,0;2010,65;-200,0;33,8;1779,2;675,0;1393,31;-200,0;1894,66;1404,69;6,45;66,19;0,5037
24/02/2005;09.00.00;5,6;2040,0;-200,0;37,2;1905,88;926,0;1124,13;289,0;2317,1;2057,74;9,5;53,4;0,4778
24/02/2005;10.00.00;6,2;2040,0;-200,0;39,0;2004,74;-200,0;1705,46;167,0;1817,22;1260,22;10,07;56,86;0,5813
24/02/2005;11.00.00;3,7;1755,85;-200,0;18,4;1186,41;352,0;1669,56;178,0;1884,67;1337,79;11,59;46,3;0,4865
24/02/2005;12.00.00;1,6;1191,29;-200,0;8,8;781,47;307,0;1840,97;113,0;1668,01;974,53;11,34;52,96;0,549
24/02/2005;13.00.00;-200,0;1389,55;-200,0;15,7;1051,28;-200,0;1902,12;134,0;1584,15;1143,54;12,21;48,4;0,3909
24/02/2005;14.00.00;2,3;1357,97;-200,0;7,7;733,96;217,0;1945,66;113,0;1579,59;969,98;14,31;43,13;0,4883
24/02/2005;15.00.00;2,9;1541,11;-200,0;5,9;665,34;165,0;1973,66;85,0;1501,68;781,77;15,79;41,71;0,5982
24/02/2005;16.00.00;2,2;1308,89;-200,0;7,2;686,29;329,0;1743,37;55,0;1326,67;710,2;12,54;42,92;0,5055
24/02/2005;17.00.00;2,7;1476,22;-200,0;23,8;1362,11;469,0;1636,64;-200,0;1584,94;998,42;11,5;45,82;0,4255
24/02/2005;18.00.00;2,7;-200,0;-200,0;27,7;-200,0;-200,0;-200,0;163,0;-200,0;-200,0;-200,0;-200,0;-200,0
24/02/2005;19.00.00;3,9;1817,45;-200,0;37,6;1919,04;924,0;1150,72;186,0;1915,23;1475,01;11,34;45,43;0,4707
24/02/2005;20.00.00;6,4;2040,0;-200,0;26,5;1469,98;973,0;1083,77;269,0;2174,37;1873,08;11,86;62,4;0,5137
24/02/2005;21.00.00;2,9;1555,11;-200,0;14,0;974,95;229,0;1798,07;275,0;2198,11;1894,94;7,09;59,44;0,4059
24/02/2005;22.00.00;1,6;1244,63;-200,0;8,3;754,23;462,0;1665,15;38,0;1248,89;552,0;4,05;66,86;0,5147
24/02/2005;23.00.00;2,1;1311,4;-200,0;6,6;671,97;143,0;1984,03;-200,0;1179,95;518,01;5,34;71,8;0,5712
25/02/2005;00.00.00;1,9;-200,0;-200,0;4,1;-200,0;95,0;-200,0;63,0;-200,0;-200,0;-200,0;-200,0;-200,0
25/02/2005;01.00.00;1,1;1058,73;-200,0;3,6;570,57;-200,0;1788,83;-200,0;1248,67;643,85;4,55;70,92;0,4833
25/02/2005;02.00.00;2,4;1322,79;-200,0;5,7;632,54;140,0;1888,0;89,0;1384,65;787,19;2,94;70,21;0,3183
25/02/2005;03.00.00;-200,0;1024,0;-200,0;9,6;814,45;117,0;2103,35;86,0;1362,34;891,07;5,52;76,26;0,4994
25/02/2005;04.00.00;2,3;1290,37;-200,0;6,9;742,26;-200,0;1962,04;150,0;1729,88;1223,26;3,64;80,56;0,4853
25/02/2005;05.00.00;2,5;1378,76;-200,0;22,6;1322,8;206,0;1814,72;134,0;1574,69;1121,42;5,01;73,15;0,4615
25/02/2005;06.00.00;4,0;1856,35;-200,0;15,0;1007,96;533,0;1578,57;186,0;1894,35;1284,61;5,82;72,15;0,5001
25/02/2005;07.00.00;4,3;1914,83;-200,0;19,6;1232,92;489,0;1553,27;285,0;2392,41;1923,42;6,93;80,84;0,6884
25/02/2005;08.00.00;4,6;1992,66;-200,0;20,3;1248,11;743,0;1292,01;191,0;1873,3;1470,76;7,7;56,63;0,432
25/02/2005;09.00.00;4,8;2017,42;-200,0;-200,0;1898,69;736,0;1316,76;339,0;2587,83;2288,54;10,06;57,42;0,5245
25/02/2005;10.00.00;9,9;2040,0;-200,0;12,0;917,23;854,0;975,97;257,0;2269,54;1742,14;8,74;66,02;0,6094
25/02/2005;11.00.00;2,9;1577,28;-200,0;15,0;1020,3;310,0;1789,18;-200,0;1652,85;1085,2;14,34;51,98;0,5689
25/02/2005;12.00.00;2,9;1520,62;-200,0;9,2;792,24;260,0;1792,08;108,0;1486,38;999,85;12,1;44,94;0,4398
25/02/2005;13.00.00;1,1;1091,5;-200,0;10,2;823,7;189,0;1962,32;98,0;1446,91;1006,88;10,75;51,45;0,4699
25/02/2005;14.00.00;1,5;1137,6;-200,0;10,7;876,57;190,0;1927,49;75,0;1369,61;839,32;14,25;44,09;0,5425
25/02/2005;15.00.00;2,3;1310,71;-200,0;5,5;658,55;271,0;1872,37;62,0;1321,68;683,91;12,34;41,46;0,4338
25/02/2005;16.00.00;1,2;1031,82;-200,0;5,3;617,19;353,0;1810,28;222,0;2060,7;1528,19;15,2;44,77;0,5653
25/02/2005;17.00.00;3,7;1779,04;-200,0;10,5;842,02;820,0;1268,48;232,0;2108,21;1616,13;17,79;42,32;0,6085
25/02/2005;18.00.00;3,4;-200,0;-200,0;30,5;-200,0;578,0;-200,0;241,0;-200,0;-200,0;-200,0;-200,0;-200,0
25/02/2005;19.00.00;-200,0;1787,53;-200,0;28,9;1565,45;624,0;1500,05;171,0;1865,41;1343,82;12,21;51,63;0,5876
25/02/2005;20.00.00;3,2;1572,09;-200,0;17,9;1134,42;-200,0;1445,83;272,0;2246,77;1763,3;6,82;51,49;0,3775
25/02/2005;21.00.00;-200,0;2020,71;-200,0;27,5;1502,21;284,0;1796,55;128,0;1617,35;1010,26;9,95;61,25;0,6045
25/02/2005;22.00.00;-200,0;1263,11;-200,0;12,0;894,46;-200,0;2007,9;78,0;1299,64;754,0;5,98;67,63;0,4345
25/02/2005;23.00.00;1,0;992,49;-200,0;7,9;737,69;139,0;2026,49;123,0;1578,31;899,42;5,29;74,46;0,4826
26/02/2005;00.00.00;1,5;1131,91;-200,0;3,5;544,29;85,0;2085,78;96,0;1373,86;927,0;3,44;79,39;0,4754
26/02/2005;01.00.00;1,7;1212,38;-200,0;7,6;734,73;104,0;2000,11;28,0;1162,37;630,31;6,31;74,59;0,5462
26/02/2005;02.00.00;1,2;1053,65;-200,0;6,7;707,16;178,0;1961,49;-200,0;1400,55;820,61;6,36;80,91;0,6392
26/02/2005;03.00.00;2,2;1320,51;-200,0;5,0;613,11;183,0;1914,66;-200,0;1355,41;844,46;4,23;81,49;0,5046
26/02/2005;04.00.00;-200,0;1364,48;-200,0;7,1;721,33;425,0;1755,05;93,0;1369,19;925,13;2,62;80,05;0,5015
26/02/2005;05.00.00;2,5;1490,06;-200,0;5,6;673,06;312,0;1798,53;78,0;1451,94;730,4;8,03;74,22;0,6333
26/02/2005;06.00.00;1,8;1240,23;-200,0;8,0;737,28;197,0;1947,09;116,0;1525,38;995,74;4,14;68,61;0,4352
26/02/2005;07.00.00;2,1;1279,23;-200,0;9,8;782,46;344,0;1762,3;117,0;1487,75;1015,97;2,36;72,54;0,3655
26/02/2005;08.00.00;2,3;1363,62;-200,0;29,4;1592,54;316,0;1821,96;-200,0;2485,77;2214,31;8,8;57,15;0,5352
26/02/2005;09.00.00;3,3;1634,0;-200,0;20,0;1224,29;376,0;1710,89;311,0;2392,46;2066,08;6,97;59,69;0,4152
26/02/2005;10.00.00;-200,0;1484,3;-200,0;10,8;836,97;707,0;1478,9;287,0;2311,86;1983,35;12,45;43,6;0,4766
26/02/2005;11.00.00;2,1;1251,42;-200,0;13,3;951,32;254,0;1868,95;95,0;1456,42;858,96;10,92;45,34;0,4487
26/02/2005;12.00.00;-200,0;1263,87;-200,0;9,0;772,99;128,0;2029,83;-200,0;1533,07;909,67;13,92;43,91;0,5166
26/02/2005;13.00.00;3,4;1712,52;-200,0;12,1;919,78;90,0;1936,21;175,0;1889,42;1282,16;16,31;50,92;0,6873
26/02/2005;14.00.00;1,5;-200,0;-200,0;7,9;-200,0;100,0;-200,0;-200,0;-200,0;-200,0;-200,0;-200,0;-200,0
26/02/2005;15.00.00;1,6;1167,5;-200,0;4,2;585,45;127,0;2030,19;59,0;1188,91;675,58;13,05;40,26;0,3768
26/02/2005;16.00.00;1,0;1001,89;-200,0;6,9;715,79;211,0;1917,57;103,0;1546,37;968,0;13,86;47,29;0,6354
26/02/2005;17.00.00;5,6;2040,0;-200,0;7,8;742,66;272,0;1728,28;195,0;2027,39;1566,65;16,58;49,88;0,6791
26/02/2005;18.00.00;2,2;1356,1;-200,0;21,7;1317,03;641,0;1451,66;156,0;1733,53;1287,46;11,4;47,49;0,4809
26/02/2005;19.00.00;3,1;1555,71;-200,0;30,2;1652,51;372,0;1621,96;340,0;2505,14;2238,27;10,49;45,1;0,4303
26/02/2005;20.00.00;4,4;1900,01;-200,0;9,3;810,64;-200,0;1309,27;138,0;1732,31;1178,07;11,43;55,33;0,6235
26/02/2005;21.00.00;2,5;1421,74;-200,0;10,2;843,92;263,0;1895,41;146,0;1743,58;1215,72;8,03;60,54;0,5979
26/02/2005;22.00.00;2,6;1521,1;-200,0;9,7;805,49;182,0;1826,45;57,0;1263,39;675,09;8,19;59,52;0,5061
26/02/2005;23.00.00;1,5;1165,94;-200,0;2,6;530,51;83,0;2093,28;46,0;1257,39;556,29;3,58;71,86;0,4364
27/02/2005;00.00.00;1,0;1086,2;-200,0;3,3;571,87;122,0;2092,94;58,0;1306,97;590,01;10,21;74,98;0,6577
27/02/2005;01.00.00;1,6;1158,43;-200,0;4,3;597,75;-200,0;1994,31;46,0;1174,27;570,01;2,3;78,66;0,374
27/02/2005;02.00.00;1,8;1219,58;-200,0;7,1;720,82;63,0;2062,45;33,0;1102,72;552,33;3,85;79,63;0,4126
27/02/2005;03.00.00;1,0;919,59;-200,0;6,5;689,01;80,0;2026,53;46,0;1272,38;687,15;4,26;82,5;0,4939
27/02/2005;04.00.00;-200,0;1214,27;-200,0;7,7;739,09;222,0;1999,94;82,0;1370,35;778,52;8,32;77,34;0,5479
27/02/2005;05.00.00;1,4;1133,2;-200,0;8,1;766,15;139,0;2014,95;82,0;1355,54;824,64;2,34;77,45;0,4946
27/02/2005;06.00.00;1,7;1236,5;-200,0;6,7;705,64;130,0;1931,99;-200,0;1690,27;994,36;9,75;71,59;0,6831
27/02/2005;07.00.00;2,5;1340,76;-200,0;20,3;1230,55;262,0;1895,01;100,0;1499,62;903,3;8,34;66,93;0,5527
27/02/2005;08.00.00;-200,0;1488,93;-200,0;11,2;889,72;417,0;1682,32;-200,0;1648,41;933,08;8,86;72,2;0,6862
27/02/2005;09.00.00;2,6;1458,04;-200,0;5,0;628,83;248,0;1862,79;123,0;1510,52;1035,46;7,35;50,63;0,3478
27/02/2005;10.00.00;3,3;1687,07;-200,0;5,6;647,47;310,0;1723,6;97,0;1489,08;839,0;11,76;60,57;0,5946
27/02/2005;11.00.00;1,1;986,4;-200,0;7,7;722,56;-200,0;2008,74;89,0;1396,63;778,93;10,37;48,75;0,3722
27/02/2005;12.00.00;1,1;963,3;-200,0;6,0;673,41;134,0;2052,26;53,0;1315,21;727,11;15,39;44,37;0,6211
27/02/2005;13.00.00;1,9;1258,71;-200,0;-200,0;645,43;88,0;2076,38;-200,0;1422,03;876,57;11,71;46,57;0,4466
27/02/2005;14.00.00;1,4;1068,19;-200,0;6,2;660,61;199,0;1934,93;78,0;1379,03;813,86;13,92;36,01;0,433
27/02/2005;15.00.00;1,9;1286,99;-200,0;8,9;759,79;108,0;1978,59;49,0;1285,75;648,38;13,21;38,77;0,4954
27/02/2005;16.00.00;1,7;1228,41;-200,0;7,6;706,31;45,0;2127,01;-200,0;1354,99;676,3;12,18;39,22;0,4909
27/02/2005;17.00.00;1,2;1114,24;-200,0;11,4;864,81;263,0;1946,31;-200,0;1423,47;796,92;15,13;44,15;0,5691
27/02/2005;18.00.00;2,7;1498,47;-200,0;8,3;740,93;389,0;1640,58;132,0;1651,01;1106,85;13,93;44,1;0,5486
27/02/2005;19.00.00;3,5;1732,13;-200,0;11,6;891,07;562,0;1539,98;120,0;1678,2;1038,05;14,24;59,85;0,6871
27/02/2005;20.00.00;2,8;1530,18;-200,0;15,6;1046,81;376,0;1743,77;-200,0;2217,46;1830,47;7,06;65,18;0,5909
27/02/2005;21.00.00;1,5;1118,09;-200,0;8,3;763,4;210,0;1940,01;53,0;1288,15;686,17;11,45;50,74;0,5139
27/02/2005;22.00.00;-200,0;1133,39;-200,0;6,0;697,8;-200,0;2095,23;38,0;1325,64;593,75;13,04;68,23;0,7793
27/02/2005;23.00.00;0,9;948,12;-200,0;5,0;637,87;67,0;1991,01;-200,0;1195,33;622,78;5,92;74,14;0,5149
28/02/2005;00.00.00;-200,0;1052,8;-200,0;5,4;645,09;-200,0;2098,07;60,0;1485,99;630,29;9,72;76,11;0,7623
28/02/2005;01.00.00;0,9;953,71;-200,0;10,7;845,26;130,0;2148,48;69,0;1343,95;663,13;4,61;72,97;0,4932
28/02/2005;02.00.00;-200,0;1246,09;-200,0;5,6;682,38;90,0;2052,8;103,0;1435,76;898,05;1,89;76,84;0,4621
28/02/2005;03.00.00;1,3;1092,36;-200,0;5,7;629,45;168,0;2011,64;100,0;1467,55;907,89;3,85;74,93;0,4896
28/02/2005;04.00.00;2,4;1339,85;-200,0;4,5;621,5;218,0;1863,8;73,0;1395,12;799,35;6,73;75,95;0,5673
28/02/2005;05.00.00;1,8;1234,57;-200,0;13,3;942,31;-200,0;2056,15;156,0;1763,3;1333,76;3,46;70,21;0,4771
28/02/2005;06.00.00;1,7;1168,02;-200,0;10,2;843,28;-200,0;1696,12;171,0;1819,78;1271,18;4,73;72,82;0,5034
28/02/2005;07.00.00;3,2;1624,64;-200,0;30,0;1641,38;508,0;1577,65;318,0;2454,76;2215,71;8,15;62,16;0,4708
28/02/2005;08.00.00;10,4;2040,0;-200,0;27,8;1541,06;398,0;1397,36;282,0;2307,79;1960,3;8,18;64,33;0,4883
28/02/2005;09.00.00;4,8;2040,0;-200,0;22,4;1338,74;-200,0;1369,61;-200,0;2569,27;2233,52;10,63;54,43;0,5396
28/02/2005;10.00.00;4,8;2040,0;-200,0;12,7;987,92;497,0;1595,31;87,0;1471,91;873,04;11,23;57,04;0,6246
28/02/2005;11.00.00;2,9;1609,09;-200,0;18,2;1140,24;524,0;1657,76;125,0;1695,65;1092,62;12,92;48,27;0,6266
28/02/2005;12.00.00;1,4;1066,88;-200,0;10,6;860,4;414,0;1714,07;89,0;1487,34;875,96;12,14;49,39;0,4418
28/02/2005;13.00.00;3,5;1748,6;-200,0;10,7;877,76;393,0;1705,41;135,0;1761,88;1183,28;14,26;50,49;0,6197
28/02/2005;14.00.00;1,8;1229,31;-200,0;11,1;853,69;264,0;1913,22;78,0;1371,28;772,48;12,44;51,23;0,5854
28/02/2005;15.00.00;1,2;1089,25;-200,0;9,4;804,79;164,0;1949,22;130,0;1559,12;1101,78;17,04;30,03;0,4502
28/02/2005;16.00.00;1,8;1256,21;-200,0;7,2;710,91;176,0;1936,11;143,0;1649,36;1061,7;13,03;39,11;0,4945
28/02/2005;17.00.00;2,8;1514,75;-200,0;18,0;1161,89;297,0;1777,69;134,0;1703,07;1047,63;16,05;43,57;0,628
28/02/2005;18.00.00;-200,0;2040,0;-200,0;29,5;1610,71;582,0;1476,43;256,0;2128,39;1813,05;12,53;50,24;0,504
28/02/2005;19.00.00;3,9;1773,27;-200,0;28,5;1572,96;-200,0;1436,82;254,0;2110,84;1763,57;12,37;43,42;0,4225
28/02/2005;20.00.00;10,3;2040,0;-200,0;26,3;1462,37;878,0;984,27;235,0;2096,64;1758,95;9,77;51,1;0,4886
28/02/2005;21.00.00;1,9;1280,8;-200,0;17,0;1139,24;309,0;1811,36;181,0;1823,33;1422,17;7,43;61,32;0,5382
28/02/2005;22.00.00;2,1;1287,54;-200,0;6,3;676,66;77,0;2059,07;74,0;1350,6;791,58;4,68;65,75;0,4447
28/02/2005;23.00.00;-200,0;878,83;-200,0;4,5;623,07;73,0;2156,24;35,0;1178,75;546,28;4,85;71,56;0,4027
01/03/2005;00.00.00;-200,0;1051,06;-200,0;11,9;906,18;77,0;2143,35;70,0;1375,06;709,48;5,43;75,43;0,4749
01/03/2005;01.00.00;1,6;1179,74;-200,0;9,7;838,39;92,0;2013,04;94,0;1503,07;735,83;5,7;77,77;0,5882
01/03/2005;02.00.00;-200,0;1062,85;-200,0;6,7;696,22;51,0;2015,39;44,0;1297,8;566,01;6,8;78,84;0,5856
01/03/2005;03.00.00;3,0;1541,42;-200,0;10,0;845,38;-200,0;1674,58;86,0;1364,43;859,83;3,72;78,76;0,4975
01/03/2005;04.00.00;2,3;1335,51;-200,0;6,1;657,19;89,0;2001,6;73,0;1392,3;703,46;3,02;81,2;0,5368
01/03/2005;05.00.00;1,9;1277,61;-200,0;7,9;748,65;203,0;1941,72;159,0;1729,24;1311,85;2,4;64,88;0,3104
01/03/2005;06.00.00;-200,0;1648,95;-200,0;7,8;733,03;441,0;1682,27;-200,0;1927,0;1489,35;7,04;80,94;0,6078
01/03/2005;07.00.00;3,0;1549,49;-200,0;20,6;1247,96;649,0;1459,48;157,0;1776,12;1287,34;9,88;58,46;0,5188
01/03/2005;08.00.00;7,7;2040,0;-200,0;28,3;1545,84;380,0;1547,72;-200,0;1909,66;1475,52;10,85;59,75;0,61
01/03/2005;09.00.00;-200,0;2040,0;-200,0;38,3;1955,17;1175,0;828,24;301,0;2492,71;2031,04;11,03;59,35;0,6337
01/03/2005;10.00.00;4,3;1963,31;-200,0;17,4;1120,03;808,0;1232,2;145,0;1663,25;1170,16;12,18;59,19;0,5637
01/03/2005;11.00.00;3,4;1734,86;-200,0;19,8;1223,96;326,0;1735,17;192,0;1844,25;1474,89;15,51;36,51;0,4823
01/03/2005;12.00.00;-200,0;1152,08;-200,0;13,8;986,93;-200,0;1900,14;-200,0;1646,75;929,68;13,81;47,62;0,611
01/03/2005;13.00.00;3,5;1737,45;-200,0;24,6;1406,05;170,0;1915,8;180,0;1783,36;1407,05;15,23;48,86;0,5425
01/03/2005;14.00.00;1,9;1253,33;-200,0;16,7;1103,58;-200,0;1827,5;167,0;1739,17;1362,7;13,8;48,07;0,5693
01/03/2005;15.00.00;2,7;1429,71;-200,0;15,0;1023,85;236,0;1901,38;156,0;1699,31;1266,97;11,89;39,0;0,3518
01/03/2005;16.00.00;2,8;1461,43;-200,0;13,6;962,97;209,0;1894,16;126,0;1471,53;1082,74;13,07;41,6;0,4416
01/03/2005;17.00.00;4,3;1919,0;-200,0;10,5;832,75;521,0;1485,2;120,0;1526,04;959,56;13,92;41,82;0,3766
01/03/2005;18.00.00;3,0;1622,64;-200,0;24,1;1389,24;685,0;1420,05;147,0;1655,89;1202,49;13,27;45,79;0,5975
01/03/2005;19.00.00;3,5;1695,24;-200,0;58,2;2214,0;1479,0;643,35;328,0;2563,27;2203,98;15,96;46,33;0,6118
01/03/2005;20.00.00;9,0;2040,0;-200,0;25,0;1413,47;-200,0;1428,23;280,0;2268,67;1936,71;11,07;51,38;0,476
01/03/2005;21.00.00;1,6;1138,5;-200,0;9,4;827,24;599,0;1573,18;-200,0;1883,95;1221,21;11,97;62,66;0,6826
01/03/2005;22.00.00;1,1;1089,1;-200,0;8,3;743,38;125,0;2047,79;-200,0;1203,8;622,16;7,45;65,8;0,4727
01/03/2005;23.00.00;1,3;1064,51;-200,0;3,6;561,76;150,0;2060,24;-200,0;1211,67;676,89;6,49;71,94;0,4822
02/03/2005;00.00.00;1,3;1172,01;-200,0;-200,0;580,94;39,0;2037,77;60,0;1320,91;615,98;3,57;74,1;0,5333
02/03/2005;01.00.00;1,2;1083,58;-200,0;6,9;714,34;-200,0;2052,95;55,0;1252,1;785,17;3,95;79,41;0,5936
02/03/2005;02.00.00;2,0;1338,42;-200,0;9,0;791,84;-200,0;1910,15;59,0;1284,92;730,96;5,98;82,08;0,5655
02/03/2005;03.00.00;2,4;1342,77;-200,0;5,7;665,08;-200,0;1885,63;64,0;1377,61;752,88;4,78;69,59;0,5193
02/03/2005;04.00.00;-200,0;1190,61;-200,0;7,1;721,02;96,0;2124,05;93,0;1478,65;881,75;6,82;73,42;0,5798
02/03/2005;05.00.00;2,0;1257,94;-200,0;5,8;663,97;216,0;1962,31;104,0;1439,92;850,51;5,79;74,73;0,4644
02/03/2005;06.00.00;-200,0;1455,51;-200,0;11,9;893,4;619,0;1558,87;107,0;1501,17;925,72;5,52;72,91;0,4664
02/03/2005;07.00.00;3,1;1661,62;-200,0;8,8;785,43;778,0;1348,33;203,0;2042,41;1467,93;11,56;65,95;0,7609
02/03/2005;08.00.00;2,7;1547,3;-200,0;22,5;1324,94;1050,0;1098,3;299,0;2363,16;2027,64;8,28;69,52;0,5137
02/03/2005;09.00.00;5,5;2040,0;-200,0;26,1;1503,86;-200,0;521,69;310,0;2646,49;2071,7;12,09;70,2;0,8659
02/03/2005;10.00.00;-200,0;2040,0;-200,0;9,7;821,97;248,0;1843,4;152,0;1727,18;1286,79;10,25;56,57;0,5114
02/03/2005;11.00.00;2,6;1475,55;-200,0;9,0;794,66;297,0;1770,5;132,0;1743,09;1042,81;13,68;51,72;0,6905
02/03/2005;12.00.00;-200,0;1053,38;-200,0;10,5;854,54;283,0;1908,16;120,0;1645,61;1013,0;15,15;51,82;0,6551
02/03/2005;13.00.00;1,7;1162,08;-200,0;8,9;765,99;183,0;1939,98;112,0;1493,36;931,7;14,51;35,38;0,4801
02/03/2005;14.00.00;2,7;1410,61;-200,0;8,3;753,0;-200,0;1852,4;64,0;1302,7;709,1;9,88;43,06;0,4711
02/03/2005;15.00.00;-200,0;1082,2;-200,0;9,5;804,05;370,0;1738,33;85,0;1533,96;737,02;14,8;47,2;0,667
02/03/2005;16.00.00;2,8;1455,74;-200,0;-200,0;650,61;-200,0;1847,83;133,0;1609,26;1067,07;17,05;39,7;0,5467
02/03/2005;17.00.00;2,6;1485,8;-200,0;19,2;1195,54;157,0;1864,72;134,0;1599,47;1177,47;15,14;38,58;0,456
02/03/2005;18.00.00;-200,0;1849,28;-200,0;19,1;1208,86;790,0;1168,52;264,0;2248,87;1846,19;14,19;46,64;0,5648
02/03/2005;19.00.00;3,8;1751,23;-200,0;19,7;1240,91;683,0;1372,74;272,0;2140,76;1806,51;8,82;51,0;0,3792
02/03/2005;20.00.00;2,8;1447,59;-200,0;10,1;841,03;-200,0;1893,75;195,0;1922,47;1452,86;9,61;51,1;0,4803
02/03/2005;21.00.00;4,4;1969,69;-200,0;11,6;881,95;264,0;1719,46;212,0;2064,73;1565,7;10,58;70,78;0,6488
02/03/2005;22.00.00;2,2;1335,15;-200,0;8,8;780,99;86,0;1940,12;-200,0;1348,64;788,24;9,29;62,57;0,6158
02/03/2005;23.00.00;-200,0;1229,6;-200,0;5,5;624,42;106,0;2116,32;56,0;1281,11;683,97;9,69;63,53;0,5566
03/03/2005;00.00.00;1,7;1304,45;-200,0;5,4;665,69;93,0;2133,09;50,0;1164,9;710,26;6,09;72,37;0,4411
03/03/2005;01.00.00;1,7;1179,53;-200,0;5,1;673,55;73,0;2093,66;107,0;1575,25;1004,4;6,39;80,24;0,6676
03/03/2005;02.00.00;2,2;1322,2;-200,0;6,6;676,93;182,0;1921,56;119,0;1565,68;977,8;5,11;77,58;0,5404
03/03/2005;03.00.00;1,4;1106,52;-200,0;5,1;620,4;122,0;2051,66;125,0;1557,12;1017,48;2,94;80,54;0,4785
03/03/2005;04.00.00;-200,0;1555,39;-200,0;8,7;760,41;386,0;1737,52;128,0;1546,63;1032,87;0,57;73,14;0,4236
03/03/2005;05.00.00;3,4;1718,63;-200,0;8,2;749,75;275,0;1828,17;83,0;1437,79;830,9;6,44;83,14;0,6648
03/03/2005;06.00.00;-200,0;1525,32;-200,0;8,2;731,44;298,0;1830,27;120,0;1576,14;1057,47;6,72;75,65;0,5376
03/03/2005;07.00.00;3,4;1689,47;-200,0;24,5;1418,44;852,0;1281,98;158,0;1769,3;1195,39;6,17;74,35;0,5234
03/03/2005;08.00.00;3,2;1616,6;-200,0;13,8;956,34;780,0;1314,15;-200,0;2532,99;2259,76;5,38;66,6;0,4084
03/03/2005;09.00.00;5,4;2040,0;-200,0;30,8;1660,69;813,0;1214,72;340,0;2572,63;2243,35;11,17;64,24;0,5764
03/03/2005;10.00.00;6,8;2040,0;-200,0;23,4;1352,44;500,0;1487,04;256,0;2118,77;1749,42;10,67;51,09;0,5297
03/03/2005;11.00.00;1,8;1275,92;-200,0;10,7;832,92;306,0;1854,84;248,0;2187,96;1739,14;13,52;48,65;0,5893
03/03/2005;12.00.00;3,3;1713,22;-200,0;15,8;1064,65;330,0;1794,78;-200,0;1789,07;1229,82;17,17;54,12;0,829
03/03/2005;13.00.00;1,8;1226,58;-200,0;7,8;718,64;470,0;1643,58;119,0;1563,72;1017,2;9,96;52,32;0,5543
03/03/2005;14.00.00;1,7;1217,59;-200,0;7,0;702,31;53,0;2094,9;82,0;1406,28;861,32;13,34;36,99;0,467
03/03/2005;15.00.00;1,3;1138,11;-200,0;5,4;652,41;468,0;1668,66;115,0;1623,17;1001,72;14,49;43,36;0,582
03/03/2005;16.00.00;-200,0;-200,0;-200,0;9,9;-200,0;167,0;-200,0;147,0;-200,0;-200,0;-200,0;-200,0;-200,0
03/03/2005;17.00.00;3,8;1701,53;-200,0;10,2;830,76;428,0;1611,31;227,0;2069,75;1640,43;10,97;41,04;0,3945
03/03/2005;18.00.00;5,6;2040,0;-200,0;15,9;1082,98;288,0;1689,19;243,0;2233,56;1689,12;17,32;48,81;0,7678
03/03/2005;19.00.00;5,3;2040,0;-200,0;24,0;1374,63;1281,0;813,61;287,0;2434,63;1901,24;12,68;56,82;0,5731
03/03/2005;20.00.00;3,4;1749,87;-200,0;20,3;1236,25;316,0;1788,05;220,0;2036,76;1535,71;11,01;57,71;0,5825
03/03/2005;21.00.00;1,8;1241,35;-200,0;20,6;1247,94;545,0;1564,39;-200,0;1585,7;1032,44;9,52;58,51;0,5589
03/03/2005;22.00.00;1,7;1274,89;-200,0;10,3;819,74;161,0;1957,1;-200,0;1611,11;982,07;7,74;67,34;0,5697
03/03/2005;23.00.00;1,1;1166,28;-200,0;6,4;677,08;112,0;2085,52;32,0;1194,02;551,64;9,51;67,31;0,6312
04/03/2005;00.00.00;-200,0;1151,34;-200,0;4,8;601,17;68,0;2164,65;34,0;1207,52;512,23;4,39;74,71;0,5176
04/03/2005;01.00.00;1,3;1117,49;-200,0;5,0;629,42;-200,0;1969,71;56,0;1378,65;663,78;6,43;82,49;0,6247
04/03/2005;02.00.00;1,4;1128,64;-200,0;6,7;693,57;154,0;1967,67;50,0;1177,08;613,1;4,47;66,92;0,3659
04/03/2005;03.00.00;1,9;1254,39;-200,0;6,2;669,39;259,0;1872,35;122,0;1580,65;970,14;3,54;81,91;0,5305
04/03/2005;04.00.00;-200,0;1376,63;-200,0;6,7;686,06;93,0;2039,92;84,0;1542,37;733,81;10,41;69,61;0,6852
04/03/2005;05.00.00;3,3;1673,22;-200,0;9,6;812,74;176,0;1915,73;146,0;1696,47;1152,09;6,57;81,65;0,5428
04/03/2005;06.00.00;2,3;1478,99;-200,0;8,9;782,79;368,0;1765,91;210,0;2015,24;1558,51;7,76;69,46;0,6342
04/03/2005;07.00.00;-200,0;1969,42;-200,0;13,4;957,67;259,0;1735,44;205,0;1955,26;1501,3;9,84;62,83;0,6109
04/03/2005;08.00.00;9,3;2040,0;-200,0;36,0;1883,61;811,0;1038,69;304,0;2336,08;2021,97;5,93;68,05;0,4226
04/03/2005;09.00.00;6,1;2040,0;-200,0;14,9;1045,59;531,0;1465,15;340,0;2622,2;2303,04;13,57;61,74;0,6841
04/03/2005;10.00.00;5,7;2040,0;-200,0;12,6;923,16;370,0;1603,6;283,0;2196,63;1891,49;6,34;50,26;0,3449
04/03/2005;11.00.00;2,2;1338,37;-200,0;21,2;1261,41;432,0;1745,88;74,0;1386,95;683,53;11,03;44,65;0,4193
04/03/2005;12.00.00;1,8;1183,92;-200,0;9,2;787,16;299,0;1764,99;104,0;1480,28;931,7;12,68;46,25;0,5288
04/03/2005;13.00.00;2,0;1277,67;-200,0;16,2;1057,79;-200,0;2031,47;126,0;1643,91;1127,61;15,56;38,31;0,4592
04/03/2005;14.00.00;-200,0;1263,81;-200,0;5,6;641,64;357,0;1878,35;105,0;1592,89;944,99;15,33;37,22;0,5433
04/03/2005;15.00.00;2,7;1506,72;-200,0;8,7;774,71;263,0;1856,89;69,0;1417,83;688,44;14,73;42,5;0,5881
04/03/2005;16.00.00;1,7;1222,05;-200,0;13,2;917,1;109,0;1995,96;64,0;1302,52;673,78;14,87;37,7;0,5104
04/03/2005;17.00.00;2,9;1588,42;-200,0;10,4;860,86;346,0;1825,75;-200,0;1890,64;1502,45;12,44;46,46;0,5109
04/03/2005;18.00.00;-200,0;2040,0;-200,0;40,4;2050,39;691,0;1281,41;179,0;1891,73;1381,17;10,61;54,64;0,5802
04/03/2005;19.00.00;5,2;2040,0;-200,0;21,1;1262,44;651,0;1337,5;-200,0;2225,88;1739,77;14,02;50,18;0,5918
04/03/2005;20.00.00;4,1;1825,04;-200,0;24,8;1441,79;139,0;1919,05;-200,0;2128,62;1629,9;12,75;55,91;0,5877
04/03/2005;21.00.00;2,9;1570,64;-200,0;9,9;847,06;348,0;1805,19;134,0;1842,94;1086,34;13,23;70,01;0,8647
04/03/2005;22.00.00;1,1;1028,31;-200,0;12,7;945,37;245,0;2009,96;60,0;1235,69;770,49;7,19;58,64;0,4759
04/03/2005;23.00.00;0,9;1011,76;-200,0;5,9;660,2;115,0;2028,82;58,0;1338,31;711,44;8,95;74,88;0,6237
05/03/2005;00.00.00;0,7;859,05;-200,0;10,0;834,59;101,0;2083,46;43,0;1239,95;611,95;6,12;77,81;0,5482
05/03/2005;01.00.00;1,4;1206,52;-200,0;-200,0;725,61;178,0;1981,23;99,0;1534,3;1028,8;8,27;79,58;0,6326
05/03/2005;02.00.00;1,9;1244,26;-200,0;8,0;761,52;70,0;2035,15;70,0;1497,96;777,72;7,44;83,57;0,7671
05/03/2005;03.00.00;2,0;1352,37;-200,0;4,5;604,77;215,0;1926,5;168,0;1903,12;1417,16;5,64;79,13;0,5612
05/03/2005;04.00.00;2,5;1413,43;-200,0;7,5;741,22;208,0;1927,29;54,0;1260,38;637,77;4,71;74,2;0,5026
05/03/2005;05.00.00;3,1;1620,88;-200,0;7,3;721,48;-200,0;1991,31;84,0;1517,22;823,53;7,81;80,79;0,6958
05/03/2005;06.00.00;-200,0;1314,28;-200,0;10,4;835,16;357,0;1725,34;103,0;1490,27;900,11;7,98;78,12;0,5841
05/03/2005;07.00.00;3,0;1603,19;-200,0;15,7;1074,18;851,0;1274,92;127,0;1650,33;1085,33;6,35;74,25;0,6063
05/03/2005;08.00.00;6,7;2040,0;-200,0;14,2;1007,45;634,0;1278,54;196,0;1941,43;1446,21;6,27;64,61;0,4469
05/03/2005;09.00.00;-200,0;1664,53;-200,0;18,9;1199,88;699,0;1338,88;189,0;1936,43;1582,57;9,64;56,14;0,6071
05/03/2005;10.00.00;2,1;1279,78;-200,0;14,5;1022,61;-200,0;1869,44;122,0;1726,84;1034,49;14,55;56,02;0,6828
05/03/2005;11.00.00;2,0;1387,93;-200,0;7,3;740,37;216,0;1933,68;211,0;2069,96;1581,04;15,01;55,44;0,763
05/03/2005;12.00.00;-200,0;1120,64;-200,0;12,0;896,49;147,0;1994,98;96,0;1427,89;899,76;11,53;52,12;0,4144
05/03/2005;13.00.00;1,8;1233,67;-200,0;8,7;755,5;237,0;1887,34;121,0;1466,18;1061,92;12,22;41,99;0,3946
05/03/2005;14.00.00;1,3;1047,71;-200,0;10,0;838,92;147,0;2024,35;114,0;1645,03;1011,02;17,6;43,91;0,6437
05/03/2005;15.00.00;1,9;1287,32;-200,0;8,6;731,17;137,0;2072,34;126,0;1457,14;1082,46;12,95;35,18;0,296
05/03/2005;16.00.00;1,5;1208,82;-200,0;4,3;625,17;278,0;1885,74;-200,0;1411,22;726,75;16,07;47,26;0,6764
05/03/2005;17.00.00;3,9;1864,97;-200,0;8,7;769,78;634,0;1540,81;198,0;1986,15;1369,99;13,32;40,22;0,4806
05/03/2005;18.00.00;-200,0;1386,93;-200,0;32,2;1719,09;451,0;1672,13;184,0;1962,68;1473,07;16,99;50,92;0,6866
05/03/2005;19.00.00;3,8;1757,45;-200,0;26,4;1466,23;278,0;1780,49;340,0;2502,34;2177,89;11,18;44,98;0,4544
05/03/2005;20.00.00;3,0;1597,09;-200,0;8,9;812,25;454,0;1661,23;214,0;2016,66;1615,86;13,8;60,22;0,7576
05/03/2005;21.00.00;2,5;1405,63;-200,0;12,5;936,03;-200,0;1712,2;-200,0;1340,24;843,29;10,59;61,33;0,4929
05/03/2005;22.00.00;2,0;1279,83;-200,0;4,5;608,16;209,0;1926,48;104,0;1506,84;946,41;9,43;60,48;0,4842
05/03/2005;23.00.00;1,3;1072,7;-200,0;2,1;513,2;89,0;2018,44;77,0;1374,72;776,71;3,78;72,18;0,4356
06/03/2005;00.00.00;1,0;1030,14;-200,0;7,2;708,95;114,0;2084,3;29,0;1108,8;590,56;2,44;69,3;0,3981
06/03/2005;01.00.00;1,4;1165,23;-200,0;4,3;614,15;123,0;2000,7;-200,0;1279,31;764,63;5,61;78,86;0,5549
06/03/2005;02.00.00;1,6;1149,79;-200,0;5,1;628,08;92,0;2019,36;90,0;1458,59;776,38;6,04;75,54;0,5943
06/03/2005;03.00.00;1,4;1138,03;-200,0;3,2;550,79;167,0;1991,13;69,0;1296,19;617,15;3,13;68,92;0,4374
06/03/2005;04.00.00;1,6;1116,44;-200,0;3,7;578,85;197,0;1918,96;47,0;1272,72;646,37;3,37;72,0;0,4739
06/03/2005;05.00.00;1,9;1304,03;-200,0;3,4;542,01;-200,0;2001,03;99,0;1504,67;898,51;7,17;72,96;0,5021
06/03/2005;06.00.00;1,0;990,32;-200,0;13,1;938,08;285,0;1887,88;106,0;1586,66;929,23;7,97;79,09;0,6597
06/03/2005;07.00.00;2,0;1332,8;-200,0;5,7;684,81;265,0;1930,88;-200,0;1595,54;972,4;7,6;73,03;0,5731
06/03/2005;08.00.00;3,3;1725,89;-200,0;26,1;1470,73;342,0;1732,63;135,0;1772,15;1092,56;10,65;72,3;0,7806
06/03/2005;09.00.00;2,7;1469,19;-200,0;9,8;841,68;364,0;1847,63;194,0;1971,03;1458,49;8,03;67,79;0,5702
06/03/2005;10.00.00;2,1;1300,25;-200,0;6,8;691,48;478,0;1715,8;-200,0;1445,57;817,03;10,96;52,19;0,4875
06/03/2005;11.00.00;2,1;1325,44;-200,0;7,8;731,38;335,0;1783,91;95,0;1569,31;879,91;16,17;49,58;0,7251
06/03/2005;12.00.00;1,8;1258,51;-200,0;5,2;653,45;199,0;1955,04;111,0;1554,32;994,22;14,05;44,74;0,5693
06/03/2005;13.00.00;1,7;1236,33;-200,0;6,4;688,77;164,0;1989,94;113,0;1602,13;954,52;14,96;40,58;0,4778
06/03/2005;14.00.00;1,1;1105,01;-200,0;4,1;602,58;129,0;2030,48;-200,0;1311,15;637,51;19,82;32,93;0,5456
06/03/2005;15.00.00;0,8;1009,13;-200,0;4,9;601,77;402,0;1798,84;38,0;1155,01;562,12;12,58;41,45;0,4413
06/03/2005;16.00.00;2,0;1311,28;-200,0;4,7;624,15;113,0;1968,65;-200,0;1261,27;684,26;16,8;35,71;0,5718
06/03/2005;17.00.00;1,5;1182,09;-200,0;12,1;874,23;184,0;2021,72;127,0;1730,42;1139,8;18,04;43,77;0,6837
06/03/2005;18.00.00;1,9;1280,92;-200,0;14,9;1035,91;368,0;1775,65;107,0;1589,77;945,58;13,26;57,38;0,6975
06/03/2005;19.00.00;2,1;1348,15;-200,0;15,2;1024,95;254,0;1918,47;217,0;2043,11;1607,86;14,6;47,98;0,5754
06/03/2005;20.00.00;-200,0;1823,21;-200,0;17,5;1149,3;481,0;1570,91;103,0;1561,87;976,88;9,71;55,84;0,5317
06/03/2005;21.00.00;1,9;1318,83;-200,0;8,6;790,12;-200,0;2112,18;-200,0;1433,57;782,52;9,01;64,06;0,63
06/03/2005;22.00.00;1,4;1142,73;-200,0;-200,0;644,03;82,0;2054,93;53,0;1327,79;697,4;9,86;65,59;0,5924
06/03/2005;23.00.00;1,3;1102,11;-200,0;3,7;597,43;68,0;2045,53;61,0;1382,46;770,87;9,48;69,99;0,6417
07/03/2005;00.00.00;1,2;1088,35;-200,0;3,8;617,65;75,0;1985,49;35,0;1215,07;551,92;9,25;70,24;0,5607
07/03/2005;01.00.00;2,0;1330,44;-200,0;4,4;607,56;-200,0;1926,56;72,0;1390,47;788,56;9,35;73,75;0,6264
07/03/2005;02.00.00;1,0;1054,0;-200,0;7,1;712,68;93,0;2104,21;82,0;1409,06;786,46;5,58;71,91;0,4909
07/03/2005;03.00.00;1,2;1084,66;-200,0;11,2;862,19;127,0;2071,04;-200,0;1324,81;697,83;7,93;81,56;0,6179
07/03/2005;04.00.00;1,3;1123,72;-200,0;10,7;841,62;164,0;1993,92;108,0;1509,5;913,35;5,03;68,0;0,529
07/03/2005;05.00.00;2,5;1474,46;-200,0;12,2;903,48;361,0;1711,8;-200,0;1468,41;925,82;8,01;79,77;0,618
07/03/2005;06.00.00;3,1;1595,7;-200,0;8,1;753,62;603,0;1574,83;95,0;1444,77;904,02;7,42;65,03;0,5571
07/03/2005;07.00.00;3,1;1598,34;-200,0;22,1;1323,85;618,0;1476,59;195,0;1995,07;1465,51;8,93;73,14;0,6511
07/03/2005;08.00.00;4,5;2040,0;-200,0;21,3;1271,0;397,0;1552,41;194,0;1963,42;1449,93;10,09;62,21;0,5894
07/03/2005;09.00.00;7,6;2040,0;-200,0;26,6;1494,03;534,0;1379,57;222,0;2050,45;1612,95;7,33;53,17;0,4952
07/03/2005;10.00.00;2,9;1552,2;-200,0;22,8;1349,3;982,0;1060,86;270,0;2078,4;1872,5;9,59;57,56;0,4136
07/03/2005;11.00.00;3,0;1567,89;-200,0;8,3;767,74;349,0;1635,78;130,0;1666,97;1073,3;13,24;54,97;0,6228
07/03/2005;12.00.00;1,8;1137,55;-200,0;11,2;884,39;-200,0;1963,61;-200,0;1710,14;1300,53;10,7;44,41;0,382
07/03/2005;13.00.00;3,1;1609,17;-200,0;10,4;818,44;-200,0;1444,21;101,0;1538,11;923,23;16,53;47,34;0,5677
07/03/2005;14.00.00;2,4;1400,65;-200,0;12,7;904,38;174,0;1910,43;71,0;1291,39;716,7;17,11;30,51;0,3846
07/03/2005;15.00.00;1,1;1067,77;-200,0;6,9;708,48;205,0;1954,03;-200,0;1532,97;1056,15;16,19;34,72;0,4793
07/03/2005;16.00.00;-200,0;1272,99;-200,0;9,6;811,62;189,0;1886,84;130,0;1578,16;1082,47;13,13;48,4;0,5167
07/03/2005;17.00.00;1,4;1138,34;-200,0;15,4;1053,28;261,0;1919,36;108,0;1632,55;965,38;17,63;42,62;0,685
07/03/2005;18.00.00;5,8;2040,0;-200,0;17,4;1125,83;1007,0;965,17;334,0;2548,31;2176,4;18,15;37,29;0,5669
07/03/2005;19.00.00;9,8;2040,0;-200,0;19,8;1201,96;733,0;1087,41;340,0;2533,04;2221,24;13,33;46,83;0,5257
07/03/2005;20.00.00;1,9;1279,61;-200,0;16,3;1052,04;636,0;1536,7;271,0;2264,66;1953,61;12,85;50,05;0,5463
07/03/2005;21.00.00;-200,0;1141,65;-200,0;12,0;924,68;-200,0;2022,52;-200,0;1680,27;1117,51;10,94;58,5;0,5783
07/03/2005;22.00.00;-200,0;1222,09;-200,0;13,9;1003,11;156,0;1956,51;154,0;1702,48;1184,83;10,31;62,13;0,5741
07/03/2005;23.00.00;1,3;-200,0;-200,0;5,0;-200,0;-200,0;-200,0;70,0;-200,0;-200,0;-200,0;-200,0;-200,0
08/03/2005;00.00.00;1,1;1103,55;-200,0;6,1;640,96;81,0;2114,54;61,0;1359,64;620,99;7,1;71,5;0,607
08/03/2005;01.00.00;0,8;953,91;-200,0;5,9;664,94;165,0;2010,14;113,0;1633,62;1034,55;8,18;81,51;0,6506
08/03/2005;02.00.00;-200,0;1305,13;-200,0;5,9;664,66;140,0;1996,81;-200,0;1719,66;1083,26;10,56;78,63;0,7463
08/03/2005;03.00.00;2,4;1395,67;-200,0;7,6;739,06;253,0;1876,2;54,0;1359,51;654,74;2,9;79,41;0,4907
08/03/2005;04.00.00;5,2;2040,0;-200,0;11,5;876,21;295,0;1681,24;82,0;1448,69;841,93;5,67;82,33;0,6006
08/03/2005;05.00.00;-200,0;1623,86;-200,0;9,6;815,06;210,0;1873,34;-200,0;1642,45;1169,81;4,01;72,77;0,4184
08/03/2005;06.00.00;1,7;1200,26;-200,0;11,6;898,96;395,0;1853,44;202,0;2019,63;1525,37;10,35;65,54;0,6672
08/03/2005;07.00.00;-200,0;1760,95;-200,0;16,5;1111,6;407,0;1660,93;137,0;1715,27;1180,76;7,03;74,16;0,6024
08/03/2005;08.00.00;6,0;2040,0;-200,0;16,9;1110,22;494,0;1584,58;340,0;2553,28;2280,57;6,52;64,46;0,493
08/03/2005;09.00.00;3,8;1841,15;-200,0;36,9;1898,89;-200,0;1556,92;239,0;2167,03;1727,25;11,98;59,82;0,6148
08/03/2005;10.00.00;4,9;2040,0;-200,0;15,6;1061,43;524,0;1494,86;255,0;2267,18;1779,46;15,49;51,3;0,6568
08/03/2005;11.00.00;3,5;1655,58;-200,0;22,6;1331,7;-200,0;1821,93;119,0;1635,56;1060,77;14,53;47,04;0,5758
08/03/2005;12.00.00;3,5;1671,67;-200,0;11,6;868,52;490,0;1531,57;56,0;1242,08;709,78;14,65;50,63;0,5735
08/03/2005;13.00.00;2,8;1502,65;-200,0;16,2;1089,34;-200,0;1617,63;-200,0;1352,35;691,02;15,85;48,46;0,6521
08/03/2005;14.00.00;-200,0;1381,38;-200,0;-200,0;759,18;269,0;1826,52;68,0;1407,38;764,02;18,36;45,65;0,7608
08/03/2005;15.00.00;1,5;1214,44;-200,0;6,3;649,97;233,0;1885,58;77,0;1328,47;775,24;13,95;45,09;0,5859
08/03/2005;16.00.00;1,4;1105,21;-200,0;14,5;986,25;253,0;1907,36;108,0;1563,1;986,48;15,31;44,58;0,5632
08/03/2005;17.00.00;3,2;1653,41;-200,0;11,7;887,55;1052,0;1144,73;-200,0;1662,09;1119,78;14,13;44,19;0,5902
08/03/2005;18.00.00;-200,0;1757,38;-200,0;34,4;1817,39;1328,0;819,94;228,0;2061,98;1692,21;11,9;45,52;0,5772
08/03/2005;19.00.00;4,3;1867,55;-200,0;30,2;1626,79;618,0;1479,1;-200,0;2096,62;1672,37;12,55;56,17;0,6033
08/03/2005;20.00.00;6,0;-200,0;-200,0;35,2;-200,0;510,0;-200,0;221,0;-200,0;-200,0;-200,0;-200,0;-200,0
08/03/2005;21.00.00;4,3;1927,95;-200,0;8,7;786,26;384,0;1622,83;-200,0;1906,42;1359,38;11,84;60,97;0,5298
08/03/2005;22.00.00;1,1;974,1;-200,0;10,3;835,59;107,0;2047,26;-200,0;1373,03;879,8;10,7;59,76;0,5238
08/03/2005;23.00.00;1,2;1128,57;-200,0;3,9;595,51;55,0;2100,5;70,0;1371,8;720,88;8,5;64,83;0,5577
09/03/2005;00.00.00;1,1;1056,8;-200,0;-200,0;507,44;-200,0;2084,17;72,0;1405,47;809,14;8,38;70,46;0,5465
09/03/2005;01.00.00;1,6;1116,55;-200,0;8,1;742,68;-200,0;2010,8;-200,0;1262,89;650,01;4,94;70,48;0,579
09/03/2005;02.00.00;0,7;954,83;-200,0;6,6;691,89;-200,0;2092,89;42,0;1218,74;540,74;5,42;80,29;0,5908
09/03/2005;03.00.00;1,0;1132,22;-200,0;11,0;854,93;-200,0;1871,47;92,0;1467,26;935,22;6,25;70,18;0,5661
09/03/2005;04.00.00;-200,0;1251,0;-200,0;8,9;796,15;117,0;2077,17;77,0;1347,36;879,58;6,59;76,8;0,578
09/03/2005;05.00.00;-200,0;1540,27;-200,0;9,8;827,41;-200,0;1948,07;143,0;1644,81;1185,88;7,18;75,17;0,539
09/03/2005;06.00.00;2,7;1445,36;-200,0;21,7;1314,99;-200,0;2010,79;211,0;2007,35;1481,64;7,06;62,59;0,4607
09/03/2005;07.00.00;4,6;2007,53;-200,0;18,9;1180,63;376,0;1653,3;183,0;1874,46;1448,77;7,61;65,71;0,5425
09/03/2005;08.00.00;5,2;2040,0;-200,0;20,5;1269,84;579,0;1447,18;284,0;2457,29;1906,54;15,89;64,85;0,8454
09/03/2005;09.00.00;7,6;-200,0;-200,0;23,9;-200,0;666,0;-200,0;335,0;-200,0;-200,0;-200,0;-200,0;-200,0
09/03/2005;10.00.00;6,2;2040,0;-200,0;19,5;1221,31;496,0;1521,98;156,0;1772,24;1254,18;12,99;53,24;0,6386
09/03/2005;11.00.00;-200,0;1311,56;-200,0;4,4;611,44;264,0;1955,61;-200,0;1658,5;1119,23;12,9;53,3;0,6008
09/03/2005;12.00.00;3,1;1597,52;-200,0;12,7;917,51;176,0;1852,17;71,0;1307,56;807,36;13,5;45,64;0,4424
09/03/2005;13.00.00;-200,0;1437,79;-200,0;15,9;1068,39;290,0;1813,53;-200,0;1679,41;1217,26;14,94;43,4;0,6398
09/03/2005;14.00.00;4,6;2040,0;-200,0;8,5;769,6;150,0;1896,23;-200,0;1860,62;1262,22;16,28;42,79;0,5821
09/03/2005;15.00.00;1,4;1135,08;-200,0;7,1;748,13;-200,0;1817,31;96,0;1477,16;924,52;12,11;45,55;0,624
09/03/2005;16.00.00;2,0;1351,14;-200,0;11,3;847,52;134,0;1921,87;85,0;1345,92;952,05;12,56;38,15;0,4534
09/03/2005;17.00.00;2,1;1295,03;-200,0;27,9;1552,23;282,0;1840,42;173,0;1788,64;1341,48;13,92;40,89;0,4802
09/03/2005;18.00.00;-200,0;1585,54;-200,0;25,1;1456,5;1368,0;737,13;153,0;1761,09;1261,51;14,82;42,84;0,5655
09/03/2005;19.00.00;5,5;2040,0;-200,0;26,2;1455,08;1479,0;603,49;230,0;2036,42;1696,79;12,89;48,25;0,4423
09/03/2005;20.00.00;4,3;2028,8;-200,0;17,3;1167,24;312,0;1699,44;193,0;2075,66;1473,86;15,12;61,39;0,8438
09/03/2005;21.00.00;3,2;1599,53;-200,0;8,4;769,44;554,0;1569,36;-200,0;1582,71;1118,81;7,9;61,78;0,6358
09/03/2005;22.00.00;2,0;1238,57;-200,0;7,2;704,39;346,0;1858,76;86,0;1362,11;896,2;8,07;57,92;0,3765
09/03/2005;23.00.00;1,2;1036,79;-200,0;5,2;644,33;184,0;2065,65;68,0;1398,75;683,68;11,41;64,91;0,652
10/03/2005;00.00.00;1,2;1013,16;-200,0;2,4;529,01;110,0;2063,02;57,0;1341,83;623,53;7,76;73,3;0,5913
10/03/2005;01.00.00;1,0;1058,58;-200,0;4,4;610,92;60,0;2069,48;87,0;1497,7;832,75;8,47;69,76;0,6383
10/03/2005;02.00.00;1,2;1083,81;-200,0;10,3;835,26;167,0;2054,6;85,0;1574,92;866,46;10,31;72,47;0,7994
10/03/2005;03.00.00;1,7;1160,18;-200,0;-200,0;710,75;224,0;1931,27;73,0;1462,92;814,49;4,65;83,43;0,573
10/03/2005;04.00.00;-200,0;1264,99;-200,0;3,4;540,79;-200,0;1903,09;92,0;1496,72;915,3;6,01;73,03;0,6374
10/03/2005;05.00.00;2,7;1539,99;-200,0;17,9;1138,25;306,0;1823,8;106,0;1494,81;965,23;6,16;79,07;0,5884
10/03/2005;06.00.00;3,2;1609,69;-200,0;8,7;769,61;231,0;1804,88;120,0;1545,65;1057,69;3,59;77,71;0,5034
10/03/2005;07.00.00;-200,0;2040,0;-200,0;15,0;1029,45;401,0;1513,91;-200,0;2077,1;1738,98;7,91;64,04;0,5428
10/03/2005;08.00.00;-200,0;1746,32;-200,0;36,7;1901,24;250,0;1860,95;136,0;1738,98;1196,97;11,5;58,92;0,6694
10/03/2005;09.00.00;4,5;2014,21;-200,0;18,6;1177,58;997,0;1055,27;273,0;2320,6;1906,37;12,12;57,33;0,594
10/03/2005;10.00.00;2,7;1508,98;-200,0;8,7;757,64;-200,0;1790,74;222,0;2086,69;1640,33;13,57;48,6;0,6115
10/03/2005;11.00.00;4,2;1949,23;-200,0;13,9;983,18;307,0;1738,47;172,0;1805,07;1335,17;12,78;50,31;0,5012
10/03/2005;12.00.00;1,9;1211,85;-200,0;14,2;979,25;303,0;1885,48;166,0;1761,13;1326,57;13,26;44,95;0,5035
10/03/2005;13.00.00;3,1;1606,19;-200,0;7,9;753,26;-200,0;1968,58;100,0;1546,31;1012,58;17,9;44,92;0,6539
10/03/2005;14.00.00;3,2;1670,44;-200,0;8,2;786,96;139,0;1948,35;126,0;1594,77;1001,18;14,87;48,3;0,6186
10/03/2005;15.00.00;2,2;1410,1;-200,0;5,3;644,65;233,0;1932,06;113,0;1582,15;972,82;16,62;44,79;0,6176
10/03/2005;16.00.00;2,3;1474,67;-200,0;6,6;722,23;118,0;1993,68;117,0;1633,35;979,89;16,19;43,77;0,6596
10/03/2005;17.00.00;3,0;1522,67;-200,0;12,7;935,41;532,0;1633,89;-200,0;1510,55;900,23;18,29;33,29;0,476
10/03/2005;18.00.00;3,7;1789,3;-200,0;26,8;1492,15;763,0;1258,13;326,0;2471,38;2168,51;16,51;48,2;0,5904
10/03/2005;19.00.00;4,1;1884,91;-200,0;24,9;1426,9;530,0;1560,84;272,0;2266,96;1787,3;10,94;58,32;0,5136
10/03/2005;20.00.00;3,8;1773,0;-200,0;29,5;1569,59;448,0;1605,67;203,0;1970,12;1502,45;9,95;39,0;0,4149
10/03/2005;21.00.00;5,0;2040,0;-200,0;23,5;1374,15;220,0;1820,07;96,0;1520,6;977,65;12,19;62,15;0,6216
10/03/2005;22.00.00;1,1;1138,58;-200,0;10,0;848,08;149,0;2008,01;37,0;1224,99;510,12;9,61;62,57;0,5933
10/03/2005;23.00.00;1,4;1080,19;-200,0;2,8;522,66;-200,0;2060,97;108,0;1536,66;863,96;7,62;63,46;0,4972
11/03/2005;00.00.00;1,6;1168,47;-200,0;4,5;632,78;99,0;2025,66;63,0;1415,49;677,18;9,7;75,23;0,7345
11/03/2005;01.00.00;-200,0;1122,09;-200,0;8,0;739,57;248,0;1786,53;46,0;1248,59;579,46;7,25;82,63;0,6391
11/03/2005;02.00.00;-200,0;1248,09;-200,0;6,3;687,98;77,0;2110,16;50,0;1352,63;679,56;6,48;79,76;0,7355
11/03/2005;03.00.00;1,0;1064,77;-200,0;4,1;582,75;128,0;1951,77;78,0;1493,22;872,35;7,76;74,64;0,7025
11/03/2005;04.00.00;3,0;-200,0;-200,0;6,9;-200,0;-200,0;-200,0;123,0;-200,0;-200,0;-200,0;-200,0;-200,0
11/03/2005;05.00.00;3,1;1627,21;-200,0;4,1;642,29;592,0;1532,74;132,0;1685,18;1048,1;10,01;74,81;0,6806
11/03/2005;06.00.00;2,5;1430,38;-200,0;11,0;866,45;225,0;1908,39;168,0;1824,94;1327,46;6,09;75,59;0,7086
11/03/2005;07.00.00;2,7;1483,71;-200,0;13,8;977,99;749,0;1427,05;148,0;1718,03;1191,87;10,02;65,56;0,5626
11/03/2005;08.00.00;6,4;2040,0;-200,0;21,3;1286,89;419,0;1567,57;-200,0;2269,59;1803,57;12,78;61,7;0,6871
11/03/2005;09.00.00;3,2;1689,34;-200,0;38,5;1967,83;580,0;1573,24;280,0;2330,86;1996,23;8,45;72,61;0,6189
11/03/2005;10.00.00;2,6;1474,29;-200,0;11,0;888,95;-200,0;1655,34;-200,0;1947,8;1453,59;11,81;59,23;0,6235
11/03/2005;11.00.00;2,6;1443,37;-200,0;9,7;813,35;-200,0;1779,44;168,0;1826,39;1248,95;15,99;55,25;0,6649
11/03/2005;12.00.00;3,8;1861,36;-200,0;-200,0;704,85;-200,0;1837,14;192,0;1896,03;1381,55;17,05;38,47;0,583
11/03/2005;13.00.00;-200,0;1438,4;-200,0;14,1;982,62;136,0;1941,06;-200,0;1537,41;1005,43;15,19;39,37;0,462
11/03/2005;14.00.00;-200,0;1240,02;-200,0;13,2;982,86;290,0;1943,78;80,0;1446,27;833,77;14,56;41,48;0,5895
11/03/2005;15.00.00;1,0;1000,81;-200,0;9,5;807,24;143,0;1994,85;-200,0;1343,45;657,99;18,12;35,49;0,4759
11/03/2005;16.00.00;2,1;1338,73;-200,0;10,9;875,56;188,0;1971,47;114,0;1680,37;986,78;18,4;49,11;0,7752
11/03/2005;17.00.00;3,2;1614,61;-200,0;9,1;796,32;276,0;1741,91;-200,0;1622,44;1129,09;13,2;49,96;0,4627
11/03/2005;18.00.00;4,1;1838,62;-200,0;22,5;1340,65;424,0;1627,52;263,0;2101,79;1840,95;12,33;43,1;0,361
11/03/2005;19.00.00;8,9;2040,0;-200,0;-200,0;1074,19;-200,0;1177,28;-200,0;2417,65;2026,07;14,15;58,42;0,669
11/03/2005;20.00.00;3,8;1787,34;-200,0;20,3;1253,69;-200,0;1442,12;340,0;2554,42;2335,7;13,76;53,82;0,6043
11/03/2005;21.00.00;1,2;1081,04;-200,0;11,0;895,8;954,0;1232,15;148,0;1801,98;1192,87;10,61;71,44;0,7706
11/03/2005;22.00.00;-200,0;1204,35;-200,0;5,7;659,38;157,0;2014,88;92,0;1484,8;847,2;11,27;63,88;0,648
11/03/2005;23.00.00;1,5;-200,0;-200,0;5,2;-200,0;112,0;-200,0;-200,0;-200,0;-200,0;-200,0;-200,0;-200,0
12/03/2005;00.00.00;1,3;1165,58;-200,0;5,8;665,96;170,0;2026,45;32,0;1151,86;570,96;3,61;78,01;0,4644
12/03/2005;01.00.00;1,2;1112,12;-200,0;9,9;834,41;125,0;2039,71;81,0;1467,59;739,64;6,2;80,26;0,6204
12/03/2005;02.00.00;-200,0;1075,95;-200,0;7,0;707,69;128,0;2049,34;95,0;1526,25;962,96;6,67;78,22;0,557
12/03/2005;03.00.00;0,8;959,9;-200,0;15,3;1014,2;146,0;1981,02;65,0;1331,9;797,89;5,82;75,58;0,5025
12/03/2005;04.00.00;-200,0;1171,89;-200,0;7,7;731,81;191,0;1873,33;43,0;1179,01;537,52;4,23;78,24;0,4141
12/03/2005;05.00.00;-200,0;1207,72;-200,0;15,9;1046,73;306,0;1844,49;140,0;1636,56;1126,38;3,41;69,79;0,4436
12/03/2005;06.00.00;2,4;-200,0;-200,0;11,9;-200,0;458,0;-200,0;163,0;-200,0;-200,0;-200,0;-200,0;-200,0
12/03/2005;07.00.00;-200,0;1763,2;-200,0;15,8;1068,19;600,0;1387,19;154,0;1749,41;1254,61;10,67;61,73;0,6439
12/03/2005;08.00.00;6,1;2040,0;-200,0;18,3;1183,9;-200,0;1323,84;302,0;2434,27;2010,55;12,59;54,04;0,608
12/03/2005;09.00.00;2,8;-200,0;-200,0;22,0;-200,0;-200,0;-200,0;213,0;-200,0;-200,0;-200,0;-200,0;-200,0
12/03/2005;10.00.00;1,9;1259,35;-200,0;17,4;1111,04;935,0;1197,75;174,0;1846,14;1405,37;11,04;59,93;0,6099
12/03/2005;11.00.00;1,9;1211,68;-200,0;6,1;653,85;224,0;1929,99;69,0;1408,64;628,93;11,57;53,91;0,6086
12/03/2005;12.00.00;1,5;1166,47;-200,0;11,3;866,29;295,0;1883,57;143,0;1726,77;1244,82;15,9;45,14;0,5951
12/03/2005;13.00.00;1,3;1071,64;-200,0;4,5;646,12;322,0;1859,94;50,0;1343,02;616,18;16,98;51,43;0,6973
12/03/2005;14.00.00;2,8;1498,72;-200,0;9,5;799,13;277,0;1815,53;141,0;1639,46;1144,76;17,0;38,05;0,5864
12/03/2005;15.00.00;1,7;1190,85;-200,0;8,8;740,65;124,0;1994,38;141,0;1614,5;1129,01;12,35;30,69;0,3296
12/03/2005;16.00.00;-200,0;1783,28;-200,0;-200,0;978,82;660,0;1372,66;40,0;1218,04;574,69;14,47;29,98;0,4137
12/03/2005;17.00.00;2,5;1397,34;-200,0;8,4;752,53;620,0;1508,15;213,0;1922,71;1540,27;15,65;36,79;0,508
12/03/2005;18.00.00;-200,0;1344,21;-200,0;11,5;892,48;712,0;1465,4;171,0;1878,13;1300,61;15,88;49,64;0,6317
12/03/2005;19.00.00;2,9;1589,86;-200,0;29,2;1613,52;345,0;1749,94;-200,0;2132,48;1691,2;15,41;46,11;0,6596
12/03/2005;20.00.00;4,7;2040,0;-200,0;-200,0;874,66;657,0;1393,09;113,0;1611,14;1021,05;12,96;55,93;0,5888
12/03/2005;21.00.00;-200,0;-200,0;-200,0;6,6;-200,0;101,0;-200,0;103,0;-200,0;-200,0;-200,0;-200,0;-200,0
12/03/2005;22.00.00;1,8;1185,47;-200,0;6,6;699,0;-200,0;1998,75;47,0;1342,09;721,08;10,25;57,44;0,6123
12/03/2005;23.00.00;-200,0;1075,67;-200,0;4,5;631,06;105,0;2028,47;41,0;1252,67;538,02;10,25;69,67;0,6455
13/03/2005;00.00.00;0,7;889,41;-200,0;4,0;583,79;64,0;2107,85;65,0;1379,19;740,5;8,64;73,49;0,6907
13/03/2005;01.00.00;1,8;1246,07;-200,0;5,1;614,53;173,0;1975,91;66,0;1430,26;698,43;7,35;69,35;0,5695
13/03/2005;02.00.00;1,0;1061,05;-200,0;5,7;667,26;107,0;2084,86;69,0;1394,42;709,37;6,18;82,22;0,6465
13/03/2005;03.00.00;1,0;1000,8;-200,0;5,0;609,33;78,0;2183,65;49,0;1237,63;628,74;6,71;74,63;0,5256
13/03/2005;04.00.00;1,3;1105,34;-200,0;5,7;652,21;179,0;1981,25;51,0;1271,27;674,4;7,69;73,53;0,6064
13/03/2005;05.00.00;-200,0;1052,87;-200,0;6,1;673,03;175,0;2003,96;41,0;1204,86;629,96;7,75;84,21;0,6147
13/03/2005;06.00.00;3,7;1783,26;-200,0;7,6;743,74;89,0;1934,42;105,0;1581,96;933,05;8,77;73,41;0,7233
13/03/2005;07.00.00;3,3;1740,21;-200,0;6,2;674,84;477,0;1620,73;-200,0;2098,95;1627,6;11,73;71,69;0,6504
13/03/2005;08.00.00;2,3;1385,44;-200,0;18,4;1184,79;-200,0;1693,92;243,0;2137,04;1765,32;10,78;69,5;0,6683
13/03/2005;09.00.00;2,4;1421,53;-200,0;20,7;1249,52;562,0;1505,38;155,0;1706,88;1256,84;10,25;54,81;0,4765
13/03/2005;10.00.00;-200,0;1054,26;-200,0;13,5;956,39;329,0;1794,08;138,0;1775,0;1172,32;14,61;59,66;0,7804
13/03/2005;11.00.00;1,9;1245,99;-200,0;9,7;818,41;169,0;1965,45;95,0;1434,02;839,95;11,32;46,56;0,5714
13/03/2005;12.00.00;1,2;1004,43;-200,0;4,5;609,06;-200,0;1894,71;100,0;1423,62;963,48;12,92;42,61;0,5135
13/03/2005;13.00.00;-200,0;1176,86;-200,0;3,5;573,58;138,0;2020,67;120,0;1660,62;950,86;16,55;41,12;0,7269
13/03/2005;14.00.00;0,7;904,34;-200,0;7,7;730,7;149,0;2033,35;53,0;1301,55;681,2;17,41;37,57;0,488
13/03/2005;15.00.00;-200,0;1141,05;-200,0;5,5;637,57;163,0;1932,76;53,0;1206,26;645,8;14,06;44,18;0,4695
13/03/2005;16.00.00;2,7;1447,19;-200,0;6,6;677,17;157,0;1928,48;64,0;1298,84;642,89;15,61;42,01;0,5143
13/03/2005;17.00.00;2,0;1257,77;-200,0;9,3;820,44;264,0;1856,34;95,0;1454,54;829,4;14,67;40,02;0,5087
13/03/2005;18.00.00;-200,0;1304,43;-200,0;13,2;964,65;271,0;1899,36;167,0;1859,44;1296,11;14,11;48,71;0,5399
13/03/2005;19.00.00;-200,0;1526,35;-200,0;17,3;1134,12;285,0;1780,35;-200,0;1761,89;1186,14;15,94;47,69;0,6094
13/03/2005;20.00.00;2,4;1414,53;-200,0;11,1;873,4;419,0;1764,85;97,0;1597,26;868,1;14,25;51,77;0,665
13/03/2005;21.00.00;3,8;-200,0;-200,0;3,7;-200,0;350,0;-200,0;66,0;-200,0;-200,0;-200,0;-200,0;-200,0
13/03/2005;22.00.00;1,1;1001,68;-200,0;6,3;634,06;88,0;2056,16;38,0;1248,01;499,66;9,16;65,04;0,5226
13/03/2005;23.00.00;0,7;901,69;-200,0;4,8;634,29;91,0;1995,01;-200,0;1153,29;525,52;6,35;69,01;0,4926
14/03/2005;00.00.00;1,3;1107,5;-200,0;3,0;586,29;62,0;1944,88;79,0;1356,37;775,13;11,03;68,76;0,674
14/03/2005;01.00.00;1,5;1133,28;-200,0;3,7;562,24;285,0;1849,75;74,0;1491,73;673,51;8,58;77,67;0,7168
14/03/2005;02.00.00;1,9;1211,33;-200,0;9,2;761,99;257,0;1805,52;-200,0;1428,05;845,76;5,48;74,12;0,4749
14/03/2005;03.00.00;2,2;1404,18;-200,0;11,5;897,22;145,0;1921,5;59,0;1238,05;722,73;8,16;72,57;0,5701
14/03/2005;04.00.00;3,7;1799,05;-200,0;3,1;577,03;184,0;1861,8;65,0;1305,59;702,93;6,75;67,89;0,5467
14/03/2005;05.00.00;1,7;1234,6;-200,0;11,4;875,08;411,0;1791,4;113,0;1579,55;1019,84;6,82;78,35;0,64
14/03/2005;06.00.00;2,0;1298,92;-200,0;11,1;909,07;-200,0;1780,4;200,0;2042,08;1432,3;9,06;70,64;0,6963
14/03/2005;07.00.00;1,9;1269,33;-200,0;18,2;1165,11;631,0;1511,01;255,0;2211,22;1690,05;7,74;67,9;0,5754
14/03/2005;08.00.00;6,0;2040,0;-200,0;25,4;1410,11;-200,0;1511,31;-200,0;2078,46;1600,64;9,74;67,73;0,6324
14/03/2005;09.00.00;-200,0;1684,39;-200,0;18,2;1175,31;861,0;1253,33;340,0;2559,54;2241,67;11,97;55,46;0,6183
14/03/2005;10.00.00;-200,0;2040,0;-200,0;23,2;1346,78;464,0;1666,59;104,0;1415,85;911,47;12,02;46,32;0,4806
14/03/2005;11.00.00;-200,0;1349,98;-200,0;9,7;819,94;381,0;1770,73;141,0;1646,18;1128,44;15,56;49,2;0,6387
14/03/2005;12.00.00;-200,0;1890,17;-200,0;13,7;979,25;228,0;1766,43;119,0;1656,54;990,84;19,0;46,66;0,6713
14/03/2005;13.00.00;-200,0;1093,43;-200,0;13,5;967,78;-200,0;1954,04;-200,0;1481,58;949,87;14,54;40,94;0,5551
14/03/2005;14.00.00;2,7;1471,1;-200,0;6,1;660,2;226,0;1840,29;113,0;1564,41;933,62;13,22;47,83;0,5603
14/03/2005;15.00.00;2,5;1389,06;-200,0;5,9;637,47;161,0;1985,13;86,0;1349,03;791,32;12,72;27,42;0,3443
14/03/2005;16.00.00;2,5;1417,88;-200,0;10,0;833,78;639,0;1487,66;66,0;1238,19;730,16;16,25;46,06;0,4961
14/03/2005;17.00.00;2,0;1298,2;-200,0;25,1;1412,7;-200,0;1906,86;152,0;1740,35;1235,32;14,73;46,21;0,5802
14/03/2005;18.00.00;5,0;2040,0;-200,0;16,5;1072,86;702,0;1376,42;239,0;2181,29;1683,16;15,67;47,4;0,5902
14/03/2005;19.00.00;-200,0;2040,0;-200,0;20,3;1206,67;747,0;1384,01;340,0;2587,11;2158,57;14,49;32,17;0,4747
14/03/2005;20.00.00;2,1;1320,8;-200,0;22,3;1334,68;747,0;1377,11;340,0;2564,57;2182,56;9,81;59,61;0,5839
14/03/2005;21.00.00;4,5;1981,25;-200,0;15,9;1092,81;-200,0;1817,63;104,0;1445,29;960,82;8,09;52,71;0,4501
14/03/2005;22.00.00;1,4;1116,46;-200,0;8,6;753,47;85,0;1985,32;135,0;1687,08;1054,3;11,02;59,97;0,5792
14/03/2005;23.00.00;2,1;1342,66;-200,0;5,2;627,08;92,0;2008,49;51,0;1309,02;664,91;9,49;65,99;0,6201
15/03/2005;00.00.00;1,2;1105,69;-200,0;4,4;603,23;165,0;2017,43;48,0;1206,21;506,42;7,51;72,39;0,5334
15/03/2005;01.00.00;2,0;1294,71;-200,0;6,5;695,37;119,0;2000,41;57,0;1257,8;648,97;4,26;76,41;0,4893
15/03/2005;02.00.00;1,1;1107,15;-200,0;1,9;508,05;139,0;2020,84;40,0;1289,4;509,22;8,01;79,48;0,6286
15/03/2005;03.00.00;-200,0;1260,74;-200,0;15,2;1075,0;186,0;1890,91;73,0;1464,85;708,84;9,44;79,7;0,836
15/03/2005;04.00.00;2,0;1332,57;-200,0;7,8;737,17;149,0;1987,19;143,0;1831,65;1074,42;7,63;76,28;0,6889
15/03/2005;05.00.00;1,9;1241,83;-200,0;-200,0;840,37;300,0;1852,71;124,0;1625,97;1037,39;5,87;75,29;0,5952
15/03/2005;06.00.00;-200,0;1169,31;-200,0;26,8;1495,15;345,0;1707,42;144,0;1643,97;1154,97;8,45;64,9;0,4778
15/03/2005;07.00.00;1,2;1103,09;-200,0;13,3;932,44;595,0;1674,89;217,0;2048,7;1538,45;6,67;62,87;0,5199
15/03/2005;08.00.00;-200,0;1780,14;-200,0;58,4;2214,0;1265,0;893,11;340,0;2682,79;2276,64;12,72;66,76;0,7532
15/03/2005;09.00.00;6,1;2040,0;-200,0;32,0;1722,41;611,0;1386,97;200,0;2052,95;1555,18;12,06;61,81;0,7223
15/03/2005;10.00.00;2,2;-200,0;-200,0;21,3;-200,0;516,0;-200,0;264,0;-200,0;-200,0;-200,0;-200,0;-200,0
15/03/2005;11.00.00;-200,0;1228,47;-200,0;16,1;1060,92;222,0;1896,73;143,0;1695,22;1145,91;13,8;46,05;0,5481
15/03/2005;12.00.00;1,4;1125,51;-200,0;7,5;761,93;-200,0;2008,52;89,0;1544,71;885,52;16,36;49,45;0,7
15/03/2005;13.00.00;2,2;1364,64;-200,0;5,0;606,89;237,0;1818,19;120,0;1523,79;1020,36;15,56;36,23;0,3903
15/03/2005;14.00.00;1,4;1079,22;-200,0;5,4;648,64;225,0;2008,92;98,0;1537,87;857,11;16,18;45,63;0,5897
15/03/2005;15.00.00;2,8;1505,43;-200,0;12,4;914,71;275,0;1856,08;-200,0;1400,72;777,18;14,45;38,32;0,4937
15/03/2005;16.00.00;2,7;1530,34;-200,0;6,7;698,17;313,0;1763,34;76,0;1529,4;859,41;17,86;48,66;0,798
15/03/2005;17.00.00;3,1;1616,51;-200,0;7,5;703,38;-200,0;1646,48;-200,0;1596,93;1093,77;14,93;34,43;0,412
15/03/2005;18.00.00;4,6;2026,42;-200,0;20,0;1230,88;1151,0;967,33;192,0;1972,08;1465,57;11,12;53,71;0,5396
15/03/2005;19.00.00;3,6;1720,17;-200,0;29,3;1583,53;575,0;1580,97;340,0;2596,53;2334,38;13,66;46,82;0,4727
15/03/2005;20.00.00;3,0;1594,91;-200,0;19,9;1228,23;499,0;1579,85;202,0;2077,58;1502,21;15,16;51,07;0,7338
15/03/2005;21.00.00;3,3;1677,72;-200,0;15,5;1071,3;-200,0;1752,85;121,0;1616,34;1094,39;11,13;58,6;0,6467
15/03/2005;22.00.00;2,2;1416,73;-200,0;10,9;860,23;-200,0;1969,31;114,0;1612,34;982,33;14,08;58,8;0,7451
15/03/2005;23.00.00;1,6;1176,23;-200,0;6,3;703,38;155,0;2014,69;90,0;1486,6;736,92;10,26;66,26;0,653
16/03/2005;00.00.00;1,1;1039,27;-200,0;4,7;613,54;-200,0;2050,09;43,0;1313,2;528,88;9,22;66,44;0,6715
16/03/2005;01.00.00;1,2;1057,03;-200,0;4,6;607,55;138,0;1946,12;43,0;1207,0;623,81;7,49;69,49;0,5155
16/03/2005;02.00.00;1,1;971,81;-200,0;8,8;785,31;198,0;1943,93;-200,0;1448,15;931,25;7,11;77,22;0,557
16/03/2005;03.00.00;-200,0;1295,47;-200,0;8,3;739,27;-200,0;1942,81;-200,0;1430,12;757,7;6,55;70,89;0,5865
16/03/2005;04.00.00;0,9;950,94;-200,0;6,1;682,36;252,0;1944,19;79,0;1467,47;872,68;6,64;70,95;0,5868
16/03/2005;05.00.00;1,0;990,74;-200,0;-200,0;1037,17;208,0;1908,58;148,0;1767,6;1140,84;8,81;66,13;0,5161
16/03/2005;06.00.00;1,3;1093,58;-200,0;13,3;957,86;614,0;1519,03;122,0;1571,0;1027,96;6,67;67,61;0,4862
16/03/2005;07.00.00;-200,0;1199,9;-200,0;22,5;1317,26;-200,0;1809,5;340,0;2598,35;2261,64;7,43;72,96;0,6656
16/03/2005;08.00.00;7,6;2040,0;-200,0;20,7;1257,56;500,0;1383,7;267,0;2264,31;1879,63;8,54;57,83;0,5154
16/03/2005;09.00.00;6,3;2040,0;-200,0;37,0;1899,21;-200,0;1452,85;278,0;2376,4;1979,98;16,17;53,74;0,7789
16/03/2005;10.00.00;2,4;1419,16;-200,0;9,8;814,78;362,0;1794,02;-200,0;2559,78;2234,21;14,43;53,71;0,6071
16/03/2005;11.00.00;2,6;1451,79;-200,0;23,8;1374,36;-200,0;1868,19;154,0;1828,36;1365,03;15,19;46,55;0,6363
16/03/2005;12.00.00;3,7;1786,98;-200,0;4,9;633,56;532,0;1551,57;91,0;1449,63;875,55;13,5;55,81;0,5816
16/03/2005;13.00.00;-200,0;1371,13;-200,0;5,5;667,09;311,0;1757,44;74,0;1417,53;737,34;17,66;41,0;0,5178
16/03/2005;14.00.00;4,0;1893,24;-200,0;9,3;797,71;164,0;1884,92;82,0;1401,99;907,18;16,67;41,69;0,6277
16/03/2005;15.00.00;-200,0;1264,71;-200,0;6,7;697,84;275,0;1950,55;98,0;1603,09;915,48;17,51;44,12;0,7295
16/03/2005;16.00.00;-200,0;1192,9;-200,0;8,4;752,98;229,0;1861,8;142,0;1765,9;1210,8;14,95;44,64;0,5579
16/03/2005;17.00.00;2,0;1285,17;-200,0;11,5;911,82;-200,0;1804,01;-200,0;1441,64;818,25;16,73;42,98;0,5843
16/03/2005;18.00.00;4,1;1905,68;-200,0;15,2;1036,54;377,0;1543,04;-200,0;2124,4;1626,44;14,77;43,87;0,6399
16/03/2005;19.00.00;6,5;2040,0;-200,0;26,5;1500,0;657,0;1342,12;340,0;2607,52;2257,31;13,05;58,52;0,6556
16/03/2005;20.00.00;4,1;1827,5;-200,0;19,2;1207,43;-200,0;1624,55;234,0;2112,04;1647,8;14,84;52,24;0,6599
16/03/2005;21.00.00;2,3;1348,67;-200,0;17,2;1103,76;216,0;1955,99;210,0;2123,71;1546,99;9,0;55,19;0,5713
16/03/2005;22.00.00;2,5;1436,57;-200,0;7,2;727,62;256,0;1846,49;49,0;1248,29;688,69;11,91;58,83;0,6057
16/03/2005;23.00.00;1,5;1148,08;-200,0;4,3;619,54;-200,0;2084,53;54,0;1309,17;648,01;10,95;57,77;0,5434
17/03/2005;00.00.00;1,2;1052,72;-200,0;6,6;689,22;201,0;2047,71;59,0;1304,59;757,01;6,96;74,01;0,6129
17/03/2005;01.00.00;1,1;1035,33;-200,0;2,8;548,23;98,0;2092,67;77,0;1338,34;716,28;6,29;61,02;0,4158
17/03/2005;02.00.00;-200,0;1104,99;-200,0;2,4;530,52;84,0;2095,21;56,0;1312,43;678,75;6,98;74,53;0,5696
17/03/2005;03.00.00;2,0;1256,7;-200,0;4,1;571,8;229,0;1955,87;95,0;1496,36;908,89;7,82;74,15;0,54
17/03/2005;04.00.00;1,4;1135,3;-200,0;-200,0;751,05;175,0;1993,52;110,0;1596,97;849,09;7,12;85,76;0,6791
17/03/2005;05.00.00;1,4;1165,53;-200,0;11,0;880,81;-200,0;1992,2;104,0;1515,71;965,59;8,8;63,61;0,5568
17/03/2005;06.00.00;2,1;1364,18;-200,0;4,3;592,16;352,0;1665,53;154,0;1847,71;1193,63;12,25;65,4;0,756
17/03/2005;07.00.00;3,5;1702,78;-200,0;17,4;1114,19;276,0;1769,87;213,0;2053,59;1578,29;8,74;65,5;0,6107
17/03/2005;08.00.00;-200,0;2040,0;-200,0;20,9;1279,94;-200,0;1651,57;212,0;2023,49;1616,76;7,53;60,85;0,5156
17/03/2005;09.00.00;3,2;1574,19;-200,0;-200,0;1430,18;887,0;1212,16;250,0;2210,38;1786,79;13,91;54,43;0,6724
17/03/2005;10.00.00;3,9;1852,2;-200,0;8,7;763,49;913,0;1167,84;132,0;1676,84;1078,6;16,92;52,11;0,7465
17/03/2005;11.00.00;2,4;1416,6;-200,0;33,9;1759,79;282,0;1826,47;86,0;1419,12;814,77;15,54;41,88;0,5853
17/03/2005;12.00.00;2,0;-200,0;-200,0;10,4;-200,0;-200,0;-200,0;124,0;-200,0;-200,0;-200,0;-200,0;-200,0
17/03/2005;13.00.00;-200,0;1665,57;-200,0;5,8;658,09;331,0;1775,88;56,0;1140,75;742,67;16,34;29,98;0,2994
17/03/2005;14.00.00;-200,0;1253,04;-200,0;8,9;787,1;283,0;1878,85;87,0;1398,08;694,21;14,85;39,66;0,5619
17/03/2005;15.00.00;1,3;1145,38;-200,0;14,3;985,29;190,0;1960,72;104,0;1501,44;1008,19;18,54;36,17;0,6074
17/03/2005;16.00.00;2,8;1514,06;-200,0;5,8;655,72;190,0;1938,0;106,0;1497,63;977,29;14,39;44,87;0,5476
17/03/2005;17.00.00;3,9;1809,49;-200,0;7,9;763,57;434,0;1635,57;-200,0;2496,56;2073,53;15,99;50,36;0,7392
17/03/2005;18.00.00;2,9;1499,53;-200,0;19,5;1191,49;738,0;1389,51;257,0;2170,84;1831,83;13,79;42,79;0,4726
17/03/2005;19.00.00;3,1;-200,0;-200,0;23,1;-200,0;-200,0;-200,0;235,0;-200,0;-200,0;-200,0;-200,0;-200,0
17/03/2005;20.00.00;4,5;1985,26;-200,0;25,5;1473,81;468,0;1556,06;260,0;2231,43;1810,28;12,82;50,94;0,5288
17/03/2005;21.00.00;2,6;1437,59;-200,0;21,4;1288,64;299,0;1792,28;89,0;1444,76;886,92;12,61;52,35;0,6077
17/03/2005;22.00.00;1,4;1140,58;-200,0;9,4;831,73;152,0;1994,58;108,0;1598,59;965,05;11,01;70,56;0,6273
17/03/2005;23.00.00;1,8;1241,08;-200,0;3,0;534,25;87,0;2067,19;49,0;1218,75;704,3;7,79;68,78;0,5224
18/03/2005;00.00.00;1,0;1065,76;-200,0;3,3;558,7;63,0;2076,44;80,0;1546,19;798,27;10,16;69,7;0,6758
18/03/2005;01.00.00;1,6;1185,41;-200,0;4,2;614,34;-200,0;2027,77;73,0;1326,59;767,01;8,01;75,97;0,5683
18/03/2005;02.00.00;2,3;1360,89;-200,0;8,7;775,61;139,0;2025,89;90,0;1431,21;907,34;5,63;75,71;0,5034
18/03/2005;03.00.00;1,5;1157,17;-200,0;9,3;788,94;-200,0;2045,96;-200,0;1435,11;777,36;11,92;74,6;0,6803
18/03/2005;04.00.00;1,0;1003,9;-200,0;13,5;1000,14;276,0;1851,79;65,0;1396,27;743,72;8,56;67,7;0,6106
18/03/2005;05.00.00;-200,0;1200,16;-200,0;11,7;900,49;137,0;2104,69;-200,0;1303,41;707,79;7,8;71,18;0,5466
18/03/2005;06.00.00;2,7;1504,39;-200,0;9,4;839,48;354,0;1783,88;76,0;1414,13;767,34;11,74;72,79;0,7078
18/03/2005;07.00.00;5,0;2040,0;-200,0;16,2;1072,94;224,0;1763,79;170,0;1875,77;1334,47;13,62;65,34;0,705
18/03/2005;08.00.00;-200,0;1869,55;-200,0;13,6;975,13;643,0;1348,66;216,0;2033,44;1571,31;10,86;66,12;0,6347
18/03/2005;09.00.00;8,6;2040,0;-200,0;30,3;1653,79;258,0;1649,24;340,0;2620,16;2273,76;13,14;58,87;0,5939
18/03/2005;10.00.00;-200,0;1499,19;-200,0;14,0;1012,42;-200,0;1809,37;141,0;1684,53;1186,24;11,76;47,9;0,5998
18/03/2005;11.00.00;2,8;-200,0;-200,0;19,9;-200,0;328,0;-200,0;279,0;-200,0;-200,0;-200,0;-200,0;-200,0
18/03/2005;12.00.00;2,0;1242,49;-200,0;12,8;904,65;146,0;1985,15;-200,0;1352,81;832,61;15,58;43,44;0,5541
18/03/2005;13.00.00;3,3;1660,28;-200,0;-200,0;1186,68;130,0;1883,69;-200,0;1450,06;843,35;17,14;38,74;0,5704
18/03/2005;14.00.00;-200,0;1093,78;-200,0;9,9;827,24;-200,0;1787,94;59,0;1394,02;682,46;17,94;41,24;0,5921
18/03/2005;15.00.00;-200,0;1320,4;-200,0;9,4;817,61;-200,0;2002,9;91,0;1517,57;813,21;18,56;35,36;0,5719
18/03/2005;16.00.00;1,9;1208,81;-200,0;8,8;773,0;231,0;1894,38;95,0;1479,14;874,96;17,75;36,49;0,5118
18/03/2005;17.00.00;4,9;2040,0;-200,0;12,0;908,56;695,0;1409,11;149,0;1714,99;1201,98;14,35;46,63;0,6509
18/03/2005;18.00.00;3,0;1572,7;-200,0;18,4;1165,05;595,0;1513,38;254,0;2156,44;1782,21;14,1;44,96;0,4895
18/03/2005;19.00.00;5,3;2040,0;-200,0;34,1;1770,78;655,0;1343,77;340,0;2502,29;2292,87;13,85;44,44;0,4132
18/03/2005;20.00.00;2,9;1537,96;-200,0;11,6;882,45;-200,0;1674,85;147,0;1701,01;1094,09;13,17;52,38;0,5351
18/03/2005;21.00.00;2,8;1529,67;-200,0;-200,0;942,67;239,0;1874,52;136,0;1758,84;1098,83;14,54;63,84;0,8151
18/03/2005;22.00.00;1,4;1181,5;-200,0;3,7;574,66;159,0;1879,77;103,0;1519,64;844,19;8,82;63,08;0,5437
18/03/2005;23.00.00;1,1;1088,27;-200,0;5,8;648,81;50,0;2113,4;41,0;1241,51;600,91;9,23;68,91;0,6538
19/03/2005;00.00.00;-200,0;892,62;-200,0;3,7;585,46;145,0;2116,73;-200,0;1603,59;1028,46;11,0;65,69;0,6821
19/03/2005;01.00.00;1,4;1129,26;-200,0;-200,0;675,84;122,0;2071,73;120,0;1622,93;1010,49;7,69;77,44;0,5958
19/03/2005;02.00.00;0,9;1052,76;-200,0;4,2;625,69;63,0;2197,54;62,0;1424,2;624,72;8,72;85,7;0,7173
19/03/2005;03.00.00;1,0;1019,35;-200,0;5,7;655,48;233,0;1906,96;-200,0;1224,04;628,85;7,35;70,76;0,5414
19/03/2005;04.00.00;0,9;1026,62;-200,0;9,0;808,5;229,0;1965,01;58,0;1370,2;759,19;8,31;68,2;0,6692
19/03/2005;05.00.00;1,2;1133,44;-200,0;8,3;733,69;238,0;1916,62;96,0;1562,82;865,27;7,84;73,19;0,6332
19/03/2005;06.00.00;2,6;1458,67;-200,0;17,7;1145,53;-200,0;1536,65;134,0;1766,41;1128,25;10,42;73,82;0,8069
19/03/2005;07.00.00;3,4;1725,92;-200,0;11,8;889,99;394,0;1683,86;86,0;1461,48;858,3;7,03;65,26;0,5488
19/03/2005;08.00.00;4,8;2040,0;-200,0;15,3;1033,15;993,0;1111,8;154,0;1671,56;1153,74;10,6;56,11;0,5444
19/03/2005;09.00.00;-200,0;1412,55;-200,0;30,6;1659,8;530,0;1544,82;220,0;2047,67;1544,98;13,22;56,18;0,5945
19/03/2005;10.00.00;3,2;1615,47;-200,0;12,5;908,74;467,0;1620,79;101,0;1568,57;860,86;14,99;55,05;0,7151
19/03/2005;11.00.00;1,8;1224,48;-200,0;8,8;760,36;211,0;1914,1;104,0;1606,39;956,98;18,11;45,68;0,703
19/03/2005;12.00.00;2,7;1530,9;-200,0;9,8;832,17;97,0;2056,58;109,0;1570,92;1030,01;15,38;47,03;0,6121
19/03/2005;13.00.00;2,0;1335,24;-200,0;7,2;732,23;89,0;1989,3;82,0;1561,93;902,9;19,91;46,95;0,7967
19/03/2005;14.00.00;1,3;1073,22;-200,0;6,3;664,12;168,0;1966,92;63,0;1243,25;702,94;16,14;40,53;0,454
19/03/2005;15.00.00;-200,0;1457,42;-200,0;5,3;667,14;151,0;1955,79;79,0;1462,16;851,53;20,28;38,58;0,7407
19/03/2005;16.00.00;2,1;1327,68;-200,0;13,3;981,0;120,0;1915,79;104,0;1620,62;928,85;19,09;43,48;0,7096
19/03/2005;17.00.00;1,5;1115,56;-200,0;10,8;855,57;266,0;1873,57;94,0;1434,4;828,29;15,13;36,85;0,4053
19/03/2005;18.00.00;1,9;1259,41;-200,0;13,2;936,4;536,0;1620,0;-200,0;1942,58;1438,56;16,77;39,22;0,5837
19/03/2005;19.00.00;2,3;1388,4;-200,0;16,7;1114,49;879,0;1340,86;228,0;2064,12;1613,0;15,02;46,39;0,5526
19/03/2005;20.00.00;5,7;-200,0;-200,0;17,9;-200,0;-200,0;-200,0;204,0;-200,0;-200,0;-200,0;-200,0;-200,0
19/03/2005;21.00.00;1,5;-200,0;-200,0;17,5;-200,0;306,0;-200,0;121,0;-200,0;-200,0;-200,0;-200,0;-200,0
19/03/2005;22.00.00;2,8;1508,29;-200,0;5,6;673,4;293,0;1784,9;70,0;1459,23;779,64;10,72;70,53;0,7442
19/03/2005;23.00.00;0,8;937,01;-200,0;3,2;549,71;134,0;2018,22;49,0;1355,34;616,69;12,86;76,58;0,8527
20/03/2005;00.00.00;0,7;941,55;-200,0;7,8;760,69;55,0;2106,33;40,0;1230,67;630,15;9,08;67,45;0,5767
20/03/2005;01.00.00;1,5;1101,95;-200,0;4,3;635,48;91,0;2049,06;-200,0;1337,8;656,4;10,13;72,53;0,6558
20/03/2005;02.00.00;1,6;1199,65;-200,0;4,4;612,29;108,0;2046,58;51,0;1263,24;617,6;7,53;72,93;0,5487
20/03/2005;03.00.00;1,5;1226,65;-200,0;5,2;636,08;149,0;2024,44;68,0;1545,55;817,36;11,14;80,02;0,8071
20/03/2005;04.00.00;1,7;1258,69;-200,0;3,4;547,75;130,0;1990,35;-200,0;1329,23;660,63;6,62;80,4;0,5974
20/03/2005;05.00.00;1,1;1022,63;-200,0;6,0;639,74;178,0;1996,43;51,0;1322,1;764,61;7,25;63,19;0,4564
20/03/2005;06.00.00;2,3;1462,06;-200,0;9,8;833,39;279,0;1824,0;75,0;1458,73;805,11;12,32;71,6;0,721
20/03/2005;07.00.00;2,4;1354,37;-200,0;16,2;1076,93;-200,0;1909,08;112,0;1565,34;1148,21;9,42;58,95;0,5283
20/03/2005;08.00.00;2,5;1522,42;-200,0;11,8;916,15;207,0;1958,92;153,0;1815,62;1284,19;14,72;69,94;0,8594
20/03/2005;09.00.00;2,9;1541,45;-200,0;14,5;1036,07;467,0;1639,64;171,0;1922,72;1311,52;14,59;58,69;0,6768
20/03/2005;10.00.00;3,3;1654,13;-200,0;16,6;1107,19;253,0;1803,94;-200,0;1621,55;991,99;13,79;47,71;0,6096
20/03/2005;11.00.00;2,0;1301,18;-200,0;7,8;743,37;273,0;1872,4;-200,0;1426,96;921,11;11,68;46,28;0,572
20/03/2005;12.00.00;-200,0;993,56;-200,0;8,5;773,55;246,0;1986,34;64,0;1346,74;633,97;16,31;42,31;0,6352
20/03/2005;13.00.00;2,0;1250,74;-200,0;7,0;694,84;65,0;2034,54;95,0;1416,85;907,76;17,34;43,52;0,6066
20/03/2005;14.00.00;-200,0;1345,46;-200,0;4,3;618,15;91,0;2058,0;71,0;1420,03;699,29;19,97;44,31;0,7619
20/03/2005;15.00.00;1,2;1002,42;-200,0;3,8;589,56;118,0;2066,36;59,0;1332,45;731,06;20,99;32,75;0,6763
20/03/2005;16.00.00;-200,0;-200,0;-200,0;9,1;-200,0;94,0;-200,0;61,0;-200,0;-200,0;-200,0;-200,0;-200,0
20/03/2005;17.00.00;-200,0;1341,63;-200,0;3,0;566,82;174,0;1956,33;103,0;1671,89;959,48;18,74;48,93;0,8242
20/03/2005;18.00.00;1,2;1113,32;-200,0;9,1;824,85;180,0;2061,01;131,0;1639,65;1112,1;17,88;39,38;0,5279
20/03/2005;19.00.00;2,4;1392,25;-200,0;7,8;768,95;293,0;1809,81;90,0;1616,35;870,72;17,46;47,85;0,7955
20/03/2005;20.00.00;2,1;1286,22;-200,0;16,8;1081,85;196,0;1926,26;91,0;1483,82;901,56;15,1;60,38;0,7572
20/03/2005;21.00.00;1,6;1249,42;-200,0;12,6;940,11;215,0;1912,52;128,0;1636,05;1088,02;8,93;62,65;0,661
20/03/2005;22.00.00;1,0;1046,63;-200,0;3,6;599,48;157,0;2027,86;62,0;1400,5;659,85;11,21;59,46;0,6891
20/03/2005;23.00.00;1,3;1036,89;-200,0;10,9;856,53;93,0;1987,21;36,0;1191,95;509,34;8,0;69,56;0,5696
21/03/2005;00.00.00;0,9;999,63;-200,0;8,3;756,24;327,0;1900,69;50,0;1315,86;633,47;9,06;83,97;0,7068
21/03/2005;01.00.00;1,9;1259,49;-200,0;6,0;703,09;194,0;1881,05;-200,0;1353,11;729,71;10,63;72,37;0,717
21/03/2005;02.00.00;1,9;1309,46;-200,0;11,4;871,49;227,0;1928,53;-200,0;1317,86;739,76;8,78;70,48;0,6034
21/03/2005;03.00.00;2,7;1503,06;-200,0;5,8;674,02;-200,0;1898,65;114,0;1541,46;955,26;10,29;75,12;0,6987
21/03/2005;04.00.00;3,4;1683,09;-200,0;7,4;724,59;183,0;1962,43;87,0;1422,31;881,15;8,85;74,87;0,5708
21/03/2005;05.00.00;3,8;1775,01;-200,0;11,2;882,21;411,0;1670,8;137,0;1679,13;1109,25;6,07;69,22;0,479
21/03/2005;06.00.00;1,7;1233,15;-200,0;9,1;774,7;-200,0;1761,16;-200,0;1973,58;1535,82;4,42;71,19;0,41
21/03/2005;07.00.00;4,0;1879,95;-200,0;10,6;844,02;477,0;1578,46;-200,0;1816,98;1351,96;10,79;58,98;0,6102
21/03/2005;08.00.00;-200,0;1782,06;-200,0;-200,0;1106,43;607,0;1498,45;170,0;1873,67;1354,18;11,27;57,58;0,6358
21/03/2005;09.00.00;11,9;2040,0;-200,0;21,9;1332,29;823,0;929,14;297,0;2406,92;2027,05;11,04;60,05;0,6395
21/03/2005;10.00.00;4,4;-200,0;-200,0;21,0;-200,0;-200,0;-200,0;-200,0;-200,0;-200,0;-200,0;-200,0;-200,0
21/03/2005;11.00.00;4,3;1903,29;-200,0;10,9;870,12;512,0;1424,13;-200,0;1616,81;1148,64;14,03;51,77;0,5826
21/03/2005;12.00.00;2,6;1466,52;-200,0;5,4;652,97;230,0;1965,93;-200,0;1516,65;1024,45;16,14;33,47;0,47
21/03/2005;13.00.00;0,8;943,41;-200,0;10,9;866,21;-200,0;2048,91;184,0;1877,39;1295,07;18,66;32,01;0,5507
21/03/2005;14.00.00;1,4;1083,96;-200,0;13,5;978,82;242,0;1866,39;103,0;1553,15;1010,88;18,2;36,37;0,536
21/03/2005;15.00.00;1,4;1155,58;-200,0;6,2;712,78;372,0;1800,52;78,0;1458,31;711,94;21,21;39,69;0,7419
21/03/2005;16.00.00;-200,0;1243,42;-200,0;17,6;1114,48;113,0;1999,49;127,0;1689,3;1094,66;15,76;45,49;0,6032
21/03/2005;17.00.00;3,3;1721,36;-200,0;19,2;1219,98;371,0;1762,5;198,0;2067,2;1490,89;19,09;40,95;0,7538
21/03/2005;18.00.00;4,8;2040,0;-200,0;13,5;1002,5;-200,0;1594,05;324,0;2522,61;2135,25;16,63;42,29;0,6408
21/03/2005;19.00.00;1,8;1237,48;-200,0;18,0;1173,66;511,0;1628,26;-200,0;1993,26;1364,58;16,89;50,15;0,7509
21/03/2005;20.00.00;3,6;1750,86;-200,0;-200,0;1086,29;369,0;1647,99;-200,0;2460,82;2143,52;13,42;47,24;0,4637
21/03/2005;21.00.00;2,2;1273,75;-200,0;11,2;911,58;400,0;1699,89;-200,0;2403,35;1929,91;15,14;56,95;0,7449
21/03/2005;22.00.00;-200,0;1483,16;-200,0;2,7;538,6;60,0;2077,98;-200,0;1582,91;963,74;12,29;54,92;0,5881
21/03/2005;23.00.00;-200,0;1147,79;-200,0;3,8;588,97;-200,0;2062,61;91,0;1496,14;831,26;9,14;65,67;0,5757
22/03/2005;00.00.00;1,2;1007,78;-200,0;4,0;601,28;-200,0;2099,19;49,0;1321,52;568,16;9,63;68,1;0,5465
22/03/2005;01.00.00;1,5;1100,66;-200,0;11,5;907,18;97,0;2109,85;-200,0;1614,7;891,53;8,38;67,59;0,5179
22/03/2005;02.00.00;0,8;1036,89;-200,0;7,0;701,28;-200,0;1975,09;62,0;1392,5;699,17;9,33;74,23;0,665
22/03/2005;03.00.00;2,1;1348,99;-200,0;5,4;646,83;152,0;1918,94;81,0;1436,91;770,77;5,83;74,81;0,5925
22/03/2005;04.00.00;1,6;1210,49;-200,0;7,0;715,16;-200,0;1865,67;79,0;1430,25;833,99;8,3;79,28;0,6385
22/03/2005;05.00.00;-200,0;1202,68;-200,0;11,0;855,0;406,0;1797,35;-200,0;1415,16;881,75;9,65;63,58;0,5639
22/03/2005;06.00.00;4,0;1857,18;-200,0;10,2;855,09;705,0;1445,04;130,0;1644,88;1115,49;9,72;68,37;0,7198
22/03/2005;07.00.00;3,8;1878,29;-200,0;13,8;981,02;467,0;1495,46;131,0;1632,67;1060,46;13,38;61,22;0,6956
22/03/2005;08.00.00;3,7;1782,07;-200,0;19,0;1197,2;1058,0;1019,08;206,0;2091,03;1567,08;13,44;65,03;0,751
22/03/2005;09.00.00;3,8;1695,89;-200,0;28,2;1555,14;1207,0;959,53;189,0;1931,46;1396,55;13,17;59,79;0,6792
22/03/2005;10.00.00;4,0;1930,38;-200,0;10,4;854,31;391,0;1605,87;315,0;2471,64;2143,9;14,91;53,9;0,6199
22/03/2005;11.00.00;2,9;1445,79;-200,0;8,1;748,36;547,0;1467,25;229,0;2116,98;1649,07;16,28;43,5;0,631
22/03/2005;12.00.00;2,2;1361,52;-200,0;7,1;716,53;105,0;1999,35;253,0;2282,36;1789,54;17,53;47,72;0,6797
22/03/2005;13.00.00;1,3;1103,56;-200,0;6,0;658,42;263,0;1950,29;99,0;1405,25;837,23;13,86;32,78;0,3904
22/03/2005;14.00.00;1,3;998,94;-200,0;6,1;658,59;412,0;1766,41;94,0;1341,43;941,01;17,41;29,96;0,4663
22/03/2005;15.00.00;1,4;1110,85;-200,0;11,3;848,13;-200,0;2001,57;115,0;1493,31;1011,64;15,22;31,64;0,508
22/03/2005;16.00.00;1,9;1273,72;-200,0;13,8;994,35;221,0;1989,35;69,0;1467,97;756,19;20,57;38,46;0,6213
22/03/2005;17.00.00;-200,0;1575,11;-200,0;15,2;1043,29;339,0;1820,12;111,0;1669,53;942,98;17,39;43,81;0,692
22/03/2005;18.00.00;3,8;1794,19;-200,0;-200,0;1285,01;1020,0;1144,3;132,0;1672,46;1088,37;16,33;28,41;0,4382
22/03/2005;19.00.00;-200,0;1940,91;-200,0;17,8;1148,89;326,0;1644,58;-200,0;2620,51;2181,78;17,48;53,63;0,7664
22/03/2005;20.00.00;7,4;2040,0;-200,0;8,7;794,84;445,0;1455,51;159,0;1797,74;1233,96;15,32;52,02;0,71
22/03/2005;21.00.00;-200,0;1655,67;-200,0;12,7;967,95;452,0;1590,63;183,0;1874,05;1466,92;10,93;48,18;0,5621
22/03/2005;22.00.00;-200,0;1356,61;-200,0;7,7;713,02;192,0;1903,06;67,0;1349,25;730,02;11,75;61,18;0,6034
22/03/2005;23.00.00;1,5;1144,15;-200,0;-200,0;595,58;187,0;2007,58;57,0;1427,67;658,12;10,01;70,48;0,6748
23/03/2005;00.00.00;1,3;1139,36;-200,0;3,2;550,02;145,0;2048,56;53,0;1275,01;634,94;6,35;71,51;0,5513
23/03/2005;01.00.00;1,6;1204,12;-200,0;3,4;591,54;107,0;2025,3;67,0;1525,49;746,71;7,66;76,87;0,6484
23/03/2005;02.00.00;1,6;1213,55;-200,0;6,8;683,21;197,0;2003,48;62,0;1371,72;715,5;8,18;66,34;0,5931
23/03/2005;03.00.00;2,2;1322,66;-200,0;7,5;732,96;103,0;1952,55;-200,0;1643,66;941,71;8,15;71,71;0,6066
23/03/2005;04.00.00;1,3;1025,78;-200,0;12,9;940,22;-200,0;2166,59;87,0;1356,52;947,07;5,58;68,54;0,5097
23/03/2005;05.00.00;2,6;1525,76;-200,0;6,9;696,41;185,0;1953,13;117,0;1754,74;993,98;11,35;79,96;0,7722
23/03/2005;06.00.00;2,6;1524,08;-200,0;10,5;843,47;319,0;1861,97;-200,0;1703,91;1044,44;9,64;71,71;0,6663
23/03/2005;07.00.00;-200,0;1287,77;-200,0;17,2;1122,44;331,0;1792,66;136,0;1745,67;1100,67;10,95;79,02;0,7643
23/03/2005;08.00.00;4,8;-200,0;-200,0;18,9;-200,0;696,0;-200,0;-200,0;-200,0;-200,0;-200,0;-200,0;-200,0
23/03/2005;09.00.00;2,9;1538,17;-200,0;32,2;1678,44;666,0;1515,71;208,0;1919,47;1643,18;11,8;52,16;0,5232
23/03/2005;10.00.00;2,9;1576,54;-200,0;-200,0;1547,31;-200,0;1882,46;249,0;2240,98;1761,2;15,58;50,41;0,6828
23/03/2005;11.00.00;2,4;1417,61;-200,0;8,1;769,31;259,0;1831,75;171,0;1851,88;1266,01;15,14;53,67;0,7157
23/03/2005;12.00.00;1,3;1094,19;-200,0;8,4;780,54;386,0;1786,45;69,0;1372,63;729,74;15,12;41,22;0,4687
23/03/2005;13.00.00;2,0;1285,01;-200,0;15,0;1034,03;283,0;1837,96;-200,0;1491,76;897,56;18,85;40,81;0,6123
23/03/2005;14.00.00;1,9;1318,52;-200,0;9,4;820,97;156,0;1989,64;-200,0;1635,9;975,33;21,19;38,88;0,7561
23/03/2005;15.00.00;-200,0;1436,48;-200,0;8,3;748,34;259,0;1917,69;81,0;1427,81;726,59;19,82;37,98;0,6749
23/03/2005;16.00.00;1,7;1224,18;-200,0;10,6;850,72;498,0;1659,43;99,0;1568,59;867,91;20,05;35,13;0,6532
23/03/2005;17.00.00;3,1;1640,64;-200,0;17,6;1114,88;306,0;1689,29;-200,0;1797,4;1316,77;16,66;39,51;0,6284
23/03/2005;18.00.00;3,9;1786,25;-200,0;23,1;1347,46;748,0;1297,66;194,0;1881,79;1482,76;13,72;42,15;0,5263
23/03/2005;19.00.00;3,9;1918,09;-200,0;24,8;1461,67;809,0;1261,81;281,0;2355,78;1959,96;18,86;46,74;0,7343
23/03/2005;20.00.00;2,1;1432,83;-200,0;19,1;1231,34;427,0;1702,32;212,0;2200,07;1524,26;18,78;55,84;0,9036
23/03/2005;21.00.00;2,4;1491,22;-200,0;20,0;1260,27;-200,0;1825,85;124,0;1807,84;999,46;16,46;64,58;0,9874
23/03/2005;22.00.00;2,1;1312,49;-200,0;6,2;688,87;335,0;1777,82;57,0;1362,28;679,0;11,41;56,24;0,7156
23/03/2005;23.00.00;0,9;997,23;-200,0;5,0;624,73;179,0;1990,02;-200,0;1387,18;738,78;8,57;62,82;0,5617
24/03/2005;00.00.00;1,1;1010,53;-200,0;-200,0;788,26;97,0;2029,67;26,0;1173,89;600,43;7,9;64,15;0,5536
24/03/2005;01.00.00;1,3;1119,79;-200,0;6,3;670,82;-200,0;1940,41;69,0;1362,9;699,33;5,87;72,07;0,5549
24/03/2005;02.00.00;2,2;1288,93;-200,0;6,2;711,83;194,0;1984,82;72,0;1372,68;793,59;8,52;70,24;0,6016
24/03/2005;03.00.00;1,7;-200,0;-200,0;9,2;-200,0;298,0;-200,0;-200,0;-200,0;-200,0;-200,0;-200,0;-200,0
24/03/2005;04.00.00;2,0;1341,01;-200,0;8,9;807,28;97,0;1947,77;59,0;1417,11;598,41;8,45;78,45;0,718
24/03/2005;05.00.00;2,0;1353,82;-200,0;7,0;701,29;-200,0;2024,3;-200,0;1596,91;1030,78;9,84;58,5;0,5617
24/03/2005;06.00.00;2,1;1363,74;-200,0;12,8;944,07;-200,0;1523,77;-200,0;1690,32;989,34;12,78;70,73;0,7751
24/03/2005;07.00.00;-200,0;1368,87;-200,0;12,5;916,01;1413,0;752,5;196,0;1990,31;1481,46;10,26;62,24;0,5183
24/03/2005;08.00.00;4,2;1916,25;-200,0;46,4;2214,0;546,0;1516,07;141,0;1809,1;1256,32;16,34;62,5;0,9057
24/03/2005;09.00.00;5,3;2040,0;-200,0;25,5;1480,54;-200,0;1408,52;-200,0;2474,02;2004,24;17,55;51,06;0,7739
24/03/2005;10.00.00;3,7;1720,53;-200,0;12,2;930,65;631,0;1463,65;258,0;2231,2;1815,13;14,6;56,86;0,6743
24/03/2005;11.00.00;4,3;1937,79;-200,0;10,5;844,21;373,0;1650,03;129,0;1654,11;1172,59;14,91;51,11;0,595
24/03/2005;12.00.00;3,0;1688,1;-200,0;13,3;962,38;324,0;1782,09;83,0;1475,79;852,35;18,5;45,66;0,7551
24/03/2005;13.00.00;3,1;1601,03;-200,0;6,0;688,31;93,0;2013,65;116,0;1560,95;981,7;17,2;43,92;0,5629
24/03/2005;14.00.00;-200,0;992,77;-200,0;23,2;1361,38;-200,0;2038,16;84,0;1432,25;871,08;16,08;34,43;0,4862
24/03/2005;15.00.00;-200,0;1562,07;-200,0;4,6;610,45;279,0;1888,77;117,0;1590,65;976,31;21,13;34,44;0,6778
24/03/2005;16.00.00;-200,0;1444,19;-200,0;13,2;983,31;88,0;2017,06;104,0;1655,55;905,63;20,83;41,92;0,7877
24/03/2005;17.00.00;3,3;1702,04;-200,0;-200,0;908,69;185,0;1867,97;-200,0;1339,8;839,89;18,21;36,12;0,5419
24/03/2005;18.00.00;5,4;2040,0;-200,0;14,6;1003,03;259,0;1680,93;103,0;1522,6;935,56;14,58;50,04;0,5626
24/03/2005;19.00.00;4,5;2027,36;-200,0;27,9;1537,17;828,0;1256,61;-200,0;1960,73;1528,89;13,61;44,92;0,5581
24/03/2005;20.00.00;2,6;1473,54;-200,0;16,0;1072,16;352,0;1761,19;241,0;2261,95;1681,86;15,07;53,39;0,7475
24/03/2005;21.00.00;4,2;-200,0;-200,0;21,8;-200,0;-200,0;-200,0;113,0;-200,0;-200,0;-200,0;-200,0;-200,0
24/03/2005;22.00.00;1,2;1178,1;-200,0;4,0;591,0;171,0;1933,43;90,0;1447,86;882,91;11,59;56,67;0,6138
24/03/2005;23.00.00;0,9;1005,96;-200,0;6,2;666,53;67,0;2070,5;46,0;1387,13;702,8;13,11;64,89;0,8197
25/03/2005;00.00.00;1,1;1149,03;-200,0;4,4;600,19;-200,0;2057,32;107,0;1603,42;959,67;11,69;73,3;0,7828
25/03/2005;01.00.00;1,2;1173,84;-200,0;6,2;690,31;356,0;1856,11;59,0;1448,9;688,03;12,18;75,65;0,7954
25/03/2005;02.00.00;1,5;1178,92;-200,0;7,7;762,56;-200,0;2026,07;78,0;1464,76;779,27;6,95;71,05;0,6006
25/03/2005;03.00.00;1,6;1180,45;-200,0;3,8;580,96;-200,0;2063,86;60,0;1315,7;701,35;8,07;70,72;0,5504
25/03/2005;04.00.00;2,9;-200,0;-200,0;8,9;-200,0;169,0;-200,0;80,0;-200,0;-200,0;-200,0;-200,0;-200,0
25/03/2005;05.00.00;2,4;1457,72;-200,0;14,0;1004,68;-200,0;1866,15;121,0;1696,13;1064,4;10,32;78,13;0,7898
25/03/2005;06.00.00;1,8;1275,54;-200,0;13,9;990,04;361,0;1822,61;-200,0;1686,83;1032,8;13,29;66,63;0,7486
25/03/2005;07.00.00;-200,0;1499,1;-200,0;14,7;1010,68;657,0;1433,28;77,0;1423,33;816,63;12,1;64,69;0,6776
25/03/2005;08.00.00;-200,0;1866,23;-200,0;13,5;983,6;499,0;1665,41;297,0;2518,8;2009,29;16,16;57,83;0,7639
25/03/2005;09.00.00;4,0;1894,1;-200,0;28,1;1580,62;573,0;1565,17;309,0;2506,45;2121,83;14,84;58,83;0,723
25/03/2005;10.00.00;2,9;1611,43;-200,0;35,3;1834,19;168,0;1941,65;241,0;2257,8;1650,88;17,18;51,42;0,8218
25/03/2005;11.00.00;-200,0;1233,26;-200,0;15,6;1065,75;416,0;1705,17;191,0;1970,03;1415,9;15,61;41,28;0,6323
25/03/2005;12.00.00;2,4;1460,0;-200,0;15,5;1042,51;149,0;1921,76;-200,0;1627,93;1094,99;17,32;37,73;0,6461
25/03/2005;13.00.00;1,7;1208,91;-200,0;12,8;945,84;249,0;1914,99;-200,0;1997,98;1533,14;19,91;29,72;0,5653
25/03/2005;14.00.00;-200,0;1116,98;-200,0;7,1;706,14;144,0;2022,37;99,0;1546,45;896,97;21,81;33,76;0,6715
25/03/2005;15.00.00;2,1;1303,64;-200,0;8,2;762,69;191,0;1922,86;42,0;1308,07;575,75;20,22;41,27;0,6506
25/03/2005;16.00.00;2,7;1512,35;-200,0;12,8;933,74;353,0;1707,72;110,0;1622,45;921,86;18,42;44,53;0,6918
25/03/2005;17.00.00;2,6;1508,44;-200,0;-200,0;756,95;302,0;1825,32;215,0;2112,73;1506,55;20,84;43,14;0,8908
25/03/2005;18.00.00;7,4;2040,0;-200,0;25,3;1437,52;398,0;1518,61;140,0;1590,45;1141,21;12,91;45,35;0,4894
25/03/2005;19.00.00;9,8;2040,0;-200,0;36,5;1918,02;-200,0;1146,46;228,0;2068,28;1704,99;13,41;45,67;0,6068
25/03/2005;20.00.00;4,5;2040,0;-200,0;18,5;1183,22;395,0;1644,07;306,0;2507,33;2057,16;16,42;54,52;0,7641
25/03/2005;21.00.00;-200,0;1406,72;-200,0;16,2;1059,3;211,0;1956,21;-200,0;1510,55;1029,46;13,79;56,73;0,5412
25/03/2005;22.00.00;1,8;1234,69;-200,0;5,5;639,73;364,0;1800,11;71,0;1432,07;761,42;13,68;68,98;0,8473
25/03/2005;23.00.00;0,8;982,82;-200,0;5,1;659,46;-200,0;2103,66;73,0;1397,45;724,35;11,39;63,81;0,7175
26/03/2005;00.00.00;0,8;1015,45;-200,0;3,9;585,45;123,0;2126,81;-200,0;1279,88;418,16;11,56;74,5;0,7696
26/03/2005;01.00.00;0,7;942,11;-200,0;5,8;651,28;103,0;2042,11;55,0;1422,73;755,51;7,99;75,02;0,6815
26/03/2005;02.00.00;1,1;1023,94;-200,0;5,3;663,99;90,0;2087,76;46,0;1386,99;640,71;10,26;76,12;0,6437
26/03/2005;03.00.00;1,0;950,89;-200,0;3,3;552,33;171,0;1976,22;64,0;1365,25;675,48;10,94;63,0;0,5588
26/03/2005;04.00.00;2,0;1332,92;-200,0;5,2;663,91;170,0;1961,76;-200,0;1533,91;886,86;11,56;77,09;0,8094
26/03/2005;05.00.00;1,4;1199,99;-200,0;16,2;1095,83;-200,0;1807,55;122,0;1732,28;1056,61;13,65;70,01;0,85
26/03/2005;06.00.00;2,3;-200,0;-200,0;11,9;-200,0;153,0;-200,0;118,0;-200,0;-200,0;-200,0;-200,0;-200,0
26/03/2005;07.00.00;3,7;1783,02;-200,0;6,2;688,8;-200,0;1784,47;127,0;1666,52;1160,98;12,0;56,64;0,6354
26/03/2005;08.00.00;5,6;2040,0;-200,0;29,2;1579,71;774,0;1250,84;298,0;2354,8;2075,02;9,61;59,69;0,4874
26/03/2005;09.00.00;-200,0;-200,0;-200,0;12,0;-200,0;467,0;-200,0;249,0;-200,0;-200,0;-200,0;-200,0;-200,0
26/03/2005;10.00.00;3,2;1657,02;-200,0;19,6;1182,01;472,0;1615,05;83,0;1506,25;917,45;14,86;43,89;0,5878
26/03/2005;11.00.00;2,5;1371,19;-200,0;16,3;1062,18;431,0;1724,61;-200,0;1639,2;1162,84;18,55;38,69;0,5202
26/03/2005;12.00.00;2,9;1572,22;-200,0;8,6;770,17;265,0;1865,3;95,0;1540,56;854,67;16,27;44,76;0,6173
26/03/2005;13.00.00;2,3;1372,82;-200,0;5,2;644,23;144,0;1983,37;84,0;1435,87;868,7;19,88;43,83;0,735
26/03/2005;14.00.00;2,6;1427,08;-200,0;5,3;643,55;-200,0;1991,62;114,0;1597,34;1033,65;18,78;38,62;0,5884
26/03/2005;15.00.00;0,9;963,84;-200,0;8,5;789,38;272,0;1968,73;71,0;1370,58;768,58;18,6;42,81;0,7061
26/03/2005;16.00.00;1,4;1120,79;-200,0;5,0;603,04;205,0;1975,21;115,0;1645,04;1017,94;19,28;37,24;0,5593
26/03/2005;17.00.00;3,4;1676,37;-200,0;8,9;754,75;267,0;1727,1;185,0;1875,88;1371,93;17,5;39,2;0,6051
26/03/2005;18.00.00;4,0;1840,88;-200,0;19,3;1237,77;506,0;1570,38;179,0;1862,44;1342,84;16,63;37,75;0,5619
26/03/2005;19.00.00;-200,0;1670,72;-200,0;14,2;989,75;289,0;1874,97;-200,0;2092,7;1607,33;13,04;38,26;0,489
26/03/2005;20.00.00;-200,0;1528,36;-200,0;26,1;1486,78;-200,0;1784,46;209,0;2012,49;1622,73;14,75;59,67;0,6972
26/03/2005;21.00.00;-200,0;1515,71;-200,0;6,6;672,64;244,0;1855,8;126,0;1647,6;1180,21;12,99;60,72;0,6127
26/03/2005;22.00.00;0,7;907,27;-200,0;1,7;505,55;133,0;2079,18;88,0;1438,89;823,07;11,63;52,76;0,563
26/03/2005;23.00.00;1,5;1120,34;-200,0;3,3;581,94;82,0;2048,4;36,0;1313,63;579,59;12,29;64,84;0,6888
27/03/2005;00.00.00;1,1;1132,67;-200,0;4,2;581,15;66,0;2120,02;35,0;1384,45;556,06;11,93;67,04;0,8562
27/03/2005;01.00.00;0,9;954,85;-200,0;5,7;667,61;82,0;2119,11;-200,0;1262,88;559,86;10,28;69,03;0,6831
27/03/2005;02.00.00;-200,0;1156,92;-200,0;3,8;596,89;181,0;2039,37;88,0;1468,09;814,32;11,31;70,16;0,7186
27/03/2005;03.00.00;1,1;1084,56;-200,0;4,5;575,99;44,0;2042,3;33,0;1246,66;539,66;10,3;74,72;0,7067
27/03/2005;04.00.00;1,3;1103,68;-200,0;5,3;646,66;168,0;1935,32;94,0;1489,02;832,9;8,73;76,29;0,5999
27/03/2005;05.00.00;-200,0;1160,08;-200,0;11,6;886,89;136,0;1995,97;79,0;1502,5;803,3;8,89;72,42;0,6621
27/03/2005;06.00.00;2,2;1372,26;-200,0;-200,0;773,11;172,0;1982,48;61,0;1323,59;718,82;11,24;66,94;0,6759
27/03/2005;07.00.00;2,3;1425,72;-200,0;8,2;775,52;217,0;1947,47;74,0;1436,66;861,22;12,79;63,03;0,7016
27/03/2005;08.00.00;-200,0;1193,97;-200,0;28,6;1592,92;431,0;1738,75;143,0;1883,02;1166,95;15,65;64,16;0,8601
27/03/2005;09.00.00;1,7;1235,03;-200,0;13,2;964,83;523,0;1548,95;135,0;1767,19;1145,54;16,53;57,13;0,8144
27/03/2005;10.00.00;-200,0;1137,34;-200,0;4,6;604,3;118,0;2084,7;128,0;1615,75;1160,97;14,36;50,52;0,5357
27/03/2005;11.00.00;2,0;1386,13;-200,0;4,4;613,68;-200,0;1714,06;41,0;1219,03;587,4;16,44;45,64;0,6802
27/03/2005;12.00.00;-200,0;-200,0;-200,0;7,8;-200,0;162,0;-200,0;67,0;-200,0;-200,0;-200,0;-200,0;-200,0
27/03/2005;13.00.00;2,5;1433,02;-200,0;3,0;529,36;144,0;1856,61;50,0;1341,27;552,29;20,61;36,89;0,6537
27/03/2005;14.00.00;0,9;1047,67;-200,0;6,6;707,38;-200,0;2161,41;93,0;1556,05;889,38;20,85;41,54;0,8187
27/03/2005;15.00.00;2,1;1334,89;-200,0;3,9;584,72;-200,0;2018,35;69,0;1309,75;720,13;19,02;31,44;0,6017
27/03/2005;16.00.00;0,7;914,83;-200,0;9,3;790,91;250,0;1988,51;57,0;1204,57;658,37;16,47;35,37;0,4105
27/03/2005;17.00.00;1,9;1320,45;-200,0;8,7;773,93;212,0;1960,1;145,0;1768,65;1268,9;16,48;42,28;0,5943
27/03/2005;18.00.00;2,6;1474,39;-200,0;6,1;670,49;356,0;1727,21;110,0;1570,06;980,25;18,23;36,42;0,5805
27/03/2005;19.00.00;-200,0;1542,65;-200,0;18,2;1142,89;282,0;1832,97;138,0;1673,12;1167,91;17,33;37,95;0,4846
27/03/2005;20.00.00;2,1;1361,27;-200,0;18,4;1177,99;-200,0;1543,97;132,0;1698,78;1143,95;13,24;50,47;0,621
27/03/2005;21.00.00;1,8;1194,48;-200,0;-200,0;602,5;170,0;1891,06;110,0;1652,64;936,24;14,24;46,33;0,5726
27/03/2005;22.00.00;0,8;949,09;-200,0;3,5;573,24;169,0;2052,68;54,0;1379,14;680,07;14,12;52,98;0,653
27/03/2005;23.00.00;1,4;1177,99;-200,0;4,6;600,5;73,0;2016,23;69,0;1362,88;698,07;9,34;67,6;0,5632
28/03/2005;00.00.00;1,3;1139,1;-200,0;6,2;671,82;124,0;1989,04;-200,0;1355,55;629,33;13,02;66,27;0,7728
28/03/2005;01.00.00;1,5;1160,64;-200,0;13,5;973,51;148,0;1946,78;46,0;1352,78;608,91;9,26;76,59;0,7282
28/03/2005;02.00.00;1,4;1143,37;-200,0;8,9;799,99;-200,0;2036,39;119,0;1702,33;958,3;12,03;65,93;0,71
28/03/2005;03.00.00;1,5;1156,08;-200,0;17,9;1159,8;-200,0;1921,05;73,0;1356,79;774,07;8,28;72,1;0,581
28/03/2005;04.00.00;-200,0;1394,81;-200,0;8,1;764,36;166,0;1867,08;109,0;1565,49;955,64;7,46;73,96;0,5686
28/03/2005;05.00.00;3,5;1762,07;-200,0;10,6;838,6;381,0;1664,91;131,0;1656,71;1056,46;9,1;64,31;0,5813
28/03/2005;06.00.00;1,5;1184,43;-200,0;9,3;806,55;199,0;1919,29;248,0;2248,12;1730,83;10,62;72,46;0,7102
28/03/2005;07.00.00;-200,0;1390,89;-200,0;13,7;983,56;277,0;1859,0;168,0;1861,63;1229,08;11,07;66,12;0,7096
28/03/2005;08.00.00;5,0;2040,0;-200,0;-200,0;1401,84;559,0;1437,39;-200,0;2397,66;1887,72;12,62;51,18;0,5426
28/03/2005;09.00.00;-200,0;1889,62;-200,0;18,4;1173,54;749,0;1260,54;-200,0;2017,97;1330,36;15,01;54,38;0,6366
28/03/2005;10.00.00;3,6;1740,38;-200,0;6,4;683,27;-200,0;1829,62;-200,0;1852,31;1241,95;15,3;51,84;0,6945
28/03/2005;11.00.00;2,5;1506,6;-200,0;9,3;807,39;307,0;1802,98;104,0;1460,48;967,75;16,71;42,62;0,582
28/03/2005;12.00.00;2,7;1511,79;-200,0;14,8;1024,98;142,0;1950,16;144,0;1619,07;1181,75;14,46;34,44;0,4664
28/03/2005;13.00.00;1,8;1208,3;-200,0;9,1;804,19;202,0;2010,14;133,0;1772,31;1157,15;19,46;40,37;0,6761
28/03/2005;14.00.00;1,2;1088,68;-200,0;8,4;776,18;-200,0;1944,82;103,0;1582,31;953,49;18,99;48,24;0,8184
28/03/2005;15.00.00;1,3;1077,73;-200,0;5,9;657,0;137,0;2012,22;69,0;1347,82;720,34;22,56;34,64;0,6436
28/03/2005;16.00.00;1,9;1246,24;-200,0;10,4;841,73;140,0;1941,28;83,0;1449,92;795,58;17,29;45,03;0,6701
28/03/2005;17.00.00;1,8;1262,34;-200,0;25,2;1460,55;420,0;1729,23;118,0;1490,03;1116,22;15,06;35,22;0,418
28/03/2005;18.00.00;3,9;1832,01;-200,0;33,2;1742,29;-200,0;1783,56;240,0;2169,99;1849,24;19,12;42,92;0,643
28/03/2005;19.00.00;4,5;1999,86;-200,0;25,7;1489,6;1479,0;574,55;148,0;1795,74;1226,79;17,54;49,43;0,6952
28/03/2005;20.00.00;-200,0;1688,71;-200,0;13,5;994,9;553,0;1496,19;180,0;1880,15;1402,39;13,62;49,87;0,5602
28/03/2005;21.00.00;-200,0;1520,98;-200,0;23,0;1329,4;476,0;1651,26;85,0;1433,42;800,5;11,28;53,08;0,6029
28/03/2005;22.00.00;-200,0;1073,53;-200,0;10,1;836,89;-200,0;2070,5;-200,0;1557,12;782,18;16,12;62,86;0,834
28/03/2005;23.00.00;0,9;1049,86;-200,0;2,8;550,79;135,0;2049,12;41,0;1356,5;651,33;14,67;73,03;0,8539
29/03/2005;00.00.00;0,8;977,63;-200,0;2,5;514,59;70,0;2110,13;103,0;1539,92;842,23;6,03;68,56;0,5051
29/03/2005;01.00.00;1,8;1225,94;-200,0;3,2;549,05;118,0;2008,45;87,0;1447,39;875,6;9,29;67,33;0,6062
29/03/2005;02.00.00;3,4;1709,1;-200,0;5,2;658,15;110,0;1938,31;69,0;1476,46;836,26;13,04;70,76;0,7795
29/03/2005;03.00.00;1,2;1097,25;-200,0;-200,0;843,15;272,0;1875,71;92,0;1532,72;956,43;8,59;84,92;0,721
29/03/2005;04.00.00;1,7;1137,52;-200,0;11,2;891,1;231,0;1864,92;-200,0;1553,09;937,59;8,73;72,39;0,6759
29/03/2005;05.00.00;1,6;-200,0;-200,0;10,4;-200,0;245,0;-200,0;75,0;-200,0;-200,0;-200,0;-200,0;-200,0
29/03/2005;06.00.00;2,6;1412,32;-200,0;10,8;858,52;533,0;1582,86;189,0;1877,03;1419,2;8,76;61,33;0,5616
29/03/2005;07.00.00;2,7;1505,55;-200,0;-200,0;2051,72;457,0;1641,65;-200,0;1794,02;1356,54;8,63;54,19;0,4073
29/03/2005;08.00.00;5,0;2040,0;-200,0;23,0;1373,25;969,0;1100,84;194,0;2124,03;1460,32;15,35;60,8;0,9405
29/03/2005;09.00.00;5,7;2040,0;-200,0;22,1;1328,6;1346,0;683,25;297,0;2435,15;2081,27;10,85;57,6;0,6236
29/03/2005;10.00.00;2,3;1366,97;-200,0;14,0;978,23;491,0;1650,43;-200,0;1710,86;1209,33;16,33;47,68;0,6883
29/03/2005;11.00.00;2,8;1510,09;-200,0;27,7;1554,83;-200,0;1752,39;164,0;1840,05;1363,22;18,81;45,25;0,6709
29/03/2005;12.00.00;1,1;-200,0;-200,0;12,9;-200,0;378,0;-200,0;122,0;-200,0;-200,0;-200,0;-200,0;-200,0
29/03/2005;13.00.00;1,8;1267,24;-200,0;6,0;648,98;412,0;1689,38;80,0;1405,85;877,03;17,02;39,4;0,5456
29/03/2005;14.00.00;-200,0;1181,39;-200,0;5,2;625,18;215,0;1886,79;123,0;1670,31;929,17;21,8;39,35;0,745
29/03/2005;15.00.00;1,6;1186,64;-200,0;4,1;586,84;149,0;2042,81;110,0;1503,17;967,01;20,61;33,65;0,5183
29/03/2005;16.00.00;-200,0;1324,15;-200,0;8,8;774,81;334,0;1825,52;91,0;1499,38;795,37;18,14;45,39;0,6405
29/03/2005;17.00.00;2,3;1383,02;-200,0;7,6;751,07;453,0;1629,12;-200,0;1894,85;1275,23;21,28;34,55;0,6649
29/03/2005;18.00.00;3,6;1766,69;-200,0;12,5;933,04;764,0;1251,35;139,0;1803,49;1131,99;20,49;43,01;0,8151
29/03/2005;19.00.00;4,8;2040,0;-200,0;33,4;1765,31;825,0;1263,94;285,0;2456,69;2061,39;17,58;49,57;0,7764
29/03/2005;20.00.00;4,1;1970,81;-200,0;26,0;1465,66;554,0;1538,96;128,0;1612,18;1089,43;14,03;49,28;0,628
29/03/2005;21.00.00;2,6;1522,96;-200,0;20,6;1251,94;344,0;1749,2;135,0;1704,76;1105,03;13,71;53,38;0,6292
29/03/2005;22.00.00;1,3;1096,08;-200,0;3,9;588,28;-200,0;1943,44;-200,0;1507,64;872,5;13,82;51,84;0,5978
29/03/2005;23.00.00;1,8;1284,92;-200,0;3,4;588,13;60,0;2078,68;63,0;1431,43;699,83;11,66;70,11;0,7458
30/03/2005;00.00.00;2,1;1344,31;-200,0;3,8;572,09;187,0;1898,83;-200,0;1579,25;776,26;13,08;65,96;0,7925
30/03/2005;01.00.00;0,9;1014,34;-200,0;10,2;843,22;153,0;2020,23;-200,0;1245,76;696,78;7,35;72,35;0,5736
30/03/2005;02.00.00;-200,0;1183,93;-200,0;6,4;668,87;-200,0;2032,55;81,0;1458,94;798,41;6,92;74,83;0,6373
30/03/2005;03.00.00;1,4;1197,73;-200,0;14,3;1017,89;-200,0;1921,12;41,0;1280,11;559,88;10,1;68,94;0,6409
30/03/2005;04.00.00;2,5;1368,8;-200,0;10,2;811,96;349,0;1777,12;76,0;1331,19;833,78;8,93;70,48;0,5692
30/03/2005;05.00.00;2,0;1332,98;-200,0;8,7;800,59;262,0;1884,46;92,0;1576,1;824,26;9,15;76,34;0,679
30/03/2005;06.00.00;2,5;1444,56;-200,0;14,2;1005,95;-200,0;1842,98;209,0;1928,61;1560,86;7,67;61,22;0,5006
30/03/2005;07.00.00;4,0;1808,4;-200,0;8,6;772,22;264,0;1826,98;181,0;1983,29;1366,03;12,28;73,72;0,7949
30/03/2005;08.00.00;4,0;1828,43;-200,0;10,3;840,75;1479,0;607,6;-200,0;2522,63;2118,6;13,34;55,01;0,7009
30/03/2005;09.00.00;-200,0;2040,0;-200,0;25,0;1408,01;303,0;1558,01;186,0;1995,5;1452,96;16,05;48,18;0,6982
30/03/2005;10.00.00;4,1;1914,24;-200,0;17,0;1085,55;531,0;1564,1;168,0;1807,9;1230,25;16,17;50,08;0,6176
30/03/2005;11.00.00;3,5;1791,03;-200,0;24,9;1433,9;246,0;1857,95;101,0;1637,21;947,65;16,97;56,12;0,8871
30/03/2005;12.00.00;2,0;1326,64;-200,0;5,8;655,99;391,0;1712,47;79,0;1311,45;723,66;20,63;31,79;0,4328
30/03/2005;13.00.00;1,9;1258,71;-200,0;10,2;853,91;-200,0;2016,7;73,0;1396,06;812,31;16,44;37,78;0,6361
30/03/2005;14.00.00;-200,0;1490,32;-200,0;10,5;851,59;-200,0;1743,2;74,0;1448,79;736,9;20,64;39,07;0,6865
30/03/2005;15.00.00;2,3;1462,19;-200,0;8,9;777,57;-200,0;1916,25;168,0;1840,49;1290,16;16,4;36,24;0,4961
30/03/2005;16.00.00;1,3;1144,3;-200,0;13,8;960,52;211,0;1974,12;99,0;1544,98;966,3;17,89;38,6;0,5859
30/03/2005;17.00.00;2,9;1555,83;-200,0;10,5;841,65;-200,0;1702,94;-200,0;1493,74;832,22;16,64;34,9;0,5133
30/03/2005;18.00.00;-200,0;2030,18;-200,0;26,5;1494,61;414,0;1595,9;179,0;1855,06;1343,58;19,84;38,35;0,6564
30/03/2005;19.00.00;-200,0;1929,94;-200,0;27,4;1536,51;525,0;1572,25;336,0;2608,3;2190,91;17,11;44,33;0,6388
30/03/2005;20.00.00;4,3;1946,94;-200,0;28,8;1582,7;684,0;1358,74;162,0;1810,33;1243,91;16,01;43,77;0,6617
30/03/2005;21.00.00;2,4;1416,3;-200,0;9,6;828,56;149,0;1914,64;208,0;1969,83;1569,79;12,53;53,85;0,6211
30/03/2005;22.00.00;0,7;900,55;-200,0;4,3;601,03;119,0;1937,85;105,0;1513,28;941,18;12,85;56,79;0,5897
30/03/2005;23.00.00;0,8;980,12;-200,0;3,9;584,69;207,0;2017,73;53,0;1323,77;627,28;10,71;60,73;0,6337
31/03/2005;00.00.00;1,7;1251,89;-200,0;3,2;577,66;103,0;2002,87;44,0;1326,59;544,52;12,17;68,16;0,76
31/03/2005;01.00.00;1,2;1116,77;-200,0;4,4;612,95;99,0;1986,93;46,0;1239,79;587,42;8,63;60,31;0,4917
31/03/2005;02.00.00;1,6;1238,75;-200,0;5,5;656,66;88,0;2069,68;75,0;1458,49;754,92;12,77;70,07;0,8226
31/03/2005;03.00.00;1,6;1177,56;-200,0;5,0;659,18;107,0;2104,72;91,0;1585,67;819,23;6,59;83,41;0,6212
31/03/2005;04.00.00;1,4;1072,87;-200,0;8,0;751,76;302,0;1862,41;137,0;1674,27;1139,56;8,5;65,78;0,5503
31/03/2005;05.00.00;1,7;1260,64;-200,0;5,8;678,04;164,0;1887,76;113,0;1695,08;938,82;13,96;75,84;0,8999
31/03/2005;06.00.00;2,7;1459,66;-200,0;11,0;863,09;418,0;1659,51;-200,0;1530,52;919,18;10,53;66,83;0,5278
31/03/2005;07.00.00;3,9;1832,33;-200,0;13,7;980,93;298,0;1805,09;283,0;2251,64;1868,84;9,81;59,81;0,5287
31/03/2005;08.00.00;-200,0;2040,0;-200,0;21,5;1304,68;590,0;1264,81;-200,0;2478,37;2129,04;14,08;51,88;0,6644
31/03/2005;09.00.00;-200,0;1854,81;-200,0;26,2;1483,18;608,0;1411,13;199,0;1981,52;1562,49;13,99;54,53;0,6558
31/03/2005;10.00.00;6,2;2040,0;-200,0;14,4;1010,53;-200,0;1750,41;-200,0;1909,6;1444,97;14,56;56,44;0,6399
31/03/2005;11.00.00;1,9;1297,33;-200,0;8,8;766,81;324,0;1792,32;162,0;1752,25;1186,48;15,25;42,88;0,6062
31/03/2005;12.00.00;2,5;1481,34;-200,0;7,6;734,64;103,0;1990,42;119,0;1693,72;974,75;24,01;40,7;0,8711
31/03/2005;13.00.00;2,1;1334,04;-200,0;13,0;938,73;215,0;1897,69;71,0;1410,3;654,66;18,76;43,29;0,6345
31/03/2005;14.00.00;1,7;1263,73;-200,0;13,1;958,8;244,0;1938,35;95,0;1469,47;891,51;15,92;38,15;0,6272
31/03/2005;15.00.00;1,8;1233,74;-200,0;6,4;664,21;-200,0;1989,82;70,0;1385,12;712,56;22,93;27,97;0,5197
31/03/2005;16.00.00;1,6;1232,23;-200,0;8,5;746,18;252,0;1812,57;103,0;1598,4;945,02;20,99;36,94;0,7201
31/03/2005;17.00.00;3,8;1787,94;-200,0;6,9;688,81;-200,0;1606,5;97,0;1510,92;848,56;17,74;45,8;0,6538
31/03/2005;18.00.00;-200,0;1574,12;-200,0;17,9;1155,17;573,0;1514,13;-200,0;1783,92;1305,0;16,61;40,92;0,5848
31/03/2005;19.00.00;4,9;2040,0;-200,0;12,7;955,46;347,0;1684,19;340,0;2501,15;2264,74;18,78;31,12;0,4555
31/03/2005;20.00.00;4,8;2040,0;-200,0;15,3;1056,13;-200,0;1485,78;176,0;1840,22;1339,64;15,74;51,11;0,6232
31/03/2005;21.00.00;4,0;1861,78;-200,0;17,5;1109,96;148,0;1926,42;184,0;1935,18;1350,82;11,09;52,84;0,5576
31/03/2005;22.00.00;2,2;1417,58;-200,0;-200,0;575,68;125,0;2058,1;-200,0;1527,35;866,79;17,22;49,34;0,7433
31/03/2005;23.00.00;1,5;1152,56;-200,0;3,5;561,01;-200,0;1978,35;38,0;1234,27;566,38;11,57;54,43;0,6217
01/04/2005;00.00.00;1,0;1048,07;-200,0;3,4;556,82;-200,0;2060,22;39,0;1374,0;553,91;14,59;71,18;0,8883
01/04/2005;01.00.00;1,0;1056,36;-200,0;2,9;556,02;76,0;2064,66;48,0;1390,93;631,2;13,36;65,5;0,8705
01/04/2005;02.00.00;1,0;953,51;-200,0;-200,0;781,69;132,0;1999,85;140,0;1733,33;1039,38;8,31;66,43;0,5734
01/04/2005;03.00.00;1,1;975,71;-200,0;7,9;740,0;243,0;1902,77;74,0;1570,15;738,08;12,2;71,4;0,7987
01/04/2005;04.00.00;1,8;1223,11;-200,0;15,8;1041,26;132,0;2034,44;94,0;1439,41;934,65;9,01;67,74;0,5294
01/04/2005;05.00.00;1,5;1093,69;-200,0;6,2;684,38;93,0;2053,45;125,0;1543,76;1092,4;7,07;69,67;0,5117
01/04/2005;06.00.00;3,7;1788,54;-200,0;5,8;650,36;371,0;1677,73;147,0;1800,25;1196,97;10,75;65,29;0,6692
01/04/2005;07.00.00;2,7;1510,53;-200,0;23,5;1362,15;301,0;1890,28;239,0;2198,15;1602,67;13,43;56,58;0,6546
01/04/2005;08.00.00;4,6;1932,46;-200,0;19,5;1175,94;474,0;1550,27;207,0;2070,81;1519,59;12,92;55,68;0,6374
01/04/2005;09.00.00;4,1;1868,41;-200,0;18,8;1199,48;658,0;1427,99;169,0;1862,05;1271,72;14,52;55,79;0,6538
01/04/2005;10.00.00;2,1;1353,73;-200,0;29,4;1636,6;472,0;1664,0;-200,0;1688,94;1182,91;18,72;49,13;0,7933
01/04/2005;11.00.00;3,7;1829,6;-200,0;12,6;933,31;-200,0;1528,99;-200,0;1418,61;823,59;17,85;44,17;0,6781
01/04/2005;12.00.00;2,7;1491,7;-200,0;13,7;979,48;226,0;1863,66;91,0;1586,39;919,65;16,99;50,54;0,6714
01/04/2005;13.00.00;2,6;1434,82;-200,0;6,9;723,07;229,0;1853,09;30,0;1286,4;508,19;20,87;41,64;0,7892
01/04/2005;14.00.00;2,2;1307,98;-200,0;6,1;685,25;99,0;1997,01;113,0;1558,48;989,99;20,36;40,45;0,6289
01/04/2005;15.00.00;1,3;1077,88;-200,0;6,7;690,8;251,0;1998,17;104,0;1398,02;1007,95;15,09;34,75;0,4572
01/04/2005;16.00.00;1,5;1160,14;-200,0;-200,0;893,27;171,0;1947,72;73,0;1493,48;854,06;20,82;37,29;0,7644
01/04/2005;17.00.00;3,2;1646,8;-200,0;13,4;968,26;1366,0;777,39;94,0;1522,71;942,21;20,25;35,83;0,6624
01/04/2005;18.00.00;-200,0;2040,0;-200,0;22,9;1346,54;480,0;1516,11;340,0;2618,37;2177,43;18,71;44,74;0,7503
01/04/2005;19.00.00;5,0;2040,0;-200,0;-200,0;764,18;725,0;1277,2;328,0;2547,33;2144,94;19,42;44,03;0,6904
01/04/2005;20.00.00;5,2;2040,0;-200,0;8,9;778,4;-200,0;1324,65;185,0;1931,61;1452,7;15,09;50,03;0,7331
01/04/2005;21.00.00;-200,0;1321,73;-200,0;-200,0;661,27;293,0;1852,7;103,0;1642,52;925,27;15,81;54,38;0,801
01/04/2005;22.00.00;2,3;1394,99;-200,0;5,8;687,15;194,0;1924,79;76,0;1448,54;745,34;10,71;58,15;0,5291
01/04/2005;23.00.00;1,1;1027,7;-200,0;2,9;548,14;283,0;1910,72;35,0;1339,46;557,59;13,45;77,27;0,877
02/04/2005;00.00.00;1,2;1131,98;-200,0;8,1;757,14;67,0;2013,56;-200,0;1513,79;631,35;15,71;62,72;0,9021
02/04/2005;01.00.00;1,1;1057,96;-200,0;4,7;610,51;42,0;2190,74;37,0;1267,82;572,27;9,02;65,54;0,6681
02/04/2005;02.00.00;1,8;1251,78;-200,0;5,9;656,84;72,0;2061,58;-200,0;1161,33;526,94;8,99;74,18;0,5902
02/04/2005;03.00.00;2,0;1253,73;-200,0;4,0;613,71;218,0;1958,93;-200,0;1340,13;619,57;8,92;68,35;0,5491
02/04/2005;04.00.00;0,9;982,06;-200,0;4,4;601,04;134,0;2144,42;55,0;1369,83;670,44;10,77;69,26;0,6758
02/04/2005;05.00.00;2,7;1508,64;-200,0;13,6;969,27;499,0;1609,6;151,0;1735,02;1185,69;8,88;63,48;0,4468
02/04/2005;06.00.00;4,7;2040,0;-200,0;18,4;1165,45;325,0;1663,82;-200,0;1956,92;1338,82;12,65;68,51;0,7607
02/04/2005;07.00.00;2,5;1489,32;-200,0;15,6;1036,94;270,0;1827,81;-200,0;1750,95;963,1;14,53;64,85;0,8671
02/04/2005;08.00.00;3,5;1698,22;-200,0;8,3;755,53;353,0;1717,93;191,0;1964,67;1445,67;15,11;56,41;0,6561
02/04/2005;09.00.00;5,6;2040,0;-200,0;15,3;1042,03;408,0;1595,33;160,0;1814,74;1265,08;11,8;56,9;0,6051
02/04/2005;10.00.00;2,9;1541,54;-200,0;15,3;1064,66;153,0;1996,88;270,0;2256,2;1812,48;18,62;39,38;0,5983
02/04/2005;11.00.00;2,1;1402,4;-200,0;8,9;769,44;282,0;1847,64;61,0;1459,3;653,26;19,71;40,79;0,7751
02/04/2005;12.00.00;3,5;1827,03;-200,0;3,6;592,63;271,0;1857,71;-200,0;1573,2;999,43;20,53;39,75;0,6801
02/04/2005;13.00.00;1,1;1079,42;-200,0;14,8;1029,34;121,0;2095,64;124,0;1675,52;1051,95;20,41;31,88;0,6402
02/04/2005;14.00.00;1,2;1043,3;-200,0;4,9;619,1;86,0;2076,75;64,0;1352,56;679,27;20,61;27,2;0,457
02/04/2005;15.00.00;1,8;1253,45;-200,0;3,9;577,38;-200,0;1955,7;75,0;1457,24;866,51;22,4;33,79;0,7097
02/04/2005;16.00.00;1,0;938,56;-200,0;7,4;759,78;284,0;1931,3;-200,0;1752,56;1081,99;24,02;39,41;0,8709
02/04/2005;17.00.00;2,0;1237,2;-200,0;-200,0;1114,74;-200,0;1774,93;84,0;1532,34;899,91;17,76;44,15;0,6615
02/04/2005;18.00.00;2,8;1523,53;-200,0;18,7;1181,29;456,0;1645,8;208,0;1992,59;1533,42;21,03;37,86;0,6552
02/04/2005;19.00.00;5,0;2040,0;-200,0;10,7;861,61;956,0;1046,02;118,0;1667,95;1007,41;17,67;47,99;0,7386
02/04/2005;20.00.00;3,9;1803,2;-200,0;-200,0;785,17;196,0;1855,99;98,0;1489,71;893,29;16,37;51,85;0,7002
02/04/2005;21.00.00;-200,0;1066,68;-200,0;4,1;583,04;224,0;1962,99;139,0;1694,72;1107,87;12,27;59,42;0,6091
02/04/2005;22.00.00;1,1;1045,07;-200,0;5,1;663,31;170,0;1940,01;48,0;1381,07;645,18;13,48;56,23;0,7301
02/04/2005;23.00.00;0,9;950,28;-200,0;3,6;606,31;131,0;1985,53;-200,0;1215,64;692,3;10,84;53,33;0,5558
03/04/2005;00.00.00;-200,0;1052,92;-200,0;4,5;608,5;104,0;2203,84;-200,0;1211,31;389,44;11,08;66,15;0,6973
03/04/2005;01.00.00;0,7;891,62;-200,0;3,1;570,19;114,0;2010,84;51,0;1221,73;589,4;9,01;63,59;0,5414
03/04/2005;02.00.00;1,3;1143,98;-200,0;6,4;677,75;167,0;1955,36;30,0;1243,39;496,14;9,81;66,84;0,6112
03/04/2005;03.00.00;1,0;1023,5;-200,0;6,2;663,62;150,0;2091,74;84,0;1481,81;740,32;9,73;69,57;0,6299
03/04/2005;04.00.00;1,6;1255,19;-200,0;4,0;587,12;75,0;2020,45;78,0;1514,6;799,28;10,9;68,77;0,7008
03/04/2005;05.00.00;1,4;1119,85;-200,0;-200,0;707,96;114,0;1988,84;55,0;1356,51;605,18;7,98;69,37;0,6048
03/04/2005;06.00.00;1,2;1019,63;-200,0;11,6;892,74;-200,0;2115,59;44,0;1250,75;672,01;9,11;69,32;0,6139
03/04/2005;07.00.00;3,4;1692,47;-200,0;6,7;708,52;379,0;1618,92;101,0;1552,63;911,15;13,76;60,24;0,6762
03/04/2005;08.00.00;-200,0;1983,2;-200,0;11,7;907,99;558,0;1470,68;125,0;1664,73;1068,65;12,65;59,71;0,7005
03/04/2005;09.00.00;-200,0;1636,93;-200,0;11,7;901,43;203,0;1917,69;119,0;1753,38;1066,02;17,69;53,15;0,8028
03/04/2005;10.00.00;-200,0;1337,46;-200,0;8,6;760,79;217,0;1983,2;-200,0;1830,93;1226,27;17,29;53,09;0,7091
03/04/2005;11.00.00;-200,0;1058,19;-200,0;9,9;825,46;86,0;2094,69;121,0;1655,57;1039,75;19,25;43,13;0,6065
03/04/2005;12.00.00;2,2;1367,52;-200,0;8,7;765,28;141,0;2001,39;80,0;1544,64;790,9;21,9;39,95;0,7857
03/04/2005;13.00.00;-200,0;1275,56;-200,0;6,7;695,24;-200,0;2042,94;105,0;1496,83;927,88;19,25;35,61;0,5474
03/04/2005;14.00.00;1,0;1054,86;-200,0;6,1;679,85;75,0;2147,45;25,0;1143,98;463,36;19,22;34,88;0,5972
03/04/2005;15.00.00;1,0;1032,58;-200,0;4,2;561,44;117,0;2106,52;54,0;1320,54;699,7;22,28;31,16;0,5759
03/04/2005;16.00.00;1,7;1212,88;-200,0;6,6;713,32;303,0;1865,86;59,0;1391,67;713,66;21,39;31,27;0,5926
03/04/2005;17.00.00;1,2;1094,95;-200,0;4,9;624,8;280,0;1894,37;117,0;1644,44;1106,89;19,5;41,36;0,675
03/04/2005;18.00.00;1,9;1306,48;-200,0;28,4;1580,46;261,0;1832,52;111,0;1593,46;1042,54;21,86;34,93;0,76
03/04/2005;19.00.00;1,8;1274,21;-200,0;20,9;1259,09;-200,0;1783,08;165,0;1874,0;1308,36;17,62;42,48;0,685
03/04/2005;20.00.00;1,6;1191,09;-200,0;15,3;1047,01;-200,0;1470,07;101,0;1610,92;950,8;16,9;53,49;0,8365
03/04/2005;21.00.00;1,3;1055,49;-200,0;8,4;792,26;298,0;1856,44;-200,0;1328,73;688,48;15,58;51,31;0,6826
03/04/2005;22.00.00;1,6;1185,64;-200,0;5,4;632,57;90,0;1998,29;69,0;1496,42;799,48;12,38;61,88;0,716
03/04/2005;23.00.00;0,6;891,64;-200,0;2,0;504,95;94,0;2052,51;-200,0;1269,36;584,23;13,2;59,12;0,6829
04/04/2005;00.00.00;1,4;1193,98;-200,0;2,9;560,31;69,0;2131,68;60,0;1501,44;580,78;15,0;60,29;0,8463
04/04/2005;01.00.00;1,5;1146,41;-200,0;3,5;535,85;126,0;2061,33;41,0;1334,55;515,39;12,3;60,44;0,6525
04/04/2005;02.00.00;2,1;1340,83;-200,0;6,3;673,41;203,0;1896,07;87,0;1520,3;831,04;10,98;76,77;0,6971
04/04/2005;03.00.00;1,8;1230,13;-200,0;6,3;690,5;263,0;1860,71;56,0;1255,11;594,3;10,42;65,14;0,5284
04/04/2005;04.00.00;1,6;1232,44;-200,0;10,7;851,56;150,0;2094,84;153,0;1916,17;1161,0;11,57;73,94;0,8505
04/04/2005;05.00.00;1,5;1161,72;-200,0;-200,0;686,26;346,0;1774,12;92,0;1512,56;905,76;12,91;63,41;0,7389
04/04/2005;06.00.00;3,4;1700,02;-200,0;16,5;1107,66;311,0;1800,69;108,0;1676,17;1021,88;13,43;72,14;0,8668
04/04/2005;07.00.00;3,9;1829,55;-200,0;11,9;926,85;390,0;1740,96;-200,0;2256,12;1713,18;12,58;72,86;0,8791
04/04/2005;08.00.00;3,7;1776,92;-200,0;18,8;1163,92;1360,0;770,55;-200,0;2102,1;1734,44;15,1;49,05;0,5499
04/04/2005;09.00.00;6,1;2040,0;-200,0;31,1;1680,59;527,0;1475,51;306,0;2480,1;2125,51;16,7;47,4;0,6555
04/04/2005;10.00.00;2,9;1562,92;-200,0;20,1;1217,26;282,0;1739,69;166,0;1773,2;1338,48;15,02;52,03;0,656
04/04/2005;11.00.00;2,5;1491,75;-200,0;7,3;724,36;-200,0;1862,26;163,0;1852,44;1277,41;18,58;46,39;0,7743
04/04/2005;12.00.00;-200,0;1199,36;-200,0;14,4;1013,56;334,0;1822,63;104,0;1469,86;980,53;14,96;43,98;0,5275
04/04/2005;13.00.00;2,3;1399,25;-200,0;9,0;773,83;145,0;2034,18;128,0;1652,86;1151,43;21,04;34,36;0,5707
04/04/2005;14.00.00;1,3;1112,59;-200,0;3,5;589,44;282,0;1857,0;129,0;1773,41;1052,32;21,89;45,37;0,8146
